. 2025-12-16 17:01:12.579 --------------------------------------------------------------------------
. 2025-12-16 17:01:12.592 WinSCP Versie 6.5.5 (Build 16453 2025-11-19) (OS 10.0.26100 – Windows 11 Pro)
. 2025-12-16 17:01:12.592 Configuration: HKCU\Software\Martin Prikryl\WinSCP 2\
. 2025-12-16 17:01:12.592 Log level: Normal
. 2025-12-16 17:01:12.592 Local account: DESKTOP-U2AII26\Gebruiker
. 2025-12-16 17:01:12.592 Working directory: D:\busineshuboffline CHATGTP\TOGETHERSYSTEMS- GITHUB\Nieuwe map (3)
. 2025-12-16 17:01:12.592 Process ID: 26900
. 2025-12-16 17:01:12.804 Ancestor processes: WinSCP, pwsh, Code, Code, ...
. 2025-12-16 17:01:12.806 Command-line: "D:\Program Files (x86)\WinSCP\WinSCP.exe" /console=6.5.5 /consoleinstance=_51948_947 "/script=winscp_deploy_clean.txt" "/log=deployment_clean.log" 
. 2025-12-16 17:01:12.806 Time zone: Current: GMT+1, Standard: GMT+1 (West-Europa (standaardtijd)), DST: GMT+2 (West-Europa (zomertijd)), DST Start: 30/03/2025, DST End: 26/10/2025
. 2025-12-16 17:01:12.806 Login time: Tuesday, 16 December 2025 17:01:12
. 2025-12-16 17:01:12.806 --------------------------------------------------------------------------
. 2025-12-16 17:01:12.806 Script: Retrospectively logging previous script records:
> 2025-12-16 17:01:12.806 Script: option batch abort
< 2025-12-16 17:01:12.806 Script: batch           abort     
> 2025-12-16 17:01:12.806 Script: option confirm off
< 2025-12-16 17:01:12.806 Script: confirm         off       
> 2025-12-16 17:01:12.806 Script: open sftp://u972026836:***@45.87.81.214:65002
. 2025-12-16 17:01:12.806 --------------------------------------------------------------------------
. 2025-12-16 17:01:12.806 Session name: u972026836@45.87.81.214 (Ad-Hoc site)
. 2025-12-16 17:01:12.806 Host name: 45.87.81.214 (Port: 65002)
. 2025-12-16 17:01:12.806 User name: u972026836 (Password: Yes, Key file: No, Passphrase: No)
. 2025-12-16 17:01:12.806 Tunnel: No
. 2025-12-16 17:01:12.806 Transfer Protocol: SFTP
. 2025-12-16 17:01:12.806 Ping type: Off, Ping interval: 30 sec; Timeout: 15 sec
. 2025-12-16 17:01:12.806 Disable Nagle: No
. 2025-12-16 17:01:12.806 Proxy: None
. 2025-12-16 17:01:12.806 Send buffer: 262144
. 2025-12-16 17:01:12.806 Compression: No
. 2025-12-16 17:01:12.806 Bypass authentication: No
. 2025-12-16 17:01:12.806 Try agent: Yes; Agent forwarding: No; KI: Yes; GSSAPI: Yes
. 2025-12-16 17:01:12.806 GSSAPI: KEX: No; Forwarding: No; Libs: gssapi32,sspi,custom; Custom: 
. 2025-12-16 17:01:12.808 Ciphers: aes,chacha20,aesgcm,3des,WARN,des,blowfish,arcfour; Ssh2DES: No
. 2025-12-16 17:01:12.808 KEX: ntru-curve25519,mlkem-curve25519,mlkem-nist,ecdh,dh-gex-sha1,dh-group18-sha512,dh-group17-sha512,dh-group16-sha512,dh-group15-sha512,dh-group14-sha1,rsa,WARN,dh-group1-sha1
. 2025-12-16 17:01:12.808 SSH Bugs: Auto,Auto,Auto,Auto,Auto,Auto,Auto,Auto,Auto,Auto
. 2025-12-16 17:01:12.808 Simple channel: Yes
. 2025-12-16 17:01:12.808 Return code variable: Autodetect; Lookup user groups: Auto
. 2025-12-16 17:01:12.808 Shell: default
. 2025-12-16 17:01:12.808 EOL: LF, UTF: Auto
. 2025-12-16 17:01:12.808 Clear aliases: Yes, Unset nat.vars: Yes, Resolve symlinks: Yes; Follow directory symlinks: No
. 2025-12-16 17:01:12.808 LS: ls -la, Ign LS warn: Yes, Scp1 Comp: No; Exit code 1 is error: No
. 2025-12-16 17:01:12.808 SFTP Bugs: Auto,Auto
. 2025-12-16 17:01:12.808 SFTP Server: default
. 2025-12-16 17:01:12.808 Local directory: default, Remote directory: home, Update: Yes, Cache: Yes
. 2025-12-16 17:01:12.808 Cache directory changes: Yes, Permanent: Yes
. 2025-12-16 17:01:12.808 Recycle bin: Delete to: No, Overwritten to: No, Bin path: 
. 2025-12-16 17:01:12.808 DST mode: Unix
. 2025-12-16 17:01:12.808 --------------------------------------------------------------------------
< 2025-12-16 17:01:12.808 Script: Bezig met zoeken naar doelcomputer...
. 2025-12-16 17:01:12.814 Looking up host "45.87.81.214" for SSH connection
. 2025-12-16 17:01:12.817 Connecting to 45.87.81.214 port 65002
. 2025-12-16 17:01:12.827 Connected to 45.87.81.214 (from 192.168.1.181:52308)
< 2025-12-16 17:01:12.829 Script: Bezig met verbinding maken met doelcomputer...
. 2025-12-16 17:01:12.842 We claim version: SSH-2.0-WinSCP_release_6.5.5
. 2025-12-16 17:01:12.842 Connected to 45.87.81.214 (from 192.168.1.181:52308)
. 2025-12-16 17:01:12.870 Remote version: SSH-2.0-OpenSSH_8.7
. 2025-12-16 17:01:12.870 Using SSH protocol version 2
. 2025-12-16 17:01:12.871 Have a known host key of type ssh-ed25519
. 2025-12-16 17:01:12.882 Enabling strict key exchange semantics
. 2025-12-16 17:01:12.886 Doing ECDH key exchange with curve Curve25519, using hash SHA-256
. 2025-12-16 17:01:13.065 Server also has ecdsa-sha2-nistp256/rsa-sha2-512/rsa-sha2-256/ssh-rsa host keys, but we don't know any of them
. 2025-12-16 17:01:13.065 Host key fingerprint is:
. 2025-12-16 17:01:13.065 ssh-ed25519 255 SHA256:4mfb2c67Lhi/idZu+pyYocKONELisV4IInwlFdR8t98
< 2025-12-16 17:01:13.067 Script: Bezig met authenticatie...
. 2025-12-16 17:01:13.075 Host key matches cached key
. 2025-12-16 17:01:13.077 Initialised AES-256 SDCTR (AES-NI accelerated) [aes256-ctr] outbound encryption
. 2025-12-16 17:01:13.077 Initialised HMAC-SHA-256 outbound MAC algorithm
. 2025-12-16 17:01:13.077 Initialised AES-256 SDCTR (AES-NI accelerated) [aes256-ctr] inbound encryption
. 2025-12-16 17:01:13.077 Initialised HMAC-SHA-256 inbound MAC algorithm
! 2025-12-16 17:01:13.106 Using username "u972026836".
< 2025-12-16 17:01:13.106 Script: Met gebruikersnaam "u972026836".
. 2025-12-16 17:01:13.122 Server offered these authentication methods: publickey,password
. 2025-12-16 17:01:13.122 Prompt (password, "SSH password", <no instructions>, "&Wachtwoord: ")
. 2025-12-16 17:01:13.122 Using stored password.
< 2025-12-16 17:01:13.122 Script: Authenticatie met vooraf ingevoerd wachtwoord.
. 2025-12-16 17:01:13.128 Sent password
. 2025-12-16 17:01:13.160 Access granted
. 2025-12-16 17:01:13.161 Opening main session channel
. 2025-12-16 17:01:13.256 Opened main channel
. 2025-12-16 17:01:13.267 Started a shell/command
< 2025-12-16 17:01:13.267 Script: Authenticatie voltooid.
. 2025-12-16 17:01:13.295 --------------------------------------------------------------------------
. 2025-12-16 17:01:13.296 Using SFTP protocol.
. 2025-12-16 17:01:13.296 Doing startup conversation with host.
< 2025-12-16 17:01:13.296 Script: Bezig met starten van sessie...
. 2025-12-16 17:01:13.313 Well known server, allowing SFTP version 6.
> 2025-12-16 17:01:13.313 Type: SSH_FXP_INIT, Size: 5, Number: -1
< 2025-12-16 17:01:13.325 Type: SSH_FXP_VERSION, Size: 238, Number: -1
. 2025-12-16 17:01:13.325 SFTP version 3 negotiated.
. 2025-12-16 17:01:13.325 Supports extension posix-rename@openssh.com="1"
. 2025-12-16 17:01:13.325 Supports statvfs@openssh.com extension version 2
. 2025-12-16 17:01:13.325 Unknown server extension fstatvfs@openssh.com="2"
. 2025-12-16 17:01:13.325 Supports hardlink@openssh.com extension version 1
. 2025-12-16 17:01:13.325 Unknown server extension fsync@openssh.com="1"
. 2025-12-16 17:01:13.325 Unknown server extension lsetstat@openssh.com="1"
. 2025-12-16 17:01:13.325 Supports limits@openssh.com extension version 1
. 2025-12-16 17:01:13.325 Unknown server extension expand-path@openssh.com="1"
. 2025-12-16 17:01:13.325 We believe the server has signed timestamps bug
. 2025-12-16 17:01:13.325 We will use UTF-8 strings until server sends an invalid UTF-8 string as with SFTP version 3 and older UTF-8 strings are not mandatory
> 2025-12-16 17:01:13.325 Type: SSH_FXP_EXTENDED, Size: 27, Number: 200
< 2025-12-16 17:01:13.338 Type: SSH_FXP_EXTENDED_REPLY, Size: 37, Number: 200
. 2025-12-16 17:01:13.338 Limiting packet size to server's limit of 262144 + 4 bytes
. 2025-12-16 17:01:13.338 Getting current directory name.
. 2025-12-16 17:01:13.338 Getting real path for '.'
> 2025-12-16 17:01:13.338 Type: SSH_FXP_REALPATH, Size: 10, Number: 272
< 2025-12-16 17:01:13.347 Type: SSH_FXP_NAME, Size: 53, Number: 272
. 2025-12-16 17:01:13.347 Real path is '/home/u972026836'
. 2025-12-16 17:01:13.347 Startup conversation with host finished.
< 2025-12-16 17:01:13.347 Script: Sessie gestart.
< 2025-12-16 17:01:13.410 Script: Actieve sessie: [1] u972026836@45.87.81.214
> 2025-12-16 17:01:13.446 Script: option transfer binary
< 2025-12-16 17:01:13.446 Script: transfer        binary    
> 2025-12-16 17:01:13.547 Script: cd /home/u972026836/domains/digitalnotar.in/public_html
. 2025-12-16 17:01:13.547 Changing directory to "/home/u972026836/domains/digitalnotar.in/public_html".
. 2025-12-16 17:01:13.547 Getting real path for '/home/u972026836/domains/digitalnotar.in/public_html'
> 2025-12-16 17:01:13.547 Type: SSH_FXP_REALPATH, Size: 61, Number: 528
< 2025-12-16 17:01:13.555 Type: SSH_FXP_NAME, Size: 125, Number: 528
. 2025-12-16 17:01:13.555 Real path is '/home/u972026836/domains/digitalnotar.in/public_html'
. 2025-12-16 17:01:13.556 Trying to open directory "/home/u972026836/domains/digitalnotar.in/public_html".
> 2025-12-16 17:01:13.556 Type: SSH_FXP_LSTAT, Size: 61, Number: 775
< 2025-12-16 17:01:13.570 Type: SSH_FXP_ATTRS, Size: 37, Number: 775
. 2025-12-16 17:01:13.571 Getting current directory name.
< 2025-12-16 17:01:13.571 Script: /home/u972026836/domains/digitalnotar.in/public_html
> 2025-12-16 17:01:13.578 Script: call rm -rf *
< 2025-12-16 17:01:13.578 [Shell] Script: Bezig met zoeken naar doelcomputer...
. 2025-12-16 17:01:13.581 [Shell] Looking up host "45.87.81.214" for SSH connection
. 2025-12-16 17:01:13.581 [Shell] Connecting to 45.87.81.214 port 65002
. 2025-12-16 17:01:13.597 [Shell] Connected to 45.87.81.214 (from 192.168.1.181:52311)
< 2025-12-16 17:01:13.597 [Shell] Script: Bezig met verbinding maken met doelcomputer...
. 2025-12-16 17:01:13.612 [Shell] We claim version: SSH-2.0-WinSCP_release_6.5.5
. 2025-12-16 17:01:13.612 [Shell] Connected to 45.87.81.214 (from 192.168.1.181:52311)
. 2025-12-16 17:01:13.638 [Shell] Remote version: SSH-2.0-OpenSSH_8.7
. 2025-12-16 17:01:13.640 [Shell] Using SSH protocol version 2
. 2025-12-16 17:01:13.641 [Shell] Have a known host key of type ssh-ed25519
. 2025-12-16 17:01:13.655 [Shell] Enabling strict key exchange semantics
. 2025-12-16 17:01:13.658 [Shell] Doing ECDH key exchange with curve Curve25519, using hash SHA-256
. 2025-12-16 17:01:13.836 [Shell] Server also has ecdsa-sha2-nistp256/rsa-sha2-512/rsa-sha2-256/ssh-rsa host keys, but we don't know any of them
. 2025-12-16 17:01:13.837 [Shell] Host key fingerprint is:
. 2025-12-16 17:01:13.837 [Shell] ssh-ed25519 255 SHA256:4mfb2c67Lhi/idZu+pyYocKONELisV4IInwlFdR8t98
< 2025-12-16 17:01:13.837 [Shell] Script: Bezig met authenticatie...
. 2025-12-16 17:01:13.843 [Shell] Host key matches cached key
. 2025-12-16 17:01:13.843 [Shell] Initialised AES-256 SDCTR (AES-NI accelerated) [aes256-ctr] outbound encryption
. 2025-12-16 17:01:13.843 [Shell] Initialised HMAC-SHA-256 outbound MAC algorithm
. 2025-12-16 17:01:13.843 [Shell] Initialised AES-256 SDCTR (AES-NI accelerated) [aes256-ctr] inbound encryption
. 2025-12-16 17:01:13.843 [Shell] Initialised HMAC-SHA-256 inbound MAC algorithm
! 2025-12-16 17:01:13.855 [Shell] Using username "u972026836".
< 2025-12-16 17:01:13.855 [Shell] Script: Met gebruikersnaam "u972026836".
. 2025-12-16 17:01:13.876 [Shell] Server offered these authentication methods: publickey,password
. 2025-12-16 17:01:13.877 [Shell] Prompt (password, "SSH password", <no instructions>, "&Wachtwoord: ")
. 2025-12-16 17:01:13.877 [Shell] Using stored password.
< 2025-12-16 17:01:13.877 [Shell] Script: Authenticatie met vooraf ingevoerd wachtwoord.
. 2025-12-16 17:01:13.880 [Shell] Sent password
. 2025-12-16 17:01:13.911 [Shell] Access granted
. 2025-12-16 17:01:13.912 [Shell] Opening main session channel
. 2025-12-16 17:01:13.995 [Shell] Opened main channel
. 2025-12-16 17:01:14.006 [Shell] Started a shell/command
< 2025-12-16 17:01:14.006 [Shell] Script: Authenticatie voltooid.
. 2025-12-16 17:01:14.012 [Shell] --------------------------------------------------------------------------
. 2025-12-16 17:01:14.012 [Shell] Using SCP protocol.
. 2025-12-16 17:01:14.012 [Shell] Doing startup conversation with host.
< 2025-12-16 17:01:14.012 [Shell] Script: Bezig met starten van sessie...
. 2025-12-16 17:01:14.014 [Shell] Skipping host startup message (if any).
> 2025-12-16 17:01:14.014 [Shell] echo "WinSCP: this is end-of-file:0"
< 2025-12-16 17:01:14.104 [Shell] WinSCP: this is end-of-file:0
. 2025-12-16 17:01:14.104 [Shell] Detecting variable containing return code of last command.
. 2025-12-16 17:01:14.106 [Shell] Trying "$status".
> 2025-12-16 17:01:14.106 [Shell] echo "$status" ; echo "WinSCP: this is end-of-file:0"
< 2025-12-16 17:01:14.118 [Shell] WinSCP: this is end-of-file:0
. 2025-12-16 17:01:14.118 [Shell] The response is not numerical exit code
. 2025-12-16 17:01:14.118 [Shell] Trying "$?".
> 2025-12-16 17:01:14.118 [Shell] echo "$?" ; echo "WinSCP: this is end-of-file:0"
< 2025-12-16 17:01:14.127 [Shell] 0
< 2025-12-16 17:01:14.127 [Shell] WinSCP: this is end-of-file:0
. 2025-12-16 17:01:14.127 [Shell] Return code variable "$?" selected.
> 2025-12-16 17:01:14.127 [Shell] printenv LANG ; echo "WinSCP: this is end-of-file:$?"
< 2025-12-16 17:01:14.139 [Shell] en_US.UTF-8
< 2025-12-16 17:01:14.139 [Shell] WinSCP: this is end-of-file:0
. 2025-12-16 17:01:14.139 [Shell] We will use UTF-8
. 2025-12-16 17:01:14.139 [Shell] Changing directory to "/home/u972026836/domains/digitalnotar.in/public_html".
> 2025-12-16 17:01:14.139 [Shell] cd "/home/u972026836/domains/digitalnotar.in/public_html" ; echo "WinSCP: this is end-of-file:$?"
< 2025-12-16 17:01:14.147 [Shell] WinSCP: this is end-of-file:0
. 2025-12-16 17:01:14.152 [Shell] Getting current directory name.
> 2025-12-16 17:01:14.153 [Shell] pwd ; echo "WinSCP: this is end-of-file:$?"
< 2025-12-16 17:01:14.160 [Shell] /home/u972026836/domains/digitalnotar.in/public_html
< 2025-12-16 17:01:14.160 [Shell] WinSCP: this is end-of-file:0
. 2025-12-16 17:01:14.160 [Shell] Startup conversation with host finished.
< 2025-12-16 17:01:14.160 [Shell] Script: Sessie gestart.
. 2025-12-16 17:01:14.178 Executing user defined command.
. 2025-12-16 17:01:14.178 Performing operation on command session.
> 2025-12-16 17:01:14.178 [Shell] rm -rf * ; echo "WinSCP: this is end-of-file:$?"
< 2025-12-16 17:01:14.188 [Shell] WinSCP: this is end-of-file:0
> 2025-12-16 17:01:14.188 [Shell] pwd ; echo "WinSCP: this is end-of-file:$?"
< 2025-12-16 17:01:14.197 [Shell] /home/u972026836/domains/digitalnotar.in/public_html
< 2025-12-16 17:01:14.198 [Shell] WinSCP: this is end-of-file:0
. 2025-12-16 17:01:14.198 Cached directory change via "/home/u972026836/domains/digitalnotar.in/public_html" to "/home/u972026836/domains/digitalnotar.in/public_html".
. 2025-12-16 17:01:14.198 Getting current directory name.
. 2025-12-16 17:01:14.198 Getting current directory name.
> 2025-12-16 17:01:14.224 Script: cd /home/u972026836/domains/digitalnotar.in/public_html
. 2025-12-16 17:01:14.224 Cached directory change via "/home/u972026836/domains/digitalnotar.in/public_html" to "/home/u972026836/domains/digitalnotar.in/public_html".
. 2025-12-16 17:01:14.224 Getting current directory name.
< 2025-12-16 17:01:14.224 Script: /home/u972026836/domains/digitalnotar.in/public_html
> 2025-12-16 17:01:14.311 Script: synchronize remote -filemask="| node_modules/" "D:\busineshuboffline CHATGTP\TOGETHERSYSTEMS- GITHUB\Nieuwe map (3)\docs\multi-industry-docs" "/home/u972026836/domains/digitalnotar.in/public_html"
< 2025-12-16 17:01:14.311 Script: Bezig met vergelijken...
. 2025-12-16 17:01:14.360 Collecting synchronization list for local directory 'D:\busineshuboffline CHATGTP\TOGETHERSYSTEMS- GITHUB\Nieuwe map (3)\docs\multi-industry-docs' and remote directory '/home/u972026836/domains/digitalnotar.in/public_html', mode = Remote, params = 0x2 (NoConfirmation), file mask = '| node_modules/'
. 2025-12-16 17:01:14.377 Local file 'D:\busineshuboffline CHATGTP\TOGETHERSYSTEMS- GITHUB\Nieuwe map (3)\docs\multi-industry-docs\.' [2025-12-16T14:55:21.051Z] [0] excluded from synchronization
. 2025-12-16 17:01:14.377 Local file 'D:\busineshuboffline CHATGTP\TOGETHERSYSTEMS- GITHUB\Nieuwe map (3)\docs\multi-industry-docs\..' [2025-12-16T10:28:22.968Z] [0] excluded from synchronization
. 2025-12-16 17:01:14.377 Local file 'D:\busineshuboffline CHATGTP\TOGETHERSYSTEMS- GITHUB\Nieuwe map (3)\docs\multi-industry-docs\build.js' [2025-12-16T08:01:05.876Z] [12228] included to synchronization
. 2025-12-16 17:01:14.377 Local file 'D:\busineshuboffline CHATGTP\TOGETHERSYSTEMS- GITHUB\Nieuwe map (3)\docs\multi-industry-docs\check_teaching.ps1' [2025-12-16T14:55:35.342Z] [834] included to synchronization
. 2025-12-16 17:01:14.377 Local file 'D:\busineshuboffline CHATGTP\TOGETHERSYSTEMS- GITHUB\Nieuwe map (3)\docs\multi-industry-docs\css' [2025-12-15T21:09:58.577Z] [0] included to synchronization
. 2025-12-16 17:01:14.377 Local file 'D:\busineshuboffline CHATGTP\TOGETHERSYSTEMS- GITHUB\Nieuwe map (3)\docs\multi-industry-docs\dist' [2025-12-16T08:01:33.882Z] [0] included to synchronization
. 2025-12-16 17:01:14.377 Local file 'D:\busineshuboffline CHATGTP\TOGETHERSYSTEMS- GITHUB\Nieuwe map (3)\docs\multi-industry-docs\index.html' [2025-12-15T20:45:05.353Z] [6523] included to synchronization
. 2025-12-16 17:01:14.377 Local file 'D:\busineshuboffline CHATGTP\TOGETHERSYSTEMS- GITHUB\Nieuwe map (3)\docs\multi-industry-docs\industries' [2025-12-15T20:58:12.343Z] [0] included to synchronization
. 2025-12-16 17:01:14.377 Local file 'D:\busineshuboffline CHATGTP\TOGETHERSYSTEMS- GITHUB\Nieuwe map (3)\docs\multi-industry-docs\js' [2025-12-15T20:50:51.433Z] [0] included to synchronization
. 2025-12-16 17:01:14.377 Local file 'D:\busineshuboffline CHATGTP\TOGETHERSYSTEMS- GITHUB\Nieuwe map (3)\docs\multi-industry-docs\node_modules' [2025-12-16T02:41:35.168Z] [0] excluded from synchronization
. 2025-12-16 17:01:14.377 Local file 'D:\busineshuboffline CHATGTP\TOGETHERSYSTEMS- GITHUB\Nieuwe map (3)\docs\multi-industry-docs\package-lock.json' [2025-12-16T07:50:50.149Z] [88361] included to synchronization
. 2025-12-16 17:01:14.377 Local file 'D:\busineshuboffline CHATGTP\TOGETHERSYSTEMS- GITHUB\Nieuwe map (3)\docs\multi-industry-docs\package.json' [2025-12-16T02:41:34.985Z] [892] included to synchronization
. 2025-12-16 17:01:14.378 Local file 'D:\busineshuboffline CHATGTP\TOGETHERSYSTEMS- GITHUB\Nieuwe map (3)\docs\multi-industry-docs\src' [2025-12-16T07:36:12.474Z] [0] included to synchronization
. 2025-12-16 17:01:14.378 Local file 'D:\busineshuboffline CHATGTP\TOGETHERSYSTEMS- GITHUB\Nieuwe map (3)\docs\multi-industry-docs\templates' [2025-12-15T20:50:40.252Z] [0] included to synchronization
. 2025-12-16 17:01:14.378 Listing directory "/home/u972026836/domains/digitalnotar.in/public_html".
> 2025-12-16 17:01:14.378 Type: SSH_FXP_OPENDIR, Size: 61, Number: 1035
< 2025-12-16 17:01:14.389 Type: SSH_FXP_HANDLE, Size: 13, Number: 1035
> 2025-12-16 17:01:14.389 Type: SSH_FXP_READDIR, Size: 13, Number: 1292
< 2025-12-16 17:01:14.402 Type: SSH_FXP_NAME, Size: 217, Number: 1292
> 2025-12-16 17:01:14.402 Type: SSH_FXP_READDIR, Size: 13, Number: 1548
< 2025-12-16 17:01:14.419 Type: SSH_FXP_STATUS, Size: 28, Number: 1548
< 2025-12-16 17:01:14.419 Status code: 1
> 2025-12-16 17:01:14.419 Type: SSH_FXP_CLOSE, Size: 13, Number: 1796
. 2025-12-16 17:01:14.419 .;d;0;2025-12-16T16:01:07.000Z;4;"u972026836" [972026836];"o1007643223" [2007643223];rwxr-xr-x;0
. 2025-12-16 17:01:14.419 ..;d;0;2025-12-15T20:52:43.000Z;4;"u972026836" [972026836];"o1007643223" [2007643223];rwxr-xr-x;0
. 2025-12-16 17:01:14.419 Local file 'D:\busineshuboffline CHATGTP\TOGETHERSYSTEMS- GITHUB\Nieuwe map (3)\docs\multi-industry-docs\build.js' [2025-12-16T08:01:05.876Z] [12228] is new
. 2025-12-16 17:01:14.419 Local file 'D:\busineshuboffline CHATGTP\TOGETHERSYSTEMS- GITHUB\Nieuwe map (3)\docs\multi-industry-docs\check_teaching.ps1' [2025-12-16T14:55:35.342Z] [834] is new
. 2025-12-16 17:01:14.419 Local file 'D:\busineshuboffline CHATGTP\TOGETHERSYSTEMS- GITHUB\Nieuwe map (3)\docs\multi-industry-docs\css' [2025-12-15T21:09:58.577Z] [0] is new
. 2025-12-16 17:01:14.419 Local file 'D:\busineshuboffline CHATGTP\TOGETHERSYSTEMS- GITHUB\Nieuwe map (3)\docs\multi-industry-docs\dist' [2025-12-16T08:01:33.882Z] [0] is new
. 2025-12-16 17:01:14.419 Local file 'D:\busineshuboffline CHATGTP\TOGETHERSYSTEMS- GITHUB\Nieuwe map (3)\docs\multi-industry-docs\index.html' [2025-12-15T20:45:05.353Z] [6523] is new
. 2025-12-16 17:01:14.419 Local file 'D:\busineshuboffline CHATGTP\TOGETHERSYSTEMS- GITHUB\Nieuwe map (3)\docs\multi-industry-docs\industries' [2025-12-15T20:58:12.343Z] [0] is new
. 2025-12-16 17:01:14.419 Local file 'D:\busineshuboffline CHATGTP\TOGETHERSYSTEMS- GITHUB\Nieuwe map (3)\docs\multi-industry-docs\js' [2025-12-15T20:50:51.433Z] [0] is new
. 2025-12-16 17:01:14.419 Local file 'D:\busineshuboffline CHATGTP\TOGETHERSYSTEMS- GITHUB\Nieuwe map (3)\docs\multi-industry-docs\package.json' [2025-12-16T02:41:34.985Z] [892] is new
. 2025-12-16 17:01:14.419 Local file 'D:\busineshuboffline CHATGTP\TOGETHERSYSTEMS- GITHUB\Nieuwe map (3)\docs\multi-industry-docs\package-lock.json' [2025-12-16T07:50:50.149Z] [88361] is new
. 2025-12-16 17:01:14.419 Local file 'D:\busineshuboffline CHATGTP\TOGETHERSYSTEMS- GITHUB\Nieuwe map (3)\docs\multi-industry-docs\src' [2025-12-16T07:36:12.474Z] [0] is new
. 2025-12-16 17:01:14.419 Local file 'D:\busineshuboffline CHATGTP\TOGETHERSYSTEMS- GITHUB\Nieuwe map (3)\docs\multi-industry-docs\templates' [2025-12-15T20:50:40.252Z] [0] is new
< 2025-12-16 17:01:14.419 Script: Bezig met synchroniseren...
. 2025-12-16 17:01:14.428 Synchronizing local directory 'D:\busineshuboffline CHATGTP\TOGETHERSYSTEMS- GITHUB\Nieuwe map (3)\docs\multi-industry-docs\' with remote directory '/home/u972026836/domains/digitalnotar.in/public_html/', params = 0x2 (NoConfirmation)
. 2025-12-16 17:01:14.430 Copying 1 files/directories to remote directory "/home/u972026836/domains/digitalnotar.in/public_html/" - total size: 12.228
. 2025-12-16 17:01:14.430   PrTime: Yes; PrRO: No; Rght: rw-r--r--; PrR: No (No); FnCs: N; RIC: 0001; Resume: S (102400); CalcS: No; Mask: *.*
. 2025-12-16 17:01:14.430   TM: B; ClAr: No; RemEOF: No; RemBOM: No; CPS: 0; NewerOnly: No; EncryptNewFiles: Yes; ExcludeHiddenFiles: No; ExcludeEmptyDirectories: No; InclM: | node_modules/; ResumeL: 0
. 2025-12-16 17:01:14.430   AscM: *.*html; *.htm; *.txt; *.php; *.php3; *.cgi; *.c; *.cpp; *.h; *.pas; *.bas; *.tex; *.pl; *.js; .htaccess; *.xtml; *.css; *.cfg; *.ini; *.sh; *.xml
. 2025-12-16 17:01:14.430 File: 'D:\busineshuboffline CHATGTP\TOGETHERSYSTEMS- GITHUB\Nieuwe map (3)\docs\multi-industry-docs\build.js' [2025-12-16T08:01:05.876Z] [12228]
< 2025-12-16 17:01:14.430 Script: Lokaal 'D:\busineshuboffline CHATGTP\TOGETHERSYSTEMS- GITHUB\Nieuwe map (3)\docs\multi-industry-docs' => Extern '/home/u972026836/domains/digitalnotar.in/public_html'
. 2025-12-16 17:01:14.460 Copying "D:\busineshuboffline CHATGTP\TOGETHERSYSTEMS- GITHUB\Nieuwe map (3)\docs\multi-industry-docs\build.js" to remote directory started.
. 2025-12-16 17:01:14.460 Binary transfer mode selected.
. 2025-12-16 17:01:14.460 Opening remote file.
> 2025-12-16 17:01:14.460 Type: SSH_FXP_OPEN, Size: 86, Number: 2051
< 2025-12-16 17:01:14.472 Type: SSH_FXP_STATUS, Size: 24, Number: 1796
. 2025-12-16 17:01:14.472 Discarding reserved response
< 2025-12-16 17:01:14.472 Type: SSH_FXP_HANDLE, Size: 13, Number: 2051
> 2025-12-16 17:01:14.472 Type: SSH_FXP_WRITE, Size: 12253, Number: 2566
> 2025-12-16 17:01:14.556 Type: SSH_FXP_CLOSE, Size: 13, Number: 2820
> 2025-12-16 17:01:14.557 Type: SSH_FXP_SETSTAT, Size: 82, Number: 2313
< 2025-12-16 17:01:14.568 Type: SSH_FXP_STATUS, Size: 24, Number: 2566
< 2025-12-16 17:01:14.570 Status code: 0
< 2025-12-16 17:01:14.570 Type: SSH_FXP_STATUS, Size: 24, Number: 2820
< 2025-12-16 17:01:14.570 Status code: 0
. 2025-12-16 17:01:14.570 Preserving timestamp [2025-12-16T08:01:05.000Z]
< 2025-12-16 17:01:14.580 Type: SSH_FXP_STATUS, Size: 24, Number: 2313
< 2025-12-16 17:01:14.580 Status code: 0
. 2025-12-16 17:01:14.580 Transfer done: 'D:\busineshuboffline CHATGTP\TOGETHERSYSTEMS- GITHUB\Nieuwe map (3)\docs\multi-industry-docs\build.js' => '/home/u972026836/domains/digitalnotar.in/public_html/build.js' [12228]
. 2025-12-16 17:01:14.580 Copying finished: Transferred: 12.228, Elapsed: 0:00:00, CPS: 80.447/s
. 2025-12-16 17:01:14.580 Copying 1 files/directories to remote directory "/home/u972026836/domains/digitalnotar.in/public_html/" - total size: 834
. 2025-12-16 17:01:14.580   PrTime: Yes; PrRO: No; Rght: rw-r--r--; PrR: No (No); FnCs: N; RIC: 0001; Resume: S (102400); CalcS: No; Mask: *.*
. 2025-12-16 17:01:14.580   TM: B; ClAr: No; RemEOF: No; RemBOM: No; CPS: 0; NewerOnly: No; EncryptNewFiles: Yes; ExcludeHiddenFiles: No; ExcludeEmptyDirectories: No; InclM: | node_modules/; ResumeL: 0
. 2025-12-16 17:01:14.580   AscM: *.*html; *.htm; *.txt; *.php; *.php3; *.cgi; *.c; *.cpp; *.h; *.pas; *.bas; *.tex; *.pl; *.js; .htaccess; *.xtml; *.css; *.cfg; *.ini; *.sh; *.xml
. 2025-12-16 17:01:14.581 File: 'D:\busineshuboffline CHATGTP\TOGETHERSYSTEMS- GITHUB\Nieuwe map (3)\docs\multi-industry-docs\check_teaching.ps1' [2025-12-16T14:55:35.342Z] [834]
. 2025-12-16 17:01:14.608 Copying "D:\busineshuboffline CHATGTP\TOGETHERSYSTEMS- GITHUB\Nieuwe map (3)\docs\multi-industry-docs\check_teaching.ps1" to remote directory started.
. 2025-12-16 17:01:14.608 Binary transfer mode selected.
. 2025-12-16 17:01:14.608 Opening remote file.
> 2025-12-16 17:01:14.608 Type: SSH_FXP_OPEN, Size: 96, Number: 3075
< 2025-12-16 17:01:14.619 Type: SSH_FXP_HANDLE, Size: 13, Number: 3075
> 2025-12-16 17:01:14.619 Type: SSH_FXP_WRITE, Size: 859, Number: 3590
> 2025-12-16 17:01:14.626 Type: SSH_FXP_CLOSE, Size: 13, Number: 3844
> 2025-12-16 17:01:14.626 Type: SSH_FXP_SETSTAT, Size: 92, Number: 3337
< 2025-12-16 17:01:14.638 Type: SSH_FXP_STATUS, Size: 24, Number: 3590
< 2025-12-16 17:01:14.638 Status code: 0
< 2025-12-16 17:01:14.644 Type: SSH_FXP_STATUS, Size: 24, Number: 3844
< 2025-12-16 17:01:14.644 Status code: 0
. 2025-12-16 17:01:14.644 Preserving timestamp [2025-12-16T14:55:35.000Z]
< 2025-12-16 17:01:14.652 Type: SSH_FXP_STATUS, Size: 24, Number: 3337
< 2025-12-16 17:01:14.652 Status code: 0
. 2025-12-16 17:01:14.652 Transfer done: 'D:\busineshuboffline CHATGTP\TOGETHERSYSTEMS- GITHUB\Nieuwe map (3)\docs\multi-industry-docs\check_teaching.ps1' => '/home/u972026836/domains/digitalnotar.in/public_html/check_teaching.ps1' [834]
. 2025-12-16 17:01:14.673 Copying finished: Transferred: 13.062, Elapsed: 0:00:00, CPS: 53.314/s
. 2025-12-16 17:01:14.675 Copying 1 files/directories to remote directory "/home/u972026836/domains/digitalnotar.in/public_html/"
. 2025-12-16 17:01:14.675   PrTime: Yes; PrRO: No; Rght: rw-r--r--; PrR: No (No); FnCs: N; RIC: 0001; Resume: S (102400); CalcS: No; Mask: *.*
. 2025-12-16 17:01:14.675   TM: B; ClAr: No; RemEOF: No; RemBOM: No; CPS: 0; NewerOnly: No; EncryptNewFiles: Yes; ExcludeHiddenFiles: No; ExcludeEmptyDirectories: No; InclM: | node_modules/; ResumeL: 0
. 2025-12-16 17:01:14.675   AscM: *.*html; *.htm; *.txt; *.php; *.php3; *.cgi; *.c; *.cpp; *.h; *.pas; *.bas; *.tex; *.pl; *.js; .htaccess; *.xtml; *.css; *.cfg; *.ini; *.sh; *.xml
. 2025-12-16 17:01:14.675 File: 'D:\busineshuboffline CHATGTP\TOGETHERSYSTEMS- GITHUB\Nieuwe map (3)\docs\multi-industry-docs\css' [2025-12-15T21:09:58.577Z] [0]
. 2025-12-16 17:01:14.677 Listing file "/home/u972026836/domains/digitalnotar.in/public_html/css".
> 2025-12-16 17:01:14.677 Type: SSH_FXP_LSTAT, Size: 65, Number: 4103
< 2025-12-16 17:01:14.693 Type: SSH_FXP_STATUS, Size: 29, Number: 4103
< 2025-12-16 17:01:14.693 Status code: 2, Message: 4103, Server: No such file, Language:  
. 2025-12-16 17:01:14.703 Creating directory "/home/u972026836/domains/digitalnotar.in/public_html/css".
. 2025-12-16 17:01:14.703 Canonifying: "/home/u972026836/domains/digitalnotar.in/public_html/css"
. 2025-12-16 17:01:14.705 Getting real path for '/home/u972026836/domains/digitalnotar.in/public_html/css'
> 2025-12-16 17:01:14.705 Type: SSH_FXP_REALPATH, Size: 65, Number: 4624
< 2025-12-16 17:01:14.711 Type: SSH_FXP_NAME, Size: 133, Number: 4624
. 2025-12-16 17:01:14.711 Real path is '/home/u972026836/domains/digitalnotar.in/public_html/css'
. 2025-12-16 17:01:14.711 Canonified: "/home/u972026836/domains/digitalnotar.in/public_html/css"
> 2025-12-16 17:01:14.711 Type: SSH_FXP_MKDIR, Size: 69, Number: 4366
< 2025-12-16 17:01:14.720 Type: SSH_FXP_STATUS, Size: 24, Number: 4366
< 2025-12-16 17:01:14.720 Status code: 0
. 2025-12-16 17:01:14.722 File: 'D:\busineshuboffline CHATGTP\TOGETHERSYSTEMS- GITHUB\Nieuwe map (3)\docs\multi-industry-docs\css\search.css' [2025-12-15T21:09:58.627Z] [8650]
. 2025-12-16 17:01:14.727 Copying "D:\busineshuboffline CHATGTP\TOGETHERSYSTEMS- GITHUB\Nieuwe map (3)\docs\multi-industry-docs\css\search.css" to remote directory started.
. 2025-12-16 17:01:14.727 Binary transfer mode selected.
. 2025-12-16 17:01:14.727 Opening remote file.
> 2025-12-16 17:01:14.727 Type: SSH_FXP_OPEN, Size: 92, Number: 4867
< 2025-12-16 17:01:14.742 Type: SSH_FXP_HANDLE, Size: 13, Number: 4867
> 2025-12-16 17:01:14.742 Type: SSH_FXP_WRITE, Size: 8675, Number: 5382
> 2025-12-16 17:01:14.743 Type: SSH_FXP_CLOSE, Size: 13, Number: 5636
> 2025-12-16 17:01:14.743 Type: SSH_FXP_SETSTAT, Size: 88, Number: 5129
< 2025-12-16 17:01:14.758 Type: SSH_FXP_STATUS, Size: 24, Number: 5382
< 2025-12-16 17:01:14.758 Status code: 0
< 2025-12-16 17:01:14.792 Type: SSH_FXP_STATUS, Size: 24, Number: 5636
< 2025-12-16 17:01:14.792 Status code: 0
. 2025-12-16 17:01:14.810 Preserving timestamp [2025-12-15T21:09:58.000Z]
< 2025-12-16 17:01:14.811 Type: SSH_FXP_STATUS, Size: 24, Number: 5129
< 2025-12-16 17:01:14.811 Status code: 0
. 2025-12-16 17:01:14.811 Transfer done: 'D:\busineshuboffline CHATGTP\TOGETHERSYSTEMS- GITHUB\Nieuwe map (3)\docs\multi-industry-docs\css\search.css' => '/home/u972026836/domains/digitalnotar.in/public_html/css/search.css' [8650]
. 2025-12-16 17:01:14.811 File: 'D:\busineshuboffline CHATGTP\TOGETHERSYSTEMS- GITHUB\Nieuwe map (3)\docs\multi-industry-docs\css\styles.css' [2025-12-15T20:45:31.695Z] [5113]
. 2025-12-16 17:01:14.830 Copying "D:\busineshuboffline CHATGTP\TOGETHERSYSTEMS- GITHUB\Nieuwe map (3)\docs\multi-industry-docs\css\styles.css" to remote directory started.
. 2025-12-16 17:01:14.847 Binary transfer mode selected.
. 2025-12-16 17:01:14.847 Opening remote file.
> 2025-12-16 17:01:14.847 Type: SSH_FXP_OPEN, Size: 92, Number: 5891
< 2025-12-16 17:01:14.857 Type: SSH_FXP_HANDLE, Size: 13, Number: 5891
> 2025-12-16 17:01:14.857 Type: SSH_FXP_WRITE, Size: 5138, Number: 6406
> 2025-12-16 17:01:14.875 Type: SSH_FXP_CLOSE, Size: 13, Number: 6660
> 2025-12-16 17:01:14.875 Type: SSH_FXP_SETSTAT, Size: 88, Number: 6153
< 2025-12-16 17:01:14.898 Type: SSH_FXP_STATUS, Size: 24, Number: 6406
< 2025-12-16 17:01:14.898 Status code: 0
< 2025-12-16 17:01:14.922 Type: SSH_FXP_STATUS, Size: 24, Number: 6660
< 2025-12-16 17:01:14.922 Status code: 0
. 2025-12-16 17:01:14.922 Preserving timestamp [2025-12-15T20:45:31.000Z]
< 2025-12-16 17:01:14.923 Type: SSH_FXP_STATUS, Size: 24, Number: 6153
< 2025-12-16 17:01:14.923 Status code: 0
. 2025-12-16 17:01:14.923 Transfer done: 'D:\busineshuboffline CHATGTP\TOGETHERSYSTEMS- GITHUB\Nieuwe map (3)\docs\multi-industry-docs\css\styles.css' => '/home/u972026836/domains/digitalnotar.in/public_html/css/styles.css' [5113]
. 2025-12-16 17:01:14.923 Copying finished: Transferred: 26.825, Elapsed: 0:00:00, CPS: 54.191/s
. 2025-12-16 17:01:14.923 Copying 1 files/directories to remote directory "/home/u972026836/domains/digitalnotar.in/public_html/"
. 2025-12-16 17:01:14.923   PrTime: Yes; PrRO: No; Rght: rw-r--r--; PrR: No (No); FnCs: N; RIC: 0001; Resume: S (102400); CalcS: No; Mask: *.*
. 2025-12-16 17:01:14.923   TM: B; ClAr: No; RemEOF: No; RemBOM: No; CPS: 0; NewerOnly: No; EncryptNewFiles: Yes; ExcludeHiddenFiles: No; ExcludeEmptyDirectories: No; InclM: | node_modules/; ResumeL: 0
. 2025-12-16 17:01:14.923   AscM: *.*html; *.htm; *.txt; *.php; *.php3; *.cgi; *.c; *.cpp; *.h; *.pas; *.bas; *.tex; *.pl; *.js; .htaccess; *.xtml; *.css; *.cfg; *.ini; *.sh; *.xml
. 2025-12-16 17:01:14.923 File: 'D:\busineshuboffline CHATGTP\TOGETHERSYSTEMS- GITHUB\Nieuwe map (3)\docs\multi-industry-docs\dist' [2025-12-16T08:01:33.882Z] [0]
. 2025-12-16 17:01:14.923 Listing file "/home/u972026836/domains/digitalnotar.in/public_html/dist".
> 2025-12-16 17:01:14.923 Type: SSH_FXP_LSTAT, Size: 66, Number: 6919
< 2025-12-16 17:01:14.932 Type: SSH_FXP_STATUS, Size: 29, Number: 6919
< 2025-12-16 17:01:14.932 Status code: 2, Message: 6919, Server: No such file, Language:  
. 2025-12-16 17:01:14.943 Creating directory "/home/u972026836/domains/digitalnotar.in/public_html/dist".
. 2025-12-16 17:01:14.943 Canonifying: "/home/u972026836/domains/digitalnotar.in/public_html/dist"
. 2025-12-16 17:01:14.943 Getting real path for '/home/u972026836/domains/digitalnotar.in/public_html/dist'
> 2025-12-16 17:01:14.943 Type: SSH_FXP_REALPATH, Size: 66, Number: 7440
< 2025-12-16 17:01:14.954 Type: SSH_FXP_NAME, Size: 135, Number: 7440
. 2025-12-16 17:01:14.954 Real path is '/home/u972026836/domains/digitalnotar.in/public_html/dist'
. 2025-12-16 17:01:14.954 Canonified: "/home/u972026836/domains/digitalnotar.in/public_html/dist"
> 2025-12-16 17:01:14.954 Type: SSH_FXP_MKDIR, Size: 70, Number: 7182
< 2025-12-16 17:01:14.961 Type: SSH_FXP_STATUS, Size: 24, Number: 7182
< 2025-12-16 17:01:14.961 Status code: 0
. 2025-12-16 17:01:14.962 File: 'D:\busineshuboffline CHATGTP\TOGETHERSYSTEMS- GITHUB\Nieuwe map (3)\docs\multi-industry-docs\dist\404.html' [2025-12-16T08:01:33.792Z] [1048]
. 2025-12-16 17:01:14.975 Copying "D:\busineshuboffline CHATGTP\TOGETHERSYSTEMS- GITHUB\Nieuwe map (3)\docs\multi-industry-docs\dist\404.html" to remote directory started.
. 2025-12-16 17:01:14.975 Binary transfer mode selected.
. 2025-12-16 17:01:14.975 Opening remote file.
> 2025-12-16 17:01:14.975 Type: SSH_FXP_OPEN, Size: 91, Number: 7683
< 2025-12-16 17:01:14.984 Type: SSH_FXP_HANDLE, Size: 13, Number: 7683
> 2025-12-16 17:01:14.984 Type: SSH_FXP_WRITE, Size: 1073, Number: 8198
> 2025-12-16 17:01:14.994 Type: SSH_FXP_CLOSE, Size: 13, Number: 8452
> 2025-12-16 17:01:14.994 Type: SSH_FXP_SETSTAT, Size: 87, Number: 7945
< 2025-12-16 17:01:15.003 Type: SSH_FXP_STATUS, Size: 24, Number: 8198
< 2025-12-16 17:01:15.003 Status code: 0
< 2025-12-16 17:01:15.011 Type: SSH_FXP_STATUS, Size: 24, Number: 8452
< 2025-12-16 17:01:15.011 Status code: 0
. 2025-12-16 17:01:15.013 Preserving timestamp [2025-12-16T08:01:33.000Z]
< 2025-12-16 17:01:15.013 Type: SSH_FXP_STATUS, Size: 24, Number: 7945
< 2025-12-16 17:01:15.014 Status code: 0
. 2025-12-16 17:01:15.014 Transfer done: 'D:\busineshuboffline CHATGTP\TOGETHERSYSTEMS- GITHUB\Nieuwe map (3)\docs\multi-industry-docs\dist\404.html' => '/home/u972026836/domains/digitalnotar.in/public_html/dist/404.html' [1048]
. 2025-12-16 17:01:15.014 File: 'D:\busineshuboffline CHATGTP\TOGETHERSYSTEMS- GITHUB\Nieuwe map (3)\docs\multi-industry-docs\dist\css' [2025-12-16T08:01:33.883Z] [0]
. 2025-12-16 17:01:15.089 Listing file "/home/u972026836/domains/digitalnotar.in/public_html/dist/css".
> 2025-12-16 17:01:15.089 Type: SSH_FXP_LSTAT, Size: 70, Number: 8711
< 2025-12-16 17:01:15.097 Type: SSH_FXP_STATUS, Size: 29, Number: 8711
< 2025-12-16 17:01:15.097 Status code: 2, Message: 8711, Server: No such file, Language:  
. 2025-12-16 17:01:15.107 Creating directory "/home/u972026836/domains/digitalnotar.in/public_html/dist/css".
. 2025-12-16 17:01:15.107 Canonifying: "/home/u972026836/domains/digitalnotar.in/public_html/dist/css"
. 2025-12-16 17:01:15.107 Getting real path for '/home/u972026836/domains/digitalnotar.in/public_html/dist/css'
> 2025-12-16 17:01:15.107 Type: SSH_FXP_REALPATH, Size: 70, Number: 9232
< 2025-12-16 17:01:15.116 Type: SSH_FXP_NAME, Size: 143, Number: 9232
. 2025-12-16 17:01:15.116 Real path is '/home/u972026836/domains/digitalnotar.in/public_html/dist/css'
. 2025-12-16 17:01:15.116 Canonified: "/home/u972026836/domains/digitalnotar.in/public_html/dist/css"
> 2025-12-16 17:01:15.116 Type: SSH_FXP_MKDIR, Size: 74, Number: 8974
< 2025-12-16 17:01:15.125 Type: SSH_FXP_STATUS, Size: 24, Number: 8974
< 2025-12-16 17:01:15.127 Status code: 0
. 2025-12-16 17:01:15.127 File: 'D:\busineshuboffline CHATGTP\TOGETHERSYSTEMS- GITHUB\Nieuwe map (3)\docs\multi-industry-docs\dist\css\styles.min.css' [2025-12-16T08:01:33.883Z] [190]
. 2025-12-16 17:01:15.129 Copying "D:\busineshuboffline CHATGTP\TOGETHERSYSTEMS- GITHUB\Nieuwe map (3)\docs\multi-industry-docs\dist\css\styles.min.css" to remote directory started.
. 2025-12-16 17:01:15.129 Binary transfer mode selected.
. 2025-12-16 17:01:15.129 Opening remote file.
> 2025-12-16 17:01:15.129 Type: SSH_FXP_OPEN, Size: 101, Number: 9475
< 2025-12-16 17:01:15.135 Type: SSH_FXP_HANDLE, Size: 13, Number: 9475
> 2025-12-16 17:01:15.137 Type: SSH_FXP_WRITE, Size: 215, Number: 9990
> 2025-12-16 17:01:15.157 Type: SSH_FXP_CLOSE, Size: 13, Number: 10244
> 2025-12-16 17:01:15.157 Type: SSH_FXP_SETSTAT, Size: 97, Number: 9737
< 2025-12-16 17:01:15.164 Type: SSH_FXP_STATUS, Size: 24, Number: 9990
< 2025-12-16 17:01:15.164 Status code: 0
< 2025-12-16 17:01:15.177 Type: SSH_FXP_STATUS, Size: 24, Number: 10244
< 2025-12-16 17:01:15.177 Status code: 0
. 2025-12-16 17:01:15.177 Preserving timestamp [2025-12-16T08:01:33.000Z]
< 2025-12-16 17:01:15.177 Type: SSH_FXP_STATUS, Size: 24, Number: 9737
< 2025-12-16 17:01:15.177 Status code: 0
. 2025-12-16 17:01:15.177 Transfer done: 'D:\busineshuboffline CHATGTP\TOGETHERSYSTEMS- GITHUB\Nieuwe map (3)\docs\multi-industry-docs\dist\css\styles.min.css' => '/home/u972026836/domains/digitalnotar.in/public_html/dist/css/styles.min.css' [190]
. 2025-12-16 17:01:15.177 File: 'D:\busineshuboffline CHATGTP\TOGETHERSYSTEMS- GITHUB\Nieuwe map (3)\docs\multi-industry-docs\dist\images' [2025-12-16T08:01:32.466Z] [0]
. 2025-12-16 17:01:15.196 Listing file "/home/u972026836/domains/digitalnotar.in/public_html/dist/images".
> 2025-12-16 17:01:15.196 Type: SSH_FXP_LSTAT, Size: 73, Number: 10503
< 2025-12-16 17:01:15.206 Type: SSH_FXP_STATUS, Size: 29, Number: 10503
< 2025-12-16 17:01:15.206 Status code: 2, Message: 10503, Server: No such file, Language:  
. 2025-12-16 17:01:15.218 Creating directory "/home/u972026836/domains/digitalnotar.in/public_html/dist/images".
. 2025-12-16 17:01:15.218 Canonifying: "/home/u972026836/domains/digitalnotar.in/public_html/dist/images"
. 2025-12-16 17:01:15.218 Getting real path for '/home/u972026836/domains/digitalnotar.in/public_html/dist/images'
> 2025-12-16 17:01:15.218 Type: SSH_FXP_REALPATH, Size: 73, Number: 11024
< 2025-12-16 17:01:15.224 Type: SSH_FXP_NAME, Size: 149, Number: 11024
. 2025-12-16 17:01:15.224 Real path is '/home/u972026836/domains/digitalnotar.in/public_html/dist/images'
. 2025-12-16 17:01:15.224 Canonified: "/home/u972026836/domains/digitalnotar.in/public_html/dist/images"
> 2025-12-16 17:01:15.226 Type: SSH_FXP_MKDIR, Size: 77, Number: 10766
< 2025-12-16 17:01:15.234 Type: SSH_FXP_STATUS, Size: 24, Number: 10766
< 2025-12-16 17:01:15.234 Status code: 0
. 2025-12-16 17:01:15.234 File: 'D:\busineshuboffline CHATGTP\TOGETHERSYSTEMS- GITHUB\Nieuwe map (3)\docs\multi-industry-docs\dist\images\placeholder.jpg' [2025-12-16T03:02:56.994Z] [12165]
. 2025-12-16 17:01:15.244 Copying "D:\busineshuboffline CHATGTP\TOGETHERSYSTEMS- GITHUB\Nieuwe map (3)\docs\multi-industry-docs\dist\images\placeholder.jpg" to remote directory started.
. 2025-12-16 17:01:15.244 Binary transfer mode selected.
. 2025-12-16 17:01:15.244 Opening remote file.
> 2025-12-16 17:01:15.244 Type: SSH_FXP_OPEN, Size: 105, Number: 11267
< 2025-12-16 17:01:15.260 Type: SSH_FXP_HANDLE, Size: 13, Number: 11267
> 2025-12-16 17:01:15.260 Type: SSH_FXP_WRITE, Size: 12190, Number: 11782
> 2025-12-16 17:01:15.274 Type: SSH_FXP_CLOSE, Size: 13, Number: 12036
> 2025-12-16 17:01:15.274 Type: SSH_FXP_SETSTAT, Size: 101, Number: 11529
< 2025-12-16 17:01:15.290 Type: SSH_FXP_STATUS, Size: 24, Number: 11782
< 2025-12-16 17:01:15.290 Status code: 0
< 2025-12-16 17:01:15.297 Type: SSH_FXP_STATUS, Size: 24, Number: 12036
< 2025-12-16 17:01:15.297 Status code: 0
. 2025-12-16 17:01:15.297 Preserving timestamp [2025-12-16T03:02:56.000Z]
< 2025-12-16 17:01:15.298 Type: SSH_FXP_STATUS, Size: 24, Number: 11529
< 2025-12-16 17:01:15.298 Status code: 0
. 2025-12-16 17:01:15.298 Transfer done: 'D:\busineshuboffline CHATGTP\TOGETHERSYSTEMS- GITHUB\Nieuwe map (3)\docs\multi-industry-docs\dist\images\placeholder.jpg' => '/home/u972026836/domains/digitalnotar.in/public_html/dist/images/placeholder.jpg' [12165]
. 2025-12-16 17:01:15.298 File: 'D:\busineshuboffline CHATGTP\TOGETHERSYSTEMS- GITHUB\Nieuwe map (3)\docs\multi-industry-docs\dist\index.html' [2025-12-16T08:01:33.794Z] [653]
. 2025-12-16 17:01:15.329 Copying "D:\busineshuboffline CHATGTP\TOGETHERSYSTEMS- GITHUB\Nieuwe map (3)\docs\multi-industry-docs\dist\index.html" to remote directory started.
. 2025-12-16 17:01:15.341 Binary transfer mode selected.
. 2025-12-16 17:01:15.341 Opening remote file.
> 2025-12-16 17:01:15.341 Type: SSH_FXP_OPEN, Size: 93, Number: 12291
< 2025-12-16 17:01:15.355 Type: SSH_FXP_HANDLE, Size: 13, Number: 12291
> 2025-12-16 17:01:15.355 Type: SSH_FXP_WRITE, Size: 678, Number: 12806
> 2025-12-16 17:01:15.370 Type: SSH_FXP_CLOSE, Size: 13, Number: 13060
> 2025-12-16 17:01:15.371 Type: SSH_FXP_SETSTAT, Size: 89, Number: 12553
< 2025-12-16 17:01:15.384 Type: SSH_FXP_STATUS, Size: 24, Number: 12806
< 2025-12-16 17:01:15.384 Status code: 0
< 2025-12-16 17:01:15.443 Type: SSH_FXP_STATUS, Size: 24, Number: 13060
< 2025-12-16 17:01:15.443 Status code: 0
. 2025-12-16 17:01:15.512 Preserving timestamp [2025-12-16T08:01:33.000Z]
< 2025-12-16 17:01:15.512 Type: SSH_FXP_STATUS, Size: 24, Number: 12553
< 2025-12-16 17:01:15.512 Status code: 0
. 2025-12-16 17:01:15.512 Transfer done: 'D:\busineshuboffline CHATGTP\TOGETHERSYSTEMS- GITHUB\Nieuwe map (3)\docs\multi-industry-docs\dist\index.html' => '/home/u972026836/domains/digitalnotar.in/public_html/dist/index.html' [653]
. 2025-12-16 17:01:15.512 File: 'D:\busineshuboffline CHATGTP\TOGETHERSYSTEMS- GITHUB\Nieuwe map (3)\docs\multi-industry-docs\dist\js' [2025-12-16T08:01:33.887Z] [0]
. 2025-12-16 17:01:15.531 Listing file "/home/u972026836/domains/digitalnotar.in/public_html/dist/js".
> 2025-12-16 17:01:15.531 Type: SSH_FXP_LSTAT, Size: 69, Number: 13319
< 2025-12-16 17:01:15.539 Type: SSH_FXP_STATUS, Size: 29, Number: 13319
< 2025-12-16 17:01:15.539 Status code: 2, Message: 13319, Server: No such file, Language:  
. 2025-12-16 17:01:15.548 Creating directory "/home/u972026836/domains/digitalnotar.in/public_html/dist/js".
. 2025-12-16 17:01:15.548 Canonifying: "/home/u972026836/domains/digitalnotar.in/public_html/dist/js"
. 2025-12-16 17:01:15.548 Getting real path for '/home/u972026836/domains/digitalnotar.in/public_html/dist/js'
> 2025-12-16 17:01:15.548 Type: SSH_FXP_REALPATH, Size: 69, Number: 13840
< 2025-12-16 17:01:15.559 Type: SSH_FXP_NAME, Size: 141, Number: 13840
. 2025-12-16 17:01:15.559 Real path is '/home/u972026836/domains/digitalnotar.in/public_html/dist/js'
. 2025-12-16 17:01:15.559 Canonified: "/home/u972026836/domains/digitalnotar.in/public_html/dist/js"
> 2025-12-16 17:01:15.559 Type: SSH_FXP_MKDIR, Size: 73, Number: 13582
< 2025-12-16 17:01:15.567 Type: SSH_FXP_STATUS, Size: 24, Number: 13582
< 2025-12-16 17:01:15.567 Status code: 0
. 2025-12-16 17:01:15.567 File: 'D:\busineshuboffline CHATGTP\TOGETHERSYSTEMS- GITHUB\Nieuwe map (3)\docs\multi-industry-docs\dist\js\main.min.js' [2025-12-16T08:01:33.860Z] [187]
. 2025-12-16 17:01:15.579 Copying "D:\busineshuboffline CHATGTP\TOGETHERSYSTEMS- GITHUB\Nieuwe map (3)\docs\multi-industry-docs\dist\js\main.min.js" to remote directory started.
. 2025-12-16 17:01:15.655 Binary transfer mode selected.
. 2025-12-16 17:01:15.655 Opening remote file.
> 2025-12-16 17:01:15.655 Type: SSH_FXP_OPEN, Size: 97, Number: 14083
< 2025-12-16 17:01:15.664 Type: SSH_FXP_HANDLE, Size: 13, Number: 14083
> 2025-12-16 17:01:15.664 Type: SSH_FXP_WRITE, Size: 212, Number: 14598
> 2025-12-16 17:01:15.708 Type: SSH_FXP_CLOSE, Size: 13, Number: 14852
> 2025-12-16 17:01:15.708 Type: SSH_FXP_SETSTAT, Size: 93, Number: 14345
< 2025-12-16 17:01:15.776 Type: SSH_FXP_STATUS, Size: 24, Number: 14598
< 2025-12-16 17:01:15.777 Status code: 0
< 2025-12-16 17:01:15.781 Type: SSH_FXP_STATUS, Size: 24, Number: 14852
< 2025-12-16 17:01:15.781 Status code: 0
. 2025-12-16 17:01:15.781 Preserving timestamp [2025-12-16T08:01:33.000Z]
< 2025-12-16 17:01:15.788 Type: SSH_FXP_STATUS, Size: 24, Number: 14345
< 2025-12-16 17:01:15.788 Status code: 0
. 2025-12-16 17:01:15.788 Transfer done: 'D:\busineshuboffline CHATGTP\TOGETHERSYSTEMS- GITHUB\Nieuwe map (3)\docs\multi-industry-docs\dist\js\main.min.js' => '/home/u972026836/domains/digitalnotar.in/public_html/dist/js/main.min.js' [187]
. 2025-12-16 17:01:15.789 File: 'D:\busineshuboffline CHATGTP\TOGETHERSYSTEMS- GITHUB\Nieuwe map (3)\docs\multi-industry-docs\dist\js\search.min.js' [2025-12-16T03:02:53.474Z] [2493]
. 2025-12-16 17:01:15.794 Copying "D:\busineshuboffline CHATGTP\TOGETHERSYSTEMS- GITHUB\Nieuwe map (3)\docs\multi-industry-docs\dist\js\search.min.js" to remote directory started.
. 2025-12-16 17:01:15.796 Binary transfer mode selected.
. 2025-12-16 17:01:15.796 Opening remote file.
> 2025-12-16 17:01:15.796 Type: SSH_FXP_OPEN, Size: 99, Number: 15107
< 2025-12-16 17:01:15.808 Type: SSH_FXP_HANDLE, Size: 13, Number: 15107
> 2025-12-16 17:01:15.808 Type: SSH_FXP_WRITE, Size: 2518, Number: 15622
> 2025-12-16 17:01:15.826 Type: SSH_FXP_CLOSE, Size: 13, Number: 15876
> 2025-12-16 17:01:15.826 Type: SSH_FXP_SETSTAT, Size: 95, Number: 15369
< 2025-12-16 17:01:15.840 Type: SSH_FXP_STATUS, Size: 24, Number: 15622
< 2025-12-16 17:01:15.840 Status code: 0
< 2025-12-16 17:01:15.844 Type: SSH_FXP_STATUS, Size: 24, Number: 15876
< 2025-12-16 17:01:15.844 Status code: 0
. 2025-12-16 17:01:15.844 Preserving timestamp [2025-12-16T03:02:53.000Z]
< 2025-12-16 17:01:15.848 Type: SSH_FXP_STATUS, Size: 24, Number: 15369
< 2025-12-16 17:01:15.848 Status code: 0
. 2025-12-16 17:01:15.848 Transfer done: 'D:\busineshuboffline CHATGTP\TOGETHERSYSTEMS- GITHUB\Nieuwe map (3)\docs\multi-industry-docs\dist\js\search.min.js' => '/home/u972026836/domains/digitalnotar.in/public_html/dist/js/search.min.js' [2493]
. 2025-12-16 17:01:15.848 File: 'D:\busineshuboffline CHATGTP\TOGETHERSYSTEMS- GITHUB\Nieuwe map (3)\docs\multi-industry-docs\dist\js\wysiwyg.min.js' [2025-12-16T08:01:33.887Z] [247]
. 2025-12-16 17:01:15.875 Copying "D:\busineshuboffline CHATGTP\TOGETHERSYSTEMS- GITHUB\Nieuwe map (3)\docs\multi-industry-docs\dist\js\wysiwyg.min.js" to remote directory started.
. 2025-12-16 17:01:15.876 Binary transfer mode selected.
. 2025-12-16 17:01:15.876 Opening remote file.
> 2025-12-16 17:01:15.876 Type: SSH_FXP_OPEN, Size: 100, Number: 16131
< 2025-12-16 17:01:15.891 Type: SSH_FXP_HANDLE, Size: 13, Number: 16131
> 2025-12-16 17:01:15.891 Type: SSH_FXP_WRITE, Size: 272, Number: 16646
> 2025-12-16 17:01:15.908 Type: SSH_FXP_CLOSE, Size: 13, Number: 16900
> 2025-12-16 17:01:15.908 Type: SSH_FXP_SETSTAT, Size: 96, Number: 16393
< 2025-12-16 17:01:15.913 Type: SSH_FXP_STATUS, Size: 24, Number: 16646
< 2025-12-16 17:01:15.915 Status code: 0
< 2025-12-16 17:01:15.940 Type: SSH_FXP_STATUS, Size: 24, Number: 16900
< 2025-12-16 17:01:15.940 Status code: 0
. 2025-12-16 17:01:16.008 Preserving timestamp [2025-12-16T08:01:33.000Z]
< 2025-12-16 17:01:16.008 Type: SSH_FXP_STATUS, Size: 24, Number: 16393
< 2025-12-16 17:01:16.009 Status code: 0
. 2025-12-16 17:01:16.009 Transfer done: 'D:\busineshuboffline CHATGTP\TOGETHERSYSTEMS- GITHUB\Nieuwe map (3)\docs\multi-industry-docs\dist\js\wysiwyg.min.js' => '/home/u972026836/domains/digitalnotar.in/public_html/dist/js/wysiwyg.min.js' [247]
. 2025-12-16 17:01:16.013 Copying finished: Transferred: 43.808, Elapsed: 0:00:01, CPS: 27.639/s
. 2025-12-16 17:01:16.014 Copying 1 files/directories to remote directory "/home/u972026836/domains/digitalnotar.in/public_html/" - total size: 6.523
. 2025-12-16 17:01:16.014   PrTime: Yes; PrRO: No; Rght: rw-r--r--; PrR: No (No); FnCs: N; RIC: 0001; Resume: S (102400); CalcS: No; Mask: *.*
. 2025-12-16 17:01:16.014   TM: B; ClAr: No; RemEOF: No; RemBOM: No; CPS: 0; NewerOnly: No; EncryptNewFiles: Yes; ExcludeHiddenFiles: No; ExcludeEmptyDirectories: No; InclM: | node_modules/; ResumeL: 0
. 2025-12-16 17:01:16.014   AscM: *.*html; *.htm; *.txt; *.php; *.php3; *.cgi; *.c; *.cpp; *.h; *.pas; *.bas; *.tex; *.pl; *.js; .htaccess; *.xtml; *.css; *.cfg; *.ini; *.sh; *.xml
. 2025-12-16 17:01:16.014 File: 'D:\busineshuboffline CHATGTP\TOGETHERSYSTEMS- GITHUB\Nieuwe map (3)\docs\multi-industry-docs\index.html' [2025-12-15T20:45:05.353Z] [6523]
. 2025-12-16 17:01:16.023 Copying "D:\busineshuboffline CHATGTP\TOGETHERSYSTEMS- GITHUB\Nieuwe map (3)\docs\multi-industry-docs\index.html" to remote directory started.
. 2025-12-16 17:01:16.026 Binary transfer mode selected.
. 2025-12-16 17:01:16.026 Opening remote file.
> 2025-12-16 17:01:16.026 Type: SSH_FXP_OPEN, Size: 88, Number: 17155
< 2025-12-16 17:01:16.036 Type: SSH_FXP_HANDLE, Size: 13, Number: 17155
> 2025-12-16 17:01:16.036 Type: SSH_FXP_WRITE, Size: 6548, Number: 17670
> 2025-12-16 17:01:16.039 Type: SSH_FXP_CLOSE, Size: 13, Number: 17924
> 2025-12-16 17:01:16.039 Type: SSH_FXP_SETSTAT, Size: 84, Number: 17417
< 2025-12-16 17:01:16.050 Type: SSH_FXP_STATUS, Size: 24, Number: 17670
< 2025-12-16 17:01:16.050 Status code: 0
< 2025-12-16 17:01:16.111 Type: SSH_FXP_STATUS, Size: 24, Number: 17924
< 2025-12-16 17:01:16.111 Status code: 0
. 2025-12-16 17:01:16.139 Preserving timestamp [2025-12-15T20:45:05.000Z]
< 2025-12-16 17:01:16.139 Type: SSH_FXP_STATUS, Size: 24, Number: 17417
< 2025-12-16 17:01:16.139 Status code: 0
. 2025-12-16 17:01:16.139 Transfer done: 'D:\busineshuboffline CHATGTP\TOGETHERSYSTEMS- GITHUB\Nieuwe map (3)\docs\multi-industry-docs\index.html' => '/home/u972026836/domains/digitalnotar.in/public_html/index.html' [6523]
. 2025-12-16 17:01:16.296 Copying finished: Transferred: 50.331, Elapsed: 0:00:01, CPS: 26.943/s
. 2025-12-16 17:01:16.297 Copying 1 files/directories to remote directory "/home/u972026836/domains/digitalnotar.in/public_html/"
. 2025-12-16 17:01:16.297   PrTime: Yes; PrRO: No; Rght: rw-r--r--; PrR: No (No); FnCs: N; RIC: 0001; Resume: S (102400); CalcS: No; Mask: *.*
. 2025-12-16 17:01:16.297   TM: B; ClAr: No; RemEOF: No; RemBOM: No; CPS: 0; NewerOnly: No; EncryptNewFiles: Yes; ExcludeHiddenFiles: No; ExcludeEmptyDirectories: No; InclM: | node_modules/; ResumeL: 0
. 2025-12-16 17:01:16.297   AscM: *.*html; *.htm; *.txt; *.php; *.php3; *.cgi; *.c; *.cpp; *.h; *.pas; *.bas; *.tex; *.pl; *.js; .htaccess; *.xtml; *.css; *.cfg; *.ini; *.sh; *.xml
. 2025-12-16 17:01:16.297 File: 'D:\busineshuboffline CHATGTP\TOGETHERSYSTEMS- GITHUB\Nieuwe map (3)\docs\multi-industry-docs\industries' [2025-12-15T20:58:12.343Z] [0]
. 2025-12-16 17:01:16.326 Listing file "/home/u972026836/domains/digitalnotar.in/public_html/industries".
> 2025-12-16 17:01:16.326 Type: SSH_FXP_LSTAT, Size: 72, Number: 18183
< 2025-12-16 17:01:16.337 Type: SSH_FXP_STATUS, Size: 29, Number: 18183
< 2025-12-16 17:01:16.337 Status code: 2, Message: 18183, Server: No such file, Language:  
. 2025-12-16 17:01:16.347 Creating directory "/home/u972026836/domains/digitalnotar.in/public_html/industries".
. 2025-12-16 17:01:16.347 Canonifying: "/home/u972026836/domains/digitalnotar.in/public_html/industries"
. 2025-12-16 17:01:16.347 Getting real path for '/home/u972026836/domains/digitalnotar.in/public_html/industries'
> 2025-12-16 17:01:16.347 Type: SSH_FXP_REALPATH, Size: 72, Number: 18704
< 2025-12-16 17:01:16.355 Type: SSH_FXP_NAME, Size: 147, Number: 18704
. 2025-12-16 17:01:16.355 Real path is '/home/u972026836/domains/digitalnotar.in/public_html/industries'
. 2025-12-16 17:01:16.355 Canonified: "/home/u972026836/domains/digitalnotar.in/public_html/industries"
> 2025-12-16 17:01:16.355 Type: SSH_FXP_MKDIR, Size: 76, Number: 18446
< 2025-12-16 17:01:16.367 Type: SSH_FXP_STATUS, Size: 24, Number: 18446
< 2025-12-16 17:01:16.367 Status code: 0
. 2025-12-16 17:01:16.371 File: 'D:\busineshuboffline CHATGTP\TOGETHERSYSTEMS- GITHUB\Nieuwe map (3)\docs\multi-industry-docs\industries\banking.html' [2025-12-15T20:58:12.485Z] [20221]
. 2025-12-16 17:01:16.391 Copying "D:\busineshuboffline CHATGTP\TOGETHERSYSTEMS- GITHUB\Nieuwe map (3)\docs\multi-industry-docs\industries\banking.html" to remote directory started.
. 2025-12-16 17:01:16.393 Binary transfer mode selected.
. 2025-12-16 17:01:16.393 Opening remote file.
> 2025-12-16 17:01:16.393 Type: SSH_FXP_OPEN, Size: 101, Number: 18947
< 2025-12-16 17:01:16.409 Type: SSH_FXP_HANDLE, Size: 13, Number: 18947
> 2025-12-16 17:01:16.409 Type: SSH_FXP_WRITE, Size: 20246, Number: 19462
> 2025-12-16 17:01:16.413 Type: SSH_FXP_CLOSE, Size: 13, Number: 19716
> 2025-12-16 17:01:16.415 Type: SSH_FXP_SETSTAT, Size: 97, Number: 19209
< 2025-12-16 17:01:16.425 Type: SSH_FXP_STATUS, Size: 24, Number: 19462
< 2025-12-16 17:01:16.425 Status code: 0
< 2025-12-16 17:01:16.425 Type: SSH_FXP_STATUS, Size: 24, Number: 19716
< 2025-12-16 17:01:16.425 Status code: 0
. 2025-12-16 17:01:16.425 Preserving timestamp [2025-12-15T20:58:12.000Z]
< 2025-12-16 17:01:16.436 Type: SSH_FXP_STATUS, Size: 24, Number: 19209
< 2025-12-16 17:01:16.436 Status code: 0
. 2025-12-16 17:01:16.436 Transfer done: 'D:\busineshuboffline CHATGTP\TOGETHERSYSTEMS- GITHUB\Nieuwe map (3)\docs\multi-industry-docs\industries\banking.html' => '/home/u972026836/domains/digitalnotar.in/public_html/industries/banking.html' [20221]
. 2025-12-16 17:01:16.436 File: 'D:\busineshuboffline CHATGTP\TOGETHERSYSTEMS- GITHUB\Nieuwe map (3)\docs\multi-industry-docs\industries\ecommerce.html' [2025-12-15T20:50:07.826Z] [7069]
. 2025-12-16 17:01:16.444 Copying "D:\busineshuboffline CHATGTP\TOGETHERSYSTEMS- GITHUB\Nieuwe map (3)\docs\multi-industry-docs\industries\ecommerce.html" to remote directory started.
. 2025-12-16 17:01:16.456 Binary transfer mode selected.
. 2025-12-16 17:01:16.456 Opening remote file.
> 2025-12-16 17:01:16.456 Type: SSH_FXP_OPEN, Size: 103, Number: 19971
< 2025-12-16 17:01:16.472 Type: SSH_FXP_HANDLE, Size: 13, Number: 19971
> 2025-12-16 17:01:16.472 Type: SSH_FXP_WRITE, Size: 7094, Number: 20486
> 2025-12-16 17:01:16.474 Type: SSH_FXP_CLOSE, Size: 13, Number: 20740
> 2025-12-16 17:01:16.475 Type: SSH_FXP_SETSTAT, Size: 99, Number: 20233
< 2025-12-16 17:01:16.485 Type: SSH_FXP_STATUS, Size: 24, Number: 20486
< 2025-12-16 17:01:16.485 Status code: 0
< 2025-12-16 17:01:16.490 Type: SSH_FXP_STATUS, Size: 24, Number: 20740
< 2025-12-16 17:01:16.490 Status code: 0
. 2025-12-16 17:01:16.490 Preserving timestamp [2025-12-15T20:50:07.000Z]
< 2025-12-16 17:01:16.495 Type: SSH_FXP_STATUS, Size: 24, Number: 20233
< 2025-12-16 17:01:16.495 Status code: 0
. 2025-12-16 17:01:16.495 Transfer done: 'D:\busineshuboffline CHATGTP\TOGETHERSYSTEMS- GITHUB\Nieuwe map (3)\docs\multi-industry-docs\industries\ecommerce.html' => '/home/u972026836/domains/digitalnotar.in/public_html/industries/ecommerce.html' [7069]
. 2025-12-16 17:01:16.495 Copying finished: Transferred: 77.621, Elapsed: 0:00:02, CPS: 37.552/s
. 2025-12-16 17:01:16.496 Copying 1 files/directories to remote directory "/home/u972026836/domains/digitalnotar.in/public_html/"
. 2025-12-16 17:01:16.496   PrTime: Yes; PrRO: No; Rght: rw-r--r--; PrR: No (No); FnCs: N; RIC: 0001; Resume: S (102400); CalcS: No; Mask: *.*
. 2025-12-16 17:01:16.496   TM: B; ClAr: No; RemEOF: No; RemBOM: No; CPS: 0; NewerOnly: No; EncryptNewFiles: Yes; ExcludeHiddenFiles: No; ExcludeEmptyDirectories: No; InclM: | node_modules/; ResumeL: 0
. 2025-12-16 17:01:16.496   AscM: *.*html; *.htm; *.txt; *.php; *.php3; *.cgi; *.c; *.cpp; *.h; *.pas; *.bas; *.tex; *.pl; *.js; .htaccess; *.xtml; *.css; *.cfg; *.ini; *.sh; *.xml
. 2025-12-16 17:01:16.496 File: 'D:\busineshuboffline CHATGTP\TOGETHERSYSTEMS- GITHUB\Nieuwe map (3)\docs\multi-industry-docs\js' [2025-12-15T20:50:51.433Z] [0]
. 2025-12-16 17:01:16.497 Listing file "/home/u972026836/domains/digitalnotar.in/public_html/js".
> 2025-12-16 17:01:16.497 Type: SSH_FXP_LSTAT, Size: 64, Number: 20999
< 2025-12-16 17:01:16.506 Type: SSH_FXP_STATUS, Size: 29, Number: 20999
< 2025-12-16 17:01:16.506 Status code: 2, Message: 20999, Server: No such file, Language:  
. 2025-12-16 17:01:16.516 Creating directory "/home/u972026836/domains/digitalnotar.in/public_html/js".
. 2025-12-16 17:01:16.516 Canonifying: "/home/u972026836/domains/digitalnotar.in/public_html/js"
. 2025-12-16 17:01:16.516 Getting real path for '/home/u972026836/domains/digitalnotar.in/public_html/js'
> 2025-12-16 17:01:16.516 Type: SSH_FXP_REALPATH, Size: 64, Number: 21520
< 2025-12-16 17:01:16.527 Type: SSH_FXP_NAME, Size: 131, Number: 21520
. 2025-12-16 17:01:16.527 Real path is '/home/u972026836/domains/digitalnotar.in/public_html/js'
. 2025-12-16 17:01:16.527 Canonified: "/home/u972026836/domains/digitalnotar.in/public_html/js"
> 2025-12-16 17:01:16.527 Type: SSH_FXP_MKDIR, Size: 68, Number: 21262
< 2025-12-16 17:01:16.541 Type: SSH_FXP_STATUS, Size: 24, Number: 21262
< 2025-12-16 17:01:16.541 Status code: 0
. 2025-12-16 17:01:16.541 File: 'D:\busineshuboffline CHATGTP\TOGETHERSYSTEMS- GITHUB\Nieuwe map (3)\docs\multi-industry-docs\js\main.js' [2025-12-15T20:45:48.588Z] [4849]
. 2025-12-16 17:01:16.554 Copying "D:\busineshuboffline CHATGTP\TOGETHERSYSTEMS- GITHUB\Nieuwe map (3)\docs\multi-industry-docs\js\main.js" to remote directory started.
. 2025-12-16 17:01:16.559 Binary transfer mode selected.
. 2025-12-16 17:01:16.559 Opening remote file.
> 2025-12-16 17:01:16.559 Type: SSH_FXP_OPEN, Size: 88, Number: 21763
< 2025-12-16 17:01:16.572 Type: SSH_FXP_HANDLE, Size: 13, Number: 21763
> 2025-12-16 17:01:16.572 Type: SSH_FXP_WRITE, Size: 4874, Number: 22278
> 2025-12-16 17:01:16.588 Type: SSH_FXP_CLOSE, Size: 13, Number: 22532
> 2025-12-16 17:01:16.588 Type: SSH_FXP_SETSTAT, Size: 84, Number: 22025
< 2025-12-16 17:01:16.597 Type: SSH_FXP_STATUS, Size: 24, Number: 22278
< 2025-12-16 17:01:16.597 Status code: 0
< 2025-12-16 17:01:16.607 Type: SSH_FXP_STATUS, Size: 24, Number: 22532
< 2025-12-16 17:01:16.607 Status code: 0
. 2025-12-16 17:01:16.623 Preserving timestamp [2025-12-15T20:45:48.000Z]
< 2025-12-16 17:01:16.623 Type: SSH_FXP_STATUS, Size: 24, Number: 22025
< 2025-12-16 17:01:16.623 Status code: 0
. 2025-12-16 17:01:16.623 Transfer done: 'D:\busineshuboffline CHATGTP\TOGETHERSYSTEMS- GITHUB\Nieuwe map (3)\docs\multi-industry-docs\js\main.js' => '/home/u972026836/domains/digitalnotar.in/public_html/js/main.js' [4849]
. 2025-12-16 17:01:16.623 File: 'D:\busineshuboffline CHATGTP\TOGETHERSYSTEMS- GITHUB\Nieuwe map (3)\docs\multi-industry-docs\js\search-data.js' [2025-12-15T20:49:45.332Z] [1251]
. 2025-12-16 17:01:16.658 Copying "D:\busineshuboffline CHATGTP\TOGETHERSYSTEMS- GITHUB\Nieuwe map (3)\docs\multi-industry-docs\js\search-data.js" to remote directory started.
. 2025-12-16 17:01:16.714 Binary transfer mode selected.
. 2025-12-16 17:01:16.714 Opening remote file.
> 2025-12-16 17:01:16.714 Type: SSH_FXP_OPEN, Size: 95, Number: 22787
< 2025-12-16 17:01:16.725 Type: SSH_FXP_HANDLE, Size: 13, Number: 22787
> 2025-12-16 17:01:16.725 Type: SSH_FXP_WRITE, Size: 1276, Number: 23302
> 2025-12-16 17:01:16.744 Type: SSH_FXP_CLOSE, Size: 13, Number: 23556
> 2025-12-16 17:01:16.744 Type: SSH_FXP_SETSTAT, Size: 91, Number: 23049
< 2025-12-16 17:01:16.756 Type: SSH_FXP_STATUS, Size: 24, Number: 23302
< 2025-12-16 17:01:16.756 Status code: 0
< 2025-12-16 17:01:16.760 Type: SSH_FXP_STATUS, Size: 24, Number: 23556
< 2025-12-16 17:01:16.760 Status code: 0
. 2025-12-16 17:01:16.761 Preserving timestamp [2025-12-15T20:49:45.000Z]
< 2025-12-16 17:01:16.763 Type: SSH_FXP_STATUS, Size: 24, Number: 23049
< 2025-12-16 17:01:16.763 Status code: 0
. 2025-12-16 17:01:16.763 Transfer done: 'D:\busineshuboffline CHATGTP\TOGETHERSYSTEMS- GITHUB\Nieuwe map (3)\docs\multi-industry-docs\js\search-data.js' => '/home/u972026836/domains/digitalnotar.in/public_html/js/search-data.js' [1251]
. 2025-12-16 17:01:16.763 File: 'D:\busineshuboffline CHATGTP\TOGETHERSYSTEMS- GITHUB\Nieuwe map (3)\docs\multi-industry-docs\js\search.js' [2025-12-15T21:09:23.640Z] [15728]
. 2025-12-16 17:01:16.779 Copying "D:\busineshuboffline CHATGTP\TOGETHERSYSTEMS- GITHUB\Nieuwe map (3)\docs\multi-industry-docs\js\search.js" to remote directory started.
. 2025-12-16 17:01:16.807 Binary transfer mode selected.
. 2025-12-16 17:01:16.807 Opening remote file.
> 2025-12-16 17:01:16.807 Type: SSH_FXP_OPEN, Size: 90, Number: 23811
< 2025-12-16 17:01:16.813 Type: SSH_FXP_HANDLE, Size: 13, Number: 23811
> 2025-12-16 17:01:16.815 Type: SSH_FXP_WRITE, Size: 15753, Number: 24326
> 2025-12-16 17:01:16.826 Type: SSH_FXP_CLOSE, Size: 13, Number: 24580
> 2025-12-16 17:01:16.826 Type: SSH_FXP_SETSTAT, Size: 86, Number: 24073
< 2025-12-16 17:01:16.839 Type: SSH_FXP_STATUS, Size: 24, Number: 24326
< 2025-12-16 17:01:16.839 Status code: 0
< 2025-12-16 17:01:16.841 Type: SSH_FXP_STATUS, Size: 24, Number: 24580
< 2025-12-16 17:01:16.841 Status code: 0
. 2025-12-16 17:01:16.841 Preserving timestamp [2025-12-15T21:09:23.000Z]
< 2025-12-16 17:01:16.846 Type: SSH_FXP_STATUS, Size: 24, Number: 24073
< 2025-12-16 17:01:16.846 Status code: 0
. 2025-12-16 17:01:16.846 Transfer done: 'D:\busineshuboffline CHATGTP\TOGETHERSYSTEMS- GITHUB\Nieuwe map (3)\docs\multi-industry-docs\js\search.js' => '/home/u972026836/domains/digitalnotar.in/public_html/js/search.js' [15728]
. 2025-12-16 17:01:16.846 Copying finished: Transferred: 99.449, Elapsed: 0:00:02, CPS: 41.128/s
. 2025-12-16 17:01:16.848 Copying 1 files/directories to remote directory "/home/u972026836/domains/digitalnotar.in/public_html/" - total size: 892
. 2025-12-16 17:01:16.848   PrTime: Yes; PrRO: No; Rght: rw-r--r--; PrR: No (No); FnCs: N; RIC: 0001; Resume: S (102400); CalcS: No; Mask: *.*
. 2025-12-16 17:01:16.848   TM: B; ClAr: No; RemEOF: No; RemBOM: No; CPS: 0; NewerOnly: No; EncryptNewFiles: Yes; ExcludeHiddenFiles: No; ExcludeEmptyDirectories: No; InclM: | node_modules/; ResumeL: 0
. 2025-12-16 17:01:16.849   AscM: *.*html; *.htm; *.txt; *.php; *.php3; *.cgi; *.c; *.cpp; *.h; *.pas; *.bas; *.tex; *.pl; *.js; .htaccess; *.xtml; *.css; *.cfg; *.ini; *.sh; *.xml
. 2025-12-16 17:01:16.849 File: 'D:\busineshuboffline CHATGTP\TOGETHERSYSTEMS- GITHUB\Nieuwe map (3)\docs\multi-industry-docs\package.json' [2025-12-16T02:41:34.985Z] [892]
. 2025-12-16 17:01:16.876 Copying "D:\busineshuboffline CHATGTP\TOGETHERSYSTEMS- GITHUB\Nieuwe map (3)\docs\multi-industry-docs\package.json" to remote directory started.
. 2025-12-16 17:01:16.876 Binary transfer mode selected.
. 2025-12-16 17:01:16.876 Opening remote file.
> 2025-12-16 17:01:16.876 Type: SSH_FXP_OPEN, Size: 90, Number: 24835
< 2025-12-16 17:01:16.883 Type: SSH_FXP_HANDLE, Size: 13, Number: 24835
> 2025-12-16 17:01:16.883 Type: SSH_FXP_WRITE, Size: 917, Number: 25350
> 2025-12-16 17:01:16.910 Type: SSH_FXP_CLOSE, Size: 13, Number: 25604
> 2025-12-16 17:01:16.910 Type: SSH_FXP_SETSTAT, Size: 86, Number: 25097
< 2025-12-16 17:01:16.920 Type: SSH_FXP_STATUS, Size: 24, Number: 25350
< 2025-12-16 17:01:16.920 Status code: 0
< 2025-12-16 17:01:16.938 Type: SSH_FXP_STATUS, Size: 24, Number: 25604
< 2025-12-16 17:01:16.938 Status code: 0
. 2025-12-16 17:01:16.942 Preserving timestamp [2025-12-16T02:41:34.000Z]
< 2025-12-16 17:01:16.942 Type: SSH_FXP_STATUS, Size: 24, Number: 25097
< 2025-12-16 17:01:16.942 Status code: 0
. 2025-12-16 17:01:16.943 Transfer done: 'D:\busineshuboffline CHATGTP\TOGETHERSYSTEMS- GITHUB\Nieuwe map (3)\docs\multi-industry-docs\package.json' => '/home/u972026836/domains/digitalnotar.in/public_html/package.json' [892]
. 2025-12-16 17:01:16.943 Copying finished: Transferred: 100.341, Elapsed: 0:00:02, CPS: 39.897/s
. 2025-12-16 17:01:16.943 Copying 1 files/directories to remote directory "/home/u972026836/domains/digitalnotar.in/public_html/" - total size: 88.361
. 2025-12-16 17:01:16.943   PrTime: Yes; PrRO: No; Rght: rw-r--r--; PrR: No (No); FnCs: N; RIC: 0001; Resume: S (102400); CalcS: No; Mask: *.*
. 2025-12-16 17:01:16.943   TM: B; ClAr: No; RemEOF: No; RemBOM: No; CPS: 0; NewerOnly: No; EncryptNewFiles: Yes; ExcludeHiddenFiles: No; ExcludeEmptyDirectories: No; InclM: | node_modules/; ResumeL: 0
. 2025-12-16 17:01:16.943   AscM: *.*html; *.htm; *.txt; *.php; *.php3; *.cgi; *.c; *.cpp; *.h; *.pas; *.bas; *.tex; *.pl; *.js; .htaccess; *.xtml; *.css; *.cfg; *.ini; *.sh; *.xml
. 2025-12-16 17:01:16.943 File: 'D:\busineshuboffline CHATGTP\TOGETHERSYSTEMS- GITHUB\Nieuwe map (3)\docs\multi-industry-docs\package-lock.json' [2025-12-16T07:50:50.149Z] [88361]
. 2025-12-16 17:01:16.993 Copying "D:\busineshuboffline CHATGTP\TOGETHERSYSTEMS- GITHUB\Nieuwe map (3)\docs\multi-industry-docs\package-lock.json" to remote directory started.
. 2025-12-16 17:01:17.006 Binary transfer mode selected.
. 2025-12-16 17:01:17.006 Opening remote file.
> 2025-12-16 17:01:17.006 Type: SSH_FXP_OPEN, Size: 95, Number: 25859
< 2025-12-16 17:01:17.017 Type: SSH_FXP_HANDLE, Size: 13, Number: 25859
> 2025-12-16 17:01:17.025 Type: SSH_FXP_WRITE, Size: 32761, Number: 26374
. 2025-12-16 17:01:17.029 Skipped 2 SSH_FXP_WRITE packets
> 2025-12-16 17:01:17.029 Type: SSH_FXP_CLOSE, Size: 13, Number: 27140
> 2025-12-16 17:01:17.029 Type: SSH_FXP_SETSTAT, Size: 91, Number: 26121
< 2025-12-16 17:01:17.041 Type: SSH_FXP_STATUS, Size: 24, Number: 26374
< 2025-12-16 17:01:17.041 Status code: 0
. 2025-12-16 17:01:17.044 Skipped 2 SSH_FXP_STATUS packets
< 2025-12-16 17:01:17.044 Type: SSH_FXP_STATUS, Size: 24, Number: 27140
< 2025-12-16 17:01:17.044 Status code: 0
. 2025-12-16 17:01:17.044 Preserving timestamp [2025-12-16T07:50:50.000Z]
< 2025-12-16 17:01:17.050 Type: SSH_FXP_STATUS, Size: 24, Number: 26121
< 2025-12-16 17:01:17.050 Status code: 0
. 2025-12-16 17:01:17.050 Transfer done: 'D:\busineshuboffline CHATGTP\TOGETHERSYSTEMS- GITHUB\Nieuwe map (3)\docs\multi-industry-docs\package-lock.json' => '/home/u972026836/domains/digitalnotar.in/public_html/package-lock.json' [88361]
. 2025-12-16 17:01:17.050 Copying finished: Transferred: 188.702, Elapsed: 0:00:02, CPS: 71.968/s
. 2025-12-16 17:01:17.051 Copying 1 files/directories to remote directory "/home/u972026836/domains/digitalnotar.in/public_html/"
. 2025-12-16 17:01:17.051   PrTime: Yes; PrRO: No; Rght: rw-r--r--; PrR: No (No); FnCs: N; RIC: 0001; Resume: S (102400); CalcS: No; Mask: *.*
. 2025-12-16 17:01:17.051   TM: B; ClAr: No; RemEOF: No; RemBOM: No; CPS: 0; NewerOnly: No; EncryptNewFiles: Yes; ExcludeHiddenFiles: No; ExcludeEmptyDirectories: No; InclM: | node_modules/; ResumeL: 0
. 2025-12-16 17:01:17.051   AscM: *.*html; *.htm; *.txt; *.php; *.php3; *.cgi; *.c; *.cpp; *.h; *.pas; *.bas; *.tex; *.pl; *.js; .htaccess; *.xtml; *.css; *.cfg; *.ini; *.sh; *.xml
. 2025-12-16 17:01:17.051 File: 'D:\busineshuboffline CHATGTP\TOGETHERSYSTEMS- GITHUB\Nieuwe map (3)\docs\multi-industry-docs\src' [2025-12-16T07:36:12.474Z] [0]
. 2025-12-16 17:01:17.111 Listing file "/home/u972026836/domains/digitalnotar.in/public_html/src".
> 2025-12-16 17:01:17.112 Type: SSH_FXP_LSTAT, Size: 65, Number: 27399
< 2025-12-16 17:01:17.119 Type: SSH_FXP_STATUS, Size: 29, Number: 27399
< 2025-12-16 17:01:17.119 Status code: 2, Message: 27399, Server: No such file, Language:  
. 2025-12-16 17:01:17.127 Creating directory "/home/u972026836/domains/digitalnotar.in/public_html/src".
. 2025-12-16 17:01:17.127 Canonifying: "/home/u972026836/domains/digitalnotar.in/public_html/src"
. 2025-12-16 17:01:17.127 Getting real path for '/home/u972026836/domains/digitalnotar.in/public_html/src'
> 2025-12-16 17:01:17.127 Type: SSH_FXP_REALPATH, Size: 65, Number: 27920
< 2025-12-16 17:01:17.138 Type: SSH_FXP_NAME, Size: 133, Number: 27920
. 2025-12-16 17:01:17.138 Real path is '/home/u972026836/domains/digitalnotar.in/public_html/src'
. 2025-12-16 17:01:17.138 Canonified: "/home/u972026836/domains/digitalnotar.in/public_html/src"
> 2025-12-16 17:01:17.138 Type: SSH_FXP_MKDIR, Size: 69, Number: 27662
< 2025-12-16 17:01:17.152 Type: SSH_FXP_STATUS, Size: 24, Number: 27662
< 2025-12-16 17:01:17.152 Status code: 0
. 2025-12-16 17:01:17.152 File: 'D:\busineshuboffline CHATGTP\TOGETHERSYSTEMS- GITHUB\Nieuwe map (3)\docs\multi-industry-docs\src\css' [2025-12-16T07:36:14.798Z] [0]
. 2025-12-16 17:01:17.175 Listing file "/home/u972026836/domains/digitalnotar.in/public_html/src/css".
> 2025-12-16 17:01:17.175 Type: SSH_FXP_LSTAT, Size: 69, Number: 28167
< 2025-12-16 17:01:17.181 Type: SSH_FXP_STATUS, Size: 29, Number: 28167
< 2025-12-16 17:01:17.181 Status code: 2, Message: 28167, Server: No such file, Language:  
. 2025-12-16 17:01:17.194 Creating directory "/home/u972026836/domains/digitalnotar.in/public_html/src/css".
. 2025-12-16 17:01:17.194 Canonifying: "/home/u972026836/domains/digitalnotar.in/public_html/src/css"
. 2025-12-16 17:01:17.194 Getting real path for '/home/u972026836/domains/digitalnotar.in/public_html/src/css'
> 2025-12-16 17:01:17.194 Type: SSH_FXP_REALPATH, Size: 69, Number: 28688
< 2025-12-16 17:01:17.204 Type: SSH_FXP_NAME, Size: 141, Number: 28688
. 2025-12-16 17:01:17.204 Real path is '/home/u972026836/domains/digitalnotar.in/public_html/src/css'
. 2025-12-16 17:01:17.204 Canonified: "/home/u972026836/domains/digitalnotar.in/public_html/src/css"
> 2025-12-16 17:01:17.204 Type: SSH_FXP_MKDIR, Size: 73, Number: 28430
< 2025-12-16 17:01:17.213 Type: SSH_FXP_STATUS, Size: 24, Number: 28430
< 2025-12-16 17:01:17.213 Status code: 0
. 2025-12-16 17:01:17.213 File: 'D:\busineshuboffline CHATGTP\TOGETHERSYSTEMS- GITHUB\Nieuwe map (3)\docs\multi-industry-docs\src\css\styles.css' [2025-12-16T07:36:14.816Z] [274]
. 2025-12-16 17:01:17.254 Copying "D:\busineshuboffline CHATGTP\TOGETHERSYSTEMS- GITHUB\Nieuwe map (3)\docs\multi-industry-docs\src\css\styles.css" to remote directory started.
. 2025-12-16 17:01:17.256 Binary transfer mode selected.
. 2025-12-16 17:01:17.256 Opening remote file.
> 2025-12-16 17:01:17.256 Type: SSH_FXP_OPEN, Size: 96, Number: 28931
< 2025-12-16 17:01:17.268 Type: SSH_FXP_HANDLE, Size: 13, Number: 28931
> 2025-12-16 17:01:17.268 Type: SSH_FXP_WRITE, Size: 299, Number: 29446
> 2025-12-16 17:01:17.275 Type: SSH_FXP_CLOSE, Size: 13, Number: 29700
> 2025-12-16 17:01:17.275 Type: SSH_FXP_SETSTAT, Size: 92, Number: 29193
< 2025-12-16 17:01:17.289 Type: SSH_FXP_STATUS, Size: 24, Number: 29446
< 2025-12-16 17:01:17.289 Status code: 0
< 2025-12-16 17:01:17.307 Type: SSH_FXP_STATUS, Size: 24, Number: 29700
< 2025-12-16 17:01:17.307 Status code: 0
. 2025-12-16 17:01:17.307 Preserving timestamp [2025-12-16T07:36:14.000Z]
< 2025-12-16 17:01:17.307 Type: SSH_FXP_STATUS, Size: 24, Number: 29193
< 2025-12-16 17:01:17.307 Status code: 0
. 2025-12-16 17:01:17.307 Transfer done: 'D:\busineshuboffline CHATGTP\TOGETHERSYSTEMS- GITHUB\Nieuwe map (3)\docs\multi-industry-docs\src\css\styles.css' => '/home/u972026836/domains/digitalnotar.in/public_html/src/css/styles.css' [274]
. 2025-12-16 17:01:17.308 File: 'D:\busineshuboffline CHATGTP\TOGETHERSYSTEMS- GITHUB\Nieuwe map (3)\docs\multi-industry-docs\src\images' [2025-12-16T03:02:56.988Z] [0]
. 2025-12-16 17:01:17.427 Listing file "/home/u972026836/domains/digitalnotar.in/public_html/src/images".
> 2025-12-16 17:01:17.427 Type: SSH_FXP_LSTAT, Size: 72, Number: 29959
< 2025-12-16 17:01:17.446 Type: SSH_FXP_STATUS, Size: 29, Number: 29959
< 2025-12-16 17:01:17.446 Status code: 2, Message: 29959, Server: No such file, Language:  
. 2025-12-16 17:01:17.455 Creating directory "/home/u972026836/domains/digitalnotar.in/public_html/src/images".
. 2025-12-16 17:01:17.457 Canonifying: "/home/u972026836/domains/digitalnotar.in/public_html/src/images"
. 2025-12-16 17:01:17.457 Getting real path for '/home/u972026836/domains/digitalnotar.in/public_html/src/images'
> 2025-12-16 17:01:17.457 Type: SSH_FXP_REALPATH, Size: 72, Number: 30480
< 2025-12-16 17:01:17.468 Type: SSH_FXP_NAME, Size: 147, Number: 30480
. 2025-12-16 17:01:17.468 Real path is '/home/u972026836/domains/digitalnotar.in/public_html/src/images'
. 2025-12-16 17:01:17.468 Canonified: "/home/u972026836/domains/digitalnotar.in/public_html/src/images"
> 2025-12-16 17:01:17.468 Type: SSH_FXP_MKDIR, Size: 76, Number: 30222
< 2025-12-16 17:01:17.477 Type: SSH_FXP_STATUS, Size: 24, Number: 30222
< 2025-12-16 17:01:17.477 Status code: 0
. 2025-12-16 17:01:17.477 File: 'D:\busineshuboffline CHATGTP\TOGETHERSYSTEMS- GITHUB\Nieuwe map (3)\docs\multi-industry-docs\src\images\placeholder.jpg' [2025-12-16T03:02:56.994Z] [12165]
. 2025-12-16 17:01:17.496 Copying "D:\busineshuboffline CHATGTP\TOGETHERSYSTEMS- GITHUB\Nieuwe map (3)\docs\multi-industry-docs\src\images\placeholder.jpg" to remote directory started.
. 2025-12-16 17:01:17.496 Binary transfer mode selected.
. 2025-12-16 17:01:17.496 Opening remote file.
> 2025-12-16 17:01:17.496 Type: SSH_FXP_OPEN, Size: 104, Number: 30723
< 2025-12-16 17:01:17.505 Type: SSH_FXP_HANDLE, Size: 13, Number: 30723
> 2025-12-16 17:01:17.505 Type: SSH_FXP_WRITE, Size: 12190, Number: 31238
> 2025-12-16 17:01:17.529 Type: SSH_FXP_CLOSE, Size: 13, Number: 31492
> 2025-12-16 17:01:17.530 Type: SSH_FXP_SETSTAT, Size: 100, Number: 30985
< 2025-12-16 17:01:17.541 Type: SSH_FXP_STATUS, Size: 24, Number: 31238
< 2025-12-16 17:01:17.541 Status code: 0
< 2025-12-16 17:01:17.558 Type: SSH_FXP_STATUS, Size: 24, Number: 31492
< 2025-12-16 17:01:17.558 Status code: 0
. 2025-12-16 17:01:17.644 Preserving timestamp [2025-12-16T03:02:56.000Z]
< 2025-12-16 17:01:17.644 Type: SSH_FXP_STATUS, Size: 24, Number: 30985
< 2025-12-16 17:01:17.644 Status code: 0
. 2025-12-16 17:01:17.644 Transfer done: 'D:\busineshuboffline CHATGTP\TOGETHERSYSTEMS- GITHUB\Nieuwe map (3)\docs\multi-industry-docs\src\images\placeholder.jpg' => '/home/u972026836/domains/digitalnotar.in/public_html/src/images/placeholder.jpg' [12165]
. 2025-12-16 17:01:17.644 File: 'D:\busineshuboffline CHATGTP\TOGETHERSYSTEMS- GITHUB\Nieuwe map (3)\docs\multi-industry-docs\src\js' [2025-12-16T07:36:14.962Z] [0]
. 2025-12-16 17:01:17.659 Listing file "/home/u972026836/domains/digitalnotar.in/public_html/src/js".
> 2025-12-16 17:01:17.659 Type: SSH_FXP_LSTAT, Size: 68, Number: 31751
< 2025-12-16 17:01:17.670 Type: SSH_FXP_STATUS, Size: 29, Number: 31751
< 2025-12-16 17:01:17.670 Status code: 2, Message: 31751, Server: No such file, Language:  
. 2025-12-16 17:01:17.680 Creating directory "/home/u972026836/domains/digitalnotar.in/public_html/src/js".
. 2025-12-16 17:01:17.680 Canonifying: "/home/u972026836/domains/digitalnotar.in/public_html/src/js"
. 2025-12-16 17:01:17.680 Getting real path for '/home/u972026836/domains/digitalnotar.in/public_html/src/js'
> 2025-12-16 17:01:17.680 Type: SSH_FXP_REALPATH, Size: 68, Number: 32272
< 2025-12-16 17:01:17.688 Type: SSH_FXP_NAME, Size: 139, Number: 32272
. 2025-12-16 17:01:17.688 Real path is '/home/u972026836/domains/digitalnotar.in/public_html/src/js'
. 2025-12-16 17:01:17.688 Canonified: "/home/u972026836/domains/digitalnotar.in/public_html/src/js"
> 2025-12-16 17:01:17.688 Type: SSH_FXP_MKDIR, Size: 72, Number: 32014
< 2025-12-16 17:01:17.696 Type: SSH_FXP_STATUS, Size: 24, Number: 32014
< 2025-12-16 17:01:17.696 Status code: 0
. 2025-12-16 17:01:17.696 File: 'D:\busineshuboffline CHATGTP\TOGETHERSYSTEMS- GITHUB\Nieuwe map (3)\docs\multi-industry-docs\src\js\main.js' [2025-12-16T07:36:14.985Z] [339]
. 2025-12-16 17:01:17.758 Copying "D:\busineshuboffline CHATGTP\TOGETHERSYSTEMS- GITHUB\Nieuwe map (3)\docs\multi-industry-docs\src\js\main.js" to remote directory started.
. 2025-12-16 17:01:17.762 Binary transfer mode selected.
. 2025-12-16 17:01:17.762 Opening remote file.
> 2025-12-16 17:01:17.762 Type: SSH_FXP_OPEN, Size: 92, Number: 32515
< 2025-12-16 17:01:17.775 Type: SSH_FXP_HANDLE, Size: 13, Number: 32515
> 2025-12-16 17:01:17.776 Type: SSH_FXP_WRITE, Size: 364, Number: 33030
> 2025-12-16 17:01:17.778 Type: SSH_FXP_CLOSE, Size: 13, Number: 33284
> 2025-12-16 17:01:17.778 Type: SSH_FXP_SETSTAT, Size: 88, Number: 32777
< 2025-12-16 17:01:17.787 Type: SSH_FXP_STATUS, Size: 24, Number: 33030
< 2025-12-16 17:01:17.787 Status code: 0
< 2025-12-16 17:01:17.787 Type: SSH_FXP_STATUS, Size: 24, Number: 33284
< 2025-12-16 17:01:17.787 Status code: 0
. 2025-12-16 17:01:17.787 Preserving timestamp [2025-12-16T07:36:14.000Z]
< 2025-12-16 17:01:17.796 Type: SSH_FXP_STATUS, Size: 24, Number: 32777
< 2025-12-16 17:01:17.796 Status code: 0
. 2025-12-16 17:01:17.796 Transfer done: 'D:\busineshuboffline CHATGTP\TOGETHERSYSTEMS- GITHUB\Nieuwe map (3)\docs\multi-industry-docs\src\js\main.js' => '/home/u972026836/domains/digitalnotar.in/public_html/src/js/main.js' [339]
. 2025-12-16 17:01:17.796 File: 'D:\busineshuboffline CHATGTP\TOGETHERSYSTEMS- GITHUB\Nieuwe map (3)\docs\multi-industry-docs\src\js\search.js' [2025-12-16T03:02:53.474Z] [2493]
. 2025-12-16 17:01:17.809 Copying "D:\busineshuboffline CHATGTP\TOGETHERSYSTEMS- GITHUB\Nieuwe map (3)\docs\multi-industry-docs\src\js\search.js" to remote directory started.
. 2025-12-16 17:01:17.809 Binary transfer mode selected.
. 2025-12-16 17:01:17.809 Opening remote file.
> 2025-12-16 17:01:17.809 Type: SSH_FXP_OPEN, Size: 94, Number: 33539
< 2025-12-16 17:01:17.821 Type: SSH_FXP_HANDLE, Size: 13, Number: 33539
> 2025-12-16 17:01:17.821 Type: SSH_FXP_WRITE, Size: 2518, Number: 34054
> 2025-12-16 17:01:17.821 Type: SSH_FXP_CLOSE, Size: 13, Number: 34308
> 2025-12-16 17:01:17.821 Type: SSH_FXP_SETSTAT, Size: 90, Number: 33801
< 2025-12-16 17:01:17.829 Type: SSH_FXP_STATUS, Size: 24, Number: 34054
< 2025-12-16 17:01:17.829 Status code: 0
< 2025-12-16 17:01:17.829 Type: SSH_FXP_STATUS, Size: 24, Number: 34308
< 2025-12-16 17:01:17.829 Status code: 0
. 2025-12-16 17:01:17.829 Preserving timestamp [2025-12-16T03:02:53.000Z]
< 2025-12-16 17:01:17.836 Type: SSH_FXP_STATUS, Size: 24, Number: 33801
< 2025-12-16 17:01:17.836 Status code: 0
. 2025-12-16 17:01:17.836 Transfer done: 'D:\busineshuboffline CHATGTP\TOGETHERSYSTEMS- GITHUB\Nieuwe map (3)\docs\multi-industry-docs\src\js\search.js' => '/home/u972026836/domains/digitalnotar.in/public_html/src/js/search.js' [2493]
. 2025-12-16 17:01:17.838 File: 'D:\busineshuboffline CHATGTP\TOGETHERSYSTEMS- GITHUB\Nieuwe map (3)\docs\multi-industry-docs\src\js\wysiwyg.js' [2025-12-16T07:36:17.440Z] [521]
. 2025-12-16 17:01:17.885 Copying "D:\busineshuboffline CHATGTP\TOGETHERSYSTEMS- GITHUB\Nieuwe map (3)\docs\multi-industry-docs\src\js\wysiwyg.js" to remote directory started.
. 2025-12-16 17:01:17.885 Binary transfer mode selected.
. 2025-12-16 17:01:17.885 Opening remote file.
> 2025-12-16 17:01:17.885 Type: SSH_FXP_OPEN, Size: 95, Number: 34563
< 2025-12-16 17:01:17.894 Type: SSH_FXP_HANDLE, Size: 13, Number: 34563
> 2025-12-16 17:01:17.894 Type: SSH_FXP_WRITE, Size: 546, Number: 35078
> 2025-12-16 17:01:17.920 Type: SSH_FXP_CLOSE, Size: 13, Number: 35332
> 2025-12-16 17:01:17.920 Type: SSH_FXP_SETSTAT, Size: 91, Number: 34825
< 2025-12-16 17:01:17.932 Type: SSH_FXP_STATUS, Size: 24, Number: 35078
< 2025-12-16 17:01:17.932 Status code: 0
< 2025-12-16 17:01:17.944 Type: SSH_FXP_STATUS, Size: 24, Number: 35332
< 2025-12-16 17:01:17.944 Status code: 0
. 2025-12-16 17:01:17.944 Preserving timestamp [2025-12-16T07:36:17.000Z]
< 2025-12-16 17:01:17.945 Type: SSH_FXP_STATUS, Size: 24, Number: 34825
< 2025-12-16 17:01:17.945 Status code: 0
. 2025-12-16 17:01:17.945 Transfer done: 'D:\busineshuboffline CHATGTP\TOGETHERSYSTEMS- GITHUB\Nieuwe map (3)\docs\multi-industry-docs\src\js\wysiwyg.js' => '/home/u972026836/domains/digitalnotar.in/public_html/src/js/wysiwyg.js' [521]
. 2025-12-16 17:01:17.946 File: 'D:\busineshuboffline CHATGTP\TOGETHERSYSTEMS- GITHUB\Nieuwe map (3)\docs\multi-industry-docs\src\pages' [2025-12-16T03:10:28.670Z] [0]
. 2025-12-16 17:01:17.946 Listing file "/home/u972026836/domains/digitalnotar.in/public_html/src/pages".
> 2025-12-16 17:01:17.946 Type: SSH_FXP_LSTAT, Size: 71, Number: 35591
< 2025-12-16 17:01:17.954 Type: SSH_FXP_STATUS, Size: 29, Number: 35591
< 2025-12-16 17:01:17.954 Status code: 2, Message: 35591, Server: No such file, Language:  
. 2025-12-16 17:01:17.963 Creating directory "/home/u972026836/domains/digitalnotar.in/public_html/src/pages".
. 2025-12-16 17:01:17.963 Canonifying: "/home/u972026836/domains/digitalnotar.in/public_html/src/pages"
. 2025-12-16 17:01:17.963 Getting real path for '/home/u972026836/domains/digitalnotar.in/public_html/src/pages'
> 2025-12-16 17:01:17.963 Type: SSH_FXP_REALPATH, Size: 71, Number: 36112
< 2025-12-16 17:01:17.974 Type: SSH_FXP_NAME, Size: 145, Number: 36112
. 2025-12-16 17:01:17.974 Real path is '/home/u972026836/domains/digitalnotar.in/public_html/src/pages'
. 2025-12-16 17:01:17.974 Canonified: "/home/u972026836/domains/digitalnotar.in/public_html/src/pages"
> 2025-12-16 17:01:17.974 Type: SSH_FXP_MKDIR, Size: 75, Number: 35854
< 2025-12-16 17:01:17.986 Type: SSH_FXP_STATUS, Size: 24, Number: 35854
< 2025-12-16 17:01:17.986 Status code: 0
. 2025-12-16 17:01:17.986 File: 'D:\busineshuboffline CHATGTP\TOGETHERSYSTEMS- GITHUB\Nieuwe map (3)\docs\multi-industry-docs\src\pages\404.html' [2025-12-16T07:36:14.653Z] [1048]
. 2025-12-16 17:01:17.991 Copying "D:\busineshuboffline CHATGTP\TOGETHERSYSTEMS- GITHUB\Nieuwe map (3)\docs\multi-industry-docs\src\pages\404.html" to remote directory started.
. 2025-12-16 17:01:17.991 Binary transfer mode selected.
. 2025-12-16 17:01:17.991 Opening remote file.
> 2025-12-16 17:01:17.991 Type: SSH_FXP_OPEN, Size: 96, Number: 36355
< 2025-12-16 17:01:18.006 Type: SSH_FXP_HANDLE, Size: 13, Number: 36355
> 2025-12-16 17:01:18.011 Type: SSH_FXP_WRITE, Size: 1073, Number: 36870
> 2025-12-16 17:01:18.013 Type: SSH_FXP_CLOSE, Size: 13, Number: 37124
> 2025-12-16 17:01:18.013 Type: SSH_FXP_SETSTAT, Size: 92, Number: 36617
< 2025-12-16 17:01:18.023 Type: SSH_FXP_STATUS, Size: 24, Number: 36870
< 2025-12-16 17:01:18.023 Status code: 0
< 2025-12-16 17:01:18.023 Type: SSH_FXP_STATUS, Size: 24, Number: 37124
< 2025-12-16 17:01:18.023 Status code: 0
. 2025-12-16 17:01:18.023 Preserving timestamp [2025-12-16T07:36:14.000Z]
< 2025-12-16 17:01:18.031 Type: SSH_FXP_STATUS, Size: 24, Number: 36617
< 2025-12-16 17:01:18.031 Status code: 0
. 2025-12-16 17:01:18.031 Transfer done: 'D:\busineshuboffline CHATGTP\TOGETHERSYSTEMS- GITHUB\Nieuwe map (3)\docs\multi-industry-docs\src\pages\404.html' => '/home/u972026836/domains/digitalnotar.in/public_html/src/pages/404.html' [1048]
. 2025-12-16 17:01:18.031 File: 'D:\busineshuboffline CHATGTP\TOGETHERSYSTEMS- GITHUB\Nieuwe map (3)\docs\multi-industry-docs\src\pages\index.html' [2025-12-16T07:57:34.577Z] [673]
. 2025-12-16 17:01:18.086 Copying "D:\busineshuboffline CHATGTP\TOGETHERSYSTEMS- GITHUB\Nieuwe map (3)\docs\multi-industry-docs\src\pages\index.html" to remote directory started.
. 2025-12-16 17:01:18.088 Binary transfer mode selected.
. 2025-12-16 17:01:18.088 Opening remote file.
> 2025-12-16 17:01:18.088 Type: SSH_FXP_OPEN, Size: 98, Number: 37379
< 2025-12-16 17:01:18.098 Type: SSH_FXP_HANDLE, Size: 13, Number: 37379
> 2025-12-16 17:01:18.098 Type: SSH_FXP_WRITE, Size: 698, Number: 37894
> 2025-12-16 17:01:18.122 Type: SSH_FXP_CLOSE, Size: 13, Number: 38148
> 2025-12-16 17:01:18.122 Type: SSH_FXP_SETSTAT, Size: 94, Number: 37641
< 2025-12-16 17:01:18.134 Type: SSH_FXP_STATUS, Size: 24, Number: 37894
< 2025-12-16 17:01:18.134 Status code: 0
< 2025-12-16 17:01:18.142 Type: SSH_FXP_STATUS, Size: 24, Number: 38148
< 2025-12-16 17:01:18.142 Status code: 0
. 2025-12-16 17:01:18.142 Preserving timestamp [2025-12-16T07:57:34.000Z]
< 2025-12-16 17:01:18.148 Type: SSH_FXP_STATUS, Size: 24, Number: 37641
< 2025-12-16 17:01:18.148 Status code: 0
. 2025-12-16 17:01:18.148 Transfer done: 'D:\busineshuboffline CHATGTP\TOGETHERSYSTEMS- GITHUB\Nieuwe map (3)\docs\multi-industry-docs\src\pages\index.html' => '/home/u972026836/domains/digitalnotar.in/public_html/src/pages/index.html' [673]
. 2025-12-16 17:01:18.149 File: 'D:\busineshuboffline CHATGTP\TOGETHERSYSTEMS- GITHUB\Nieuwe map (3)\docs\multi-industry-docs\src\pages\industries' [2025-12-16T03:10:29.737Z] [0]
. 2025-12-16 17:01:18.193 Listing file "/home/u972026836/domains/digitalnotar.in/public_html/src/pages/industries".
> 2025-12-16 17:01:18.193 Type: SSH_FXP_LSTAT, Size: 82, Number: 38407
< 2025-12-16 17:01:18.205 Type: SSH_FXP_STATUS, Size: 29, Number: 38407
< 2025-12-16 17:01:18.205 Status code: 2, Message: 38407, Server: No such file, Language:  
. 2025-12-16 17:01:18.214 Creating directory "/home/u972026836/domains/digitalnotar.in/public_html/src/pages/industries".
. 2025-12-16 17:01:18.215 Canonifying: "/home/u972026836/domains/digitalnotar.in/public_html/src/pages/industries"
. 2025-12-16 17:01:18.215 Getting real path for '/home/u972026836/domains/digitalnotar.in/public_html/src/pages/industries'
> 2025-12-16 17:01:18.215 Type: SSH_FXP_REALPATH, Size: 82, Number: 38928
< 2025-12-16 17:01:18.222 Type: SSH_FXP_NAME, Size: 167, Number: 38928
. 2025-12-16 17:01:18.222 Real path is '/home/u972026836/domains/digitalnotar.in/public_html/src/pages/industries'
. 2025-12-16 17:01:18.222 Canonified: "/home/u972026836/domains/digitalnotar.in/public_html/src/pages/industries"
> 2025-12-16 17:01:18.222 Type: SSH_FXP_MKDIR, Size: 86, Number: 38670
< 2025-12-16 17:01:18.229 Type: SSH_FXP_STATUS, Size: 24, Number: 38670
< 2025-12-16 17:01:18.229 Status code: 0
. 2025-12-16 17:01:18.229 File: 'D:\busineshuboffline CHATGTP\TOGETHERSYSTEMS- GITHUB\Nieuwe map (3)\docs\multi-industry-docs\src\pages\industries\ecommerce' [2025-12-16T03:10:29.234Z] [0]
. 2025-12-16 17:01:18.245 Listing file "/home/u972026836/domains/digitalnotar.in/public_html/src/pages/industries/ecommerce".
> 2025-12-16 17:01:18.245 Type: SSH_FXP_LSTAT, Size: 92, Number: 39175
< 2025-12-16 17:01:18.254 Type: SSH_FXP_STATUS, Size: 29, Number: 39175
< 2025-12-16 17:01:18.254 Status code: 2, Message: 39175, Server: No such file, Language:  
. 2025-12-16 17:01:18.263 Creating directory "/home/u972026836/domains/digitalnotar.in/public_html/src/pages/industries/ecommerce".
. 2025-12-16 17:01:18.263 Canonifying: "/home/u972026836/domains/digitalnotar.in/public_html/src/pages/industries/ecommerce"
. 2025-12-16 17:01:18.263 Getting real path for '/home/u972026836/domains/digitalnotar.in/public_html/src/pages/industries/ecommerce'
> 2025-12-16 17:01:18.263 Type: SSH_FXP_REALPATH, Size: 92, Number: 39696
< 2025-12-16 17:01:18.281 Type: SSH_FXP_NAME, Size: 187, Number: 39696
. 2025-12-16 17:01:18.281 Real path is '/home/u972026836/domains/digitalnotar.in/public_html/src/pages/industries/ecommerce'
. 2025-12-16 17:01:18.281 Canonified: "/home/u972026836/domains/digitalnotar.in/public_html/src/pages/industries/ecommerce"
> 2025-12-16 17:01:18.281 Type: SSH_FXP_MKDIR, Size: 96, Number: 39438
< 2025-12-16 17:01:18.290 Type: SSH_FXP_STATUS, Size: 24, Number: 39438
< 2025-12-16 17:01:18.290 Status code: 0
. 2025-12-16 17:01:18.290 File: 'D:\busineshuboffline CHATGTP\TOGETHERSYSTEMS- GITHUB\Nieuwe map (3)\docs\multi-industry-docs\src\pages\industries\ecommerce\api.html' [2025-12-16T03:02:52.222Z] [694]
. 2025-12-16 17:01:18.330 Copying "D:\busineshuboffline CHATGTP\TOGETHERSYSTEMS- GITHUB\Nieuwe map (3)\docs\multi-industry-docs\src\pages\industries\ecommerce\api.html" to remote directory started.
. 2025-12-16 17:01:18.330 Binary transfer mode selected.
. 2025-12-16 17:01:18.330 Opening remote file.
> 2025-12-16 17:01:18.330 Type: SSH_FXP_OPEN, Size: 117, Number: 39939
< 2025-12-16 17:01:18.342 Type: SSH_FXP_HANDLE, Size: 13, Number: 39939
> 2025-12-16 17:01:18.342 Type: SSH_FXP_WRITE, Size: 719, Number: 40454
> 2025-12-16 17:01:18.391 Type: SSH_FXP_CLOSE, Size: 13, Number: 40708
> 2025-12-16 17:01:18.391 Type: SSH_FXP_SETSTAT, Size: 113, Number: 40201
< 2025-12-16 17:01:18.401 Type: SSH_FXP_STATUS, Size: 24, Number: 40454
< 2025-12-16 17:01:18.401 Status code: 0
< 2025-12-16 17:01:18.428 Type: SSH_FXP_STATUS, Size: 24, Number: 40708
< 2025-12-16 17:01:18.428 Status code: 0
. 2025-12-16 17:01:18.431 Preserving timestamp [2025-12-16T03:02:52.000Z]
< 2025-12-16 17:01:18.431 Type: SSH_FXP_STATUS, Size: 24, Number: 40201
< 2025-12-16 17:01:18.431 Status code: 0
. 2025-12-16 17:01:18.431 Transfer done: 'D:\busineshuboffline CHATGTP\TOGETHERSYSTEMS- GITHUB\Nieuwe map (3)\docs\multi-industry-docs\src\pages\industries\ecommerce\api.html' => '/home/u972026836/domains/digitalnotar.in/public_html/src/pages/industries/ecommerce/api.html' [694]
. 2025-12-16 17:01:18.432 File: 'D:\busineshuboffline CHATGTP\TOGETHERSYSTEMS- GITHUB\Nieuwe map (3)\docs\multi-industry-docs\src\pages\industries\ecommerce\getting-started.html' [2025-12-16T03:02:52.188Z] [742]
. 2025-12-16 17:01:18.490 Copying "D:\busineshuboffline CHATGTP\TOGETHERSYSTEMS- GITHUB\Nieuwe map (3)\docs\multi-industry-docs\src\pages\industries\ecommerce\getting-started.html" to remote directory started.
. 2025-12-16 17:01:18.495 Binary transfer mode selected.
. 2025-12-16 17:01:18.495 Opening remote file.
> 2025-12-16 17:01:18.495 Type: SSH_FXP_OPEN, Size: 129, Number: 40963
< 2025-12-16 17:01:18.504 Type: SSH_FXP_HANDLE, Size: 13, Number: 40963
> 2025-12-16 17:01:18.504 Type: SSH_FXP_WRITE, Size: 767, Number: 41478
> 2025-12-16 17:01:18.514 Type: SSH_FXP_CLOSE, Size: 13, Number: 41732
> 2025-12-16 17:01:18.514 Type: SSH_FXP_SETSTAT, Size: 125, Number: 41225
< 2025-12-16 17:01:18.526 Type: SSH_FXP_STATUS, Size: 24, Number: 41478
< 2025-12-16 17:01:18.526 Status code: 0
< 2025-12-16 17:01:18.528 Type: SSH_FXP_STATUS, Size: 24, Number: 41732
< 2025-12-16 17:01:18.528 Status code: 0
. 2025-12-16 17:01:18.528 Preserving timestamp [2025-12-16T03:02:52.000Z]
< 2025-12-16 17:01:18.535 Type: SSH_FXP_STATUS, Size: 24, Number: 41225
< 2025-12-16 17:01:18.535 Status code: 0
. 2025-12-16 17:01:18.535 Transfer done: 'D:\busineshuboffline CHATGTP\TOGETHERSYSTEMS- GITHUB\Nieuwe map (3)\docs\multi-industry-docs\src\pages\industries\ecommerce\getting-started.html' => '/home/u972026836/domains/digitalnotar.in/public_html/src/pages/industries/ecommerce/getting-started.html' [742]
. 2025-12-16 17:01:18.535 File: 'D:\busineshuboffline CHATGTP\TOGETHERSYSTEMS- GITHUB\Nieuwe map (3)\docs\multi-industry-docs\src\pages\industries\ecommerce\index.html' [2025-12-16T07:36:14.051Z] [1372]
. 2025-12-16 17:01:18.609 Copying "D:\busineshuboffline CHATGTP\TOGETHERSYSTEMS- GITHUB\Nieuwe map (3)\docs\multi-industry-docs\src\pages\industries\ecommerce\index.html" to remote directory started.
. 2025-12-16 17:01:18.613 Binary transfer mode selected.
. 2025-12-16 17:01:18.613 Opening remote file.
> 2025-12-16 17:01:18.613 Type: SSH_FXP_OPEN, Size: 119, Number: 41987
< 2025-12-16 17:01:18.624 Type: SSH_FXP_HANDLE, Size: 13, Number: 41987
> 2025-12-16 17:01:18.624 Type: SSH_FXP_WRITE, Size: 1397, Number: 42502
> 2025-12-16 17:01:18.645 Type: SSH_FXP_CLOSE, Size: 13, Number: 42756
> 2025-12-16 17:01:18.645 Type: SSH_FXP_SETSTAT, Size: 115, Number: 42249
< 2025-12-16 17:01:18.652 Type: SSH_FXP_STATUS, Size: 24, Number: 42502
< 2025-12-16 17:01:18.652 Status code: 0
< 2025-12-16 17:01:18.669 Type: SSH_FXP_STATUS, Size: 24, Number: 42756
< 2025-12-16 17:01:18.669 Status code: 0
. 2025-12-16 17:01:18.674 Preserving timestamp [2025-12-16T07:36:14.000Z]
< 2025-12-16 17:01:18.674 Type: SSH_FXP_STATUS, Size: 24, Number: 42249
< 2025-12-16 17:01:18.674 Status code: 0
. 2025-12-16 17:01:18.674 Transfer done: 'D:\busineshuboffline CHATGTP\TOGETHERSYSTEMS- GITHUB\Nieuwe map (3)\docs\multi-industry-docs\src\pages\industries\ecommerce\index.html' => '/home/u972026836/domains/digitalnotar.in/public_html/src/pages/industries/ecommerce/index.html' [1372]
. 2025-12-16 17:01:18.674 File: 'D:\busineshuboffline CHATGTP\TOGETHERSYSTEMS- GITHUB\Nieuwe map (3)\docs\multi-industry-docs\src\pages\industries\ecommerce\overview.html' [2025-12-16T03:02:52.119Z] [714]
. 2025-12-16 17:01:18.722 Copying "D:\busineshuboffline CHATGTP\TOGETHERSYSTEMS- GITHUB\Nieuwe map (3)\docs\multi-industry-docs\src\pages\industries\ecommerce\overview.html" to remote directory started.
. 2025-12-16 17:01:18.722 Binary transfer mode selected.
. 2025-12-16 17:01:18.722 Opening remote file.
> 2025-12-16 17:01:18.723 Type: SSH_FXP_OPEN, Size: 122, Number: 43011
< 2025-12-16 17:01:18.731 Type: SSH_FXP_HANDLE, Size: 13, Number: 43011
> 2025-12-16 17:01:18.731 Type: SSH_FXP_WRITE, Size: 739, Number: 43526
> 2025-12-16 17:01:18.745 Type: SSH_FXP_CLOSE, Size: 13, Number: 43780
> 2025-12-16 17:01:18.745 Type: SSH_FXP_SETSTAT, Size: 118, Number: 43273
< 2025-12-16 17:01:18.754 Type: SSH_FXP_STATUS, Size: 24, Number: 43526
< 2025-12-16 17:01:18.754 Status code: 0
< 2025-12-16 17:01:18.774 Type: SSH_FXP_STATUS, Size: 24, Number: 43780
< 2025-12-16 17:01:18.774 Status code: 0
. 2025-12-16 17:01:18.777 Preserving timestamp [2025-12-16T03:02:52.000Z]
< 2025-12-16 17:01:18.777 Type: SSH_FXP_STATUS, Size: 24, Number: 43273
< 2025-12-16 17:01:18.777 Status code: 0
. 2025-12-16 17:01:18.777 Transfer done: 'D:\busineshuboffline CHATGTP\TOGETHERSYSTEMS- GITHUB\Nieuwe map (3)\docs\multi-industry-docs\src\pages\industries\ecommerce\overview.html' => '/home/u972026836/domains/digitalnotar.in/public_html/src/pages/industries/ecommerce/overview.html' [714]
. 2025-12-16 17:01:18.778 File: 'D:\busineshuboffline CHATGTP\TOGETHERSYSTEMS- GITHUB\Nieuwe map (3)\docs\multi-industry-docs\src\pages\industries\ecommerce.html' [2025-12-16T03:02:51.587Z] [930]
. 2025-12-16 17:01:18.855 Copying "D:\busineshuboffline CHATGTP\TOGETHERSYSTEMS- GITHUB\Nieuwe map (3)\docs\multi-industry-docs\src\pages\industries\ecommerce.html" to remote directory started.
. 2025-12-16 17:01:18.922 Binary transfer mode selected.
. 2025-12-16 17:01:18.922 Opening remote file.
> 2025-12-16 17:01:18.922 Type: SSH_FXP_OPEN, Size: 113, Number: 44035
< 2025-12-16 17:01:18.932 Type: SSH_FXP_HANDLE, Size: 13, Number: 44035
> 2025-12-16 17:01:18.932 Type: SSH_FXP_WRITE, Size: 955, Number: 44550
> 2025-12-16 17:01:18.974 Type: SSH_FXP_CLOSE, Size: 13, Number: 44804
> 2025-12-16 17:01:18.974 Type: SSH_FXP_SETSTAT, Size: 109, Number: 44297
< 2025-12-16 17:01:18.982 Type: SSH_FXP_STATUS, Size: 24, Number: 44550
< 2025-12-16 17:01:18.984 Status code: 0
< 2025-12-16 17:01:18.996 Type: SSH_FXP_STATUS, Size: 24, Number: 44804
< 2025-12-16 17:01:18.996 Status code: 0
. 2025-12-16 17:01:19.023 Preserving timestamp [2025-12-16T03:02:51.000Z]
< 2025-12-16 17:01:19.023 Type: SSH_FXP_STATUS, Size: 24, Number: 44297
< 2025-12-16 17:01:19.023 Status code: 0
. 2025-12-16 17:01:19.023 Transfer done: 'D:\busineshuboffline CHATGTP\TOGETHERSYSTEMS- GITHUB\Nieuwe map (3)\docs\multi-industry-docs\src\pages\industries\ecommerce.html' => '/home/u972026836/domains/digitalnotar.in/public_html/src/pages/industries/ecommerce.html' [930]
. 2025-12-16 17:01:19.024 File: 'D:\busineshuboffline CHATGTP\TOGETHERSYSTEMS- GITHUB\Nieuwe map (3)\docs\multi-industry-docs\src\pages\industries\education' [2025-12-16T03:02:52.527Z] [0]
. 2025-12-16 17:01:19.208 Listing file "/home/u972026836/domains/digitalnotar.in/public_html/src/pages/industries/education".
> 2025-12-16 17:01:19.208 Type: SSH_FXP_LSTAT, Size: 92, Number: 45063
< 2025-12-16 17:01:19.218 Type: SSH_FXP_STATUS, Size: 29, Number: 45063
< 2025-12-16 17:01:19.218 Status code: 2, Message: 45063, Server: No such file, Language:  
. 2025-12-16 17:01:19.228 Creating directory "/home/u972026836/domains/digitalnotar.in/public_html/src/pages/industries/education".
. 2025-12-16 17:01:19.228 Canonifying: "/home/u972026836/domains/digitalnotar.in/public_html/src/pages/industries/education"
. 2025-12-16 17:01:19.228 Getting real path for '/home/u972026836/domains/digitalnotar.in/public_html/src/pages/industries/education'
> 2025-12-16 17:01:19.228 Type: SSH_FXP_REALPATH, Size: 92, Number: 45584
< 2025-12-16 17:01:19.238 Type: SSH_FXP_NAME, Size: 187, Number: 45584
. 2025-12-16 17:01:19.238 Real path is '/home/u972026836/domains/digitalnotar.in/public_html/src/pages/industries/education'
. 2025-12-16 17:01:19.238 Canonified: "/home/u972026836/domains/digitalnotar.in/public_html/src/pages/industries/education"
> 2025-12-16 17:01:19.238 Type: SSH_FXP_MKDIR, Size: 96, Number: 45326
< 2025-12-16 17:01:19.247 Type: SSH_FXP_STATUS, Size: 24, Number: 45326
< 2025-12-16 17:01:19.247 Status code: 0
. 2025-12-16 17:01:19.247 File: 'D:\busineshuboffline CHATGTP\TOGETHERSYSTEMS- GITHUB\Nieuwe map (3)\docs\multi-industry-docs\src\pages\industries\education\api.html' [2025-12-16T03:02:52.528Z] [694]
. 2025-12-16 17:01:19.357 Copying "D:\busineshuboffline CHATGTP\TOGETHERSYSTEMS- GITHUB\Nieuwe map (3)\docs\multi-industry-docs\src\pages\industries\education\api.html" to remote directory started.
. 2025-12-16 17:01:19.371 Binary transfer mode selected.
. 2025-12-16 17:01:19.371 Opening remote file.
> 2025-12-16 17:01:19.372 Type: SSH_FXP_OPEN, Size: 117, Number: 45827
< 2025-12-16 17:01:19.384 Type: SSH_FXP_HANDLE, Size: 13, Number: 45827
> 2025-12-16 17:01:19.384 Type: SSH_FXP_WRITE, Size: 719, Number: 46342
> 2025-12-16 17:01:19.427 Type: SSH_FXP_CLOSE, Size: 13, Number: 46596
> 2025-12-16 17:01:19.427 Type: SSH_FXP_SETSTAT, Size: 113, Number: 46089
< 2025-12-16 17:01:19.436 Type: SSH_FXP_STATUS, Size: 24, Number: 46342
< 2025-12-16 17:01:19.436 Status code: 0
< 2025-12-16 17:01:19.444 Type: SSH_FXP_STATUS, Size: 24, Number: 46596
< 2025-12-16 17:01:19.444 Status code: 0
. 2025-12-16 17:01:19.444 Preserving timestamp [2025-12-16T03:02:52.000Z]
< 2025-12-16 17:01:19.444 Type: SSH_FXP_STATUS, Size: 24, Number: 46089
< 2025-12-16 17:01:19.444 Status code: 0
. 2025-12-16 17:01:19.444 Transfer done: 'D:\busineshuboffline CHATGTP\TOGETHERSYSTEMS- GITHUB\Nieuwe map (3)\docs\multi-industry-docs\src\pages\industries\education\api.html' => '/home/u972026836/domains/digitalnotar.in/public_html/src/pages/industries/education/api.html' [694]
. 2025-12-16 17:01:19.444 File: 'D:\busineshuboffline CHATGTP\TOGETHERSYSTEMS- GITHUB\Nieuwe map (3)\docs\multi-industry-docs\src\pages\industries\education\getting-started.html' [2025-12-16T03:02:52.510Z] [742]
. 2025-12-16 17:01:19.494 Copying "D:\busineshuboffline CHATGTP\TOGETHERSYSTEMS- GITHUB\Nieuwe map (3)\docs\multi-industry-docs\src\pages\industries\education\getting-started.html" to remote directory started.
. 2025-12-16 17:01:19.494 Binary transfer mode selected.
. 2025-12-16 17:01:19.494 Opening remote file.
> 2025-12-16 17:01:19.494 Type: SSH_FXP_OPEN, Size: 129, Number: 46851
< 2025-12-16 17:01:19.505 Type: SSH_FXP_HANDLE, Size: 13, Number: 46851
> 2025-12-16 17:01:19.505 Type: SSH_FXP_WRITE, Size: 767, Number: 47366
> 2025-12-16 17:01:19.595 Type: SSH_FXP_CLOSE, Size: 13, Number: 47620
> 2025-12-16 17:01:19.595 Type: SSH_FXP_SETSTAT, Size: 125, Number: 47113
< 2025-12-16 17:01:19.604 Type: SSH_FXP_STATUS, Size: 24, Number: 47366
< 2025-12-16 17:01:19.604 Status code: 0
< 2025-12-16 17:01:19.623 Type: SSH_FXP_STATUS, Size: 24, Number: 47620
< 2025-12-16 17:01:19.623 Status code: 0
. 2025-12-16 17:01:19.623 Preserving timestamp [2025-12-16T03:02:52.000Z]
< 2025-12-16 17:01:19.623 Type: SSH_FXP_STATUS, Size: 24, Number: 47113
< 2025-12-16 17:01:19.623 Status code: 0
. 2025-12-16 17:01:19.623 Transfer done: 'D:\busineshuboffline CHATGTP\TOGETHERSYSTEMS- GITHUB\Nieuwe map (3)\docs\multi-industry-docs\src\pages\industries\education\getting-started.html' => '/home/u972026836/domains/digitalnotar.in/public_html/src/pages/industries/education/getting-started.html' [742]
. 2025-12-16 17:01:19.624 File: 'D:\busineshuboffline CHATGTP\TOGETHERSYSTEMS- GITHUB\Nieuwe map (3)\docs\multi-industry-docs\src\pages\industries\education\overview.html' [2025-12-16T03:02:52.493Z] [714]
. 2025-12-16 17:01:19.689 Copying "D:\busineshuboffline CHATGTP\TOGETHERSYSTEMS- GITHUB\Nieuwe map (3)\docs\multi-industry-docs\src\pages\industries\education\overview.html" to remote directory started.
. 2025-12-16 17:01:19.697 Binary transfer mode selected.
. 2025-12-16 17:01:19.697 Opening remote file.
> 2025-12-16 17:01:19.697 Type: SSH_FXP_OPEN, Size: 122, Number: 47875
< 2025-12-16 17:01:19.707 Type: SSH_FXP_HANDLE, Size: 13, Number: 47875
> 2025-12-16 17:01:19.707 Type: SSH_FXP_WRITE, Size: 739, Number: 48390
> 2025-12-16 17:01:19.713 Type: SSH_FXP_CLOSE, Size: 13, Number: 48644
> 2025-12-16 17:01:19.713 Type: SSH_FXP_SETSTAT, Size: 118, Number: 48137
< 2025-12-16 17:01:19.722 Type: SSH_FXP_STATUS, Size: 24, Number: 48390
< 2025-12-16 17:01:19.722 Status code: 0
< 2025-12-16 17:01:19.780 Type: SSH_FXP_STATUS, Size: 24, Number: 48644
< 2025-12-16 17:01:19.780 Status code: 0
. 2025-12-16 17:01:19.808 Preserving timestamp [2025-12-16T03:02:52.000Z]
< 2025-12-16 17:01:19.808 Type: SSH_FXP_STATUS, Size: 24, Number: 48137
< 2025-12-16 17:01:19.808 Status code: 0
. 2025-12-16 17:01:19.808 Transfer done: 'D:\busineshuboffline CHATGTP\TOGETHERSYSTEMS- GITHUB\Nieuwe map (3)\docs\multi-industry-docs\src\pages\industries\education\overview.html' => '/home/u972026836/domains/digitalnotar.in/public_html/src/pages/industries/education/overview.html' [714]
. 2025-12-16 17:01:19.808 File: 'D:\busineshuboffline CHATGTP\TOGETHERSYSTEMS- GITHUB\Nieuwe map (3)\docs\multi-industry-docs\src\pages\industries\education.html' [2025-12-16T03:02:51.611Z] [930]
. 2025-12-16 17:01:20.108 Copying "D:\busineshuboffline CHATGTP\TOGETHERSYSTEMS- GITHUB\Nieuwe map (3)\docs\multi-industry-docs\src\pages\industries\education.html" to remote directory started.
. 2025-12-16 17:01:20.122 Binary transfer mode selected.
. 2025-12-16 17:01:20.122 Opening remote file.
> 2025-12-16 17:01:20.122 Type: SSH_FXP_OPEN, Size: 113, Number: 48899
< 2025-12-16 17:01:20.132 Type: SSH_FXP_HANDLE, Size: 13, Number: 48899
> 2025-12-16 17:01:20.132 Type: SSH_FXP_WRITE, Size: 955, Number: 49414
> 2025-12-16 17:01:20.158 Type: SSH_FXP_CLOSE, Size: 13, Number: 49668
> 2025-12-16 17:01:20.158 Type: SSH_FXP_SETSTAT, Size: 109, Number: 49161
< 2025-12-16 17:01:20.167 Type: SSH_FXP_STATUS, Size: 24, Number: 49414
< 2025-12-16 17:01:20.167 Status code: 0
< 2025-12-16 17:01:20.179 Type: SSH_FXP_STATUS, Size: 24, Number: 49668
< 2025-12-16 17:01:20.179 Status code: 0
. 2025-12-16 17:01:20.179 Preserving timestamp [2025-12-16T03:02:51.000Z]
< 2025-12-16 17:01:20.184 Type: SSH_FXP_STATUS, Size: 24, Number: 49161
< 2025-12-16 17:01:20.184 Status code: 0
. 2025-12-16 17:01:20.184 Transfer done: 'D:\busineshuboffline CHATGTP\TOGETHERSYSTEMS- GITHUB\Nieuwe map (3)\docs\multi-industry-docs\src\pages\industries\education.html' => '/home/u972026836/domains/digitalnotar.in/public_html/src/pages/industries/education.html' [930]
. 2025-12-16 17:01:20.185 File: 'D:\busineshuboffline CHATGTP\TOGETHERSYSTEMS- GITHUB\Nieuwe map (3)\docs\multi-industry-docs\src\pages\industries\finance' [2025-12-16T03:02:52.457Z] [0]
. 2025-12-16 17:01:20.209 Listing file "/home/u972026836/domains/digitalnotar.in/public_html/src/pages/industries/finance".
> 2025-12-16 17:01:20.209 Type: SSH_FXP_LSTAT, Size: 90, Number: 49927
< 2025-12-16 17:01:20.220 Type: SSH_FXP_STATUS, Size: 29, Number: 49927
< 2025-12-16 17:01:20.221 Status code: 2, Message: 49927, Server: No such file, Language:  
. 2025-12-16 17:01:20.229 Creating directory "/home/u972026836/domains/digitalnotar.in/public_html/src/pages/industries/finance".
. 2025-12-16 17:01:20.229 Canonifying: "/home/u972026836/domains/digitalnotar.in/public_html/src/pages/industries/finance"
. 2025-12-16 17:01:20.229 Getting real path for '/home/u972026836/domains/digitalnotar.in/public_html/src/pages/industries/finance'
> 2025-12-16 17:01:20.229 Type: SSH_FXP_REALPATH, Size: 90, Number: 50448
< 2025-12-16 17:01:20.237 Type: SSH_FXP_NAME, Size: 183, Number: 50448
. 2025-12-16 17:01:20.237 Real path is '/home/u972026836/domains/digitalnotar.in/public_html/src/pages/industries/finance'
. 2025-12-16 17:01:20.237 Canonified: "/home/u972026836/domains/digitalnotar.in/public_html/src/pages/industries/finance"
> 2025-12-16 17:01:20.237 Type: SSH_FXP_MKDIR, Size: 94, Number: 50190
< 2025-12-16 17:01:20.245 Type: SSH_FXP_STATUS, Size: 24, Number: 50190
< 2025-12-16 17:01:20.245 Status code: 0
. 2025-12-16 17:01:20.246 File: 'D:\busineshuboffline CHATGTP\TOGETHERSYSTEMS- GITHUB\Nieuwe map (3)\docs\multi-industry-docs\src\pages\industries\finance\api.html' [2025-12-16T03:02:52.461Z] [682]
. 2025-12-16 17:01:20.309 Copying "D:\busineshuboffline CHATGTP\TOGETHERSYSTEMS- GITHUB\Nieuwe map (3)\docs\multi-industry-docs\src\pages\industries\finance\api.html" to remote directory started.
. 2025-12-16 17:01:20.328 Binary transfer mode selected.
. 2025-12-16 17:01:20.328 Opening remote file.
> 2025-12-16 17:01:20.328 Type: SSH_FXP_OPEN, Size: 115, Number: 50691
< 2025-12-16 17:01:20.337 Type: SSH_FXP_HANDLE, Size: 13, Number: 50691
> 2025-12-16 17:01:20.337 Type: SSH_FXP_WRITE, Size: 707, Number: 51206
> 2025-12-16 17:01:20.378 Type: SSH_FXP_CLOSE, Size: 13, Number: 51460
> 2025-12-16 17:01:20.378 Type: SSH_FXP_SETSTAT, Size: 111, Number: 50953
< 2025-12-16 17:01:20.386 Type: SSH_FXP_STATUS, Size: 24, Number: 51206
< 2025-12-16 17:01:20.386 Status code: 0
< 2025-12-16 17:01:20.393 Type: SSH_FXP_STATUS, Size: 24, Number: 51460
< 2025-12-16 17:01:20.393 Status code: 0
. 2025-12-16 17:01:20.393 Preserving timestamp [2025-12-16T03:02:52.000Z]
< 2025-12-16 17:01:20.393 Type: SSH_FXP_STATUS, Size: 24, Number: 50953
< 2025-12-16 17:01:20.393 Status code: 0
. 2025-12-16 17:01:20.393 Transfer done: 'D:\busineshuboffline CHATGTP\TOGETHERSYSTEMS- GITHUB\Nieuwe map (3)\docs\multi-industry-docs\src\pages\industries\finance\api.html' => '/home/u972026836/domains/digitalnotar.in/public_html/src/pages/industries/finance/api.html' [682]
. 2025-12-16 17:01:20.393 File: 'D:\busineshuboffline CHATGTP\TOGETHERSYSTEMS- GITHUB\Nieuwe map (3)\docs\multi-industry-docs\src\pages\industries\finance\getting-started.html' [2025-12-16T03:02:52.447Z] [730]
. 2025-12-16 17:01:20.439 Copying "D:\busineshuboffline CHATGTP\TOGETHERSYSTEMS- GITHUB\Nieuwe map (3)\docs\multi-industry-docs\src\pages\industries\finance\getting-started.html" to remote directory started.
. 2025-12-16 17:01:20.439 Binary transfer mode selected.
. 2025-12-16 17:01:20.439 Opening remote file.
> 2025-12-16 17:01:20.439 Type: SSH_FXP_OPEN, Size: 127, Number: 51715
< 2025-12-16 17:01:20.452 Type: SSH_FXP_HANDLE, Size: 13, Number: 51715
> 2025-12-16 17:01:20.452 Type: SSH_FXP_WRITE, Size: 755, Number: 52230
> 2025-12-16 17:01:20.473 Type: SSH_FXP_CLOSE, Size: 13, Number: 52484
> 2025-12-16 17:01:20.473 Type: SSH_FXP_SETSTAT, Size: 123, Number: 51977
< 2025-12-16 17:01:20.480 Type: SSH_FXP_STATUS, Size: 24, Number: 52230
< 2025-12-16 17:01:20.480 Status code: 0
< 2025-12-16 17:01:20.489 Type: SSH_FXP_STATUS, Size: 24, Number: 52484
< 2025-12-16 17:01:20.489 Status code: 0
. 2025-12-16 17:01:20.489 Preserving timestamp [2025-12-16T03:02:52.000Z]
< 2025-12-16 17:01:20.489 Type: SSH_FXP_STATUS, Size: 24, Number: 51977
< 2025-12-16 17:01:20.489 Status code: 0
. 2025-12-16 17:01:20.489 Transfer done: 'D:\busineshuboffline CHATGTP\TOGETHERSYSTEMS- GITHUB\Nieuwe map (3)\docs\multi-industry-docs\src\pages\industries\finance\getting-started.html' => '/home/u972026836/domains/digitalnotar.in/public_html/src/pages/industries/finance/getting-started.html' [730]
. 2025-12-16 17:01:20.489 File: 'D:\busineshuboffline CHATGTP\TOGETHERSYSTEMS- GITHUB\Nieuwe map (3)\docs\multi-industry-docs\src\pages\industries\finance\overview.html' [2025-12-16T03:02:52.433Z] [702]
. 2025-12-16 17:01:20.529 Copying "D:\busineshuboffline CHATGTP\TOGETHERSYSTEMS- GITHUB\Nieuwe map (3)\docs\multi-industry-docs\src\pages\industries\finance\overview.html" to remote directory started.
. 2025-12-16 17:01:20.529 Binary transfer mode selected.
. 2025-12-16 17:01:20.529 Opening remote file.
> 2025-12-16 17:01:20.529 Type: SSH_FXP_OPEN, Size: 120, Number: 52739
< 2025-12-16 17:01:20.537 Type: SSH_FXP_HANDLE, Size: 13, Number: 52739
> 2025-12-16 17:01:20.537 Type: SSH_FXP_WRITE, Size: 727, Number: 53254
> 2025-12-16 17:01:20.540 Type: SSH_FXP_CLOSE, Size: 13, Number: 53508
> 2025-12-16 17:01:20.540 Type: SSH_FXP_SETSTAT, Size: 116, Number: 53001
< 2025-12-16 17:01:20.550 Type: SSH_FXP_STATUS, Size: 24, Number: 53254
< 2025-12-16 17:01:20.550 Status code: 0
< 2025-12-16 17:01:20.559 Type: SSH_FXP_STATUS, Size: 24, Number: 53508
< 2025-12-16 17:01:20.559 Status code: 0
. 2025-12-16 17:01:20.562 Preserving timestamp [2025-12-16T03:02:52.000Z]
< 2025-12-16 17:01:20.562 Type: SSH_FXP_STATUS, Size: 24, Number: 53001
< 2025-12-16 17:01:20.562 Status code: 0
. 2025-12-16 17:01:20.562 Transfer done: 'D:\busineshuboffline CHATGTP\TOGETHERSYSTEMS- GITHUB\Nieuwe map (3)\docs\multi-industry-docs\src\pages\industries\finance\overview.html' => '/home/u972026836/domains/digitalnotar.in/public_html/src/pages/industries/finance/overview.html' [702]
. 2025-12-16 17:01:20.562 File: 'D:\busineshuboffline CHATGTP\TOGETHERSYSTEMS- GITHUB\Nieuwe map (3)\docs\multi-industry-docs\src\pages\industries\finance.html' [2025-12-16T03:02:51.600Z] [918]
. 2025-12-16 17:01:20.607 Copying "D:\busineshuboffline CHATGTP\TOGETHERSYSTEMS- GITHUB\Nieuwe map (3)\docs\multi-industry-docs\src\pages\industries\finance.html" to remote directory started.
. 2025-12-16 17:01:20.607 Binary transfer mode selected.
. 2025-12-16 17:01:20.607 Opening remote file.
> 2025-12-16 17:01:20.607 Type: SSH_FXP_OPEN, Size: 111, Number: 53763
< 2025-12-16 17:01:20.617 Type: SSH_FXP_HANDLE, Size: 13, Number: 53763
> 2025-12-16 17:01:20.617 Type: SSH_FXP_WRITE, Size: 943, Number: 54278
> 2025-12-16 17:01:20.625 Type: SSH_FXP_CLOSE, Size: 13, Number: 54532
> 2025-12-16 17:01:20.625 Type: SSH_FXP_SETSTAT, Size: 107, Number: 54025
< 2025-12-16 17:01:20.635 Type: SSH_FXP_STATUS, Size: 24, Number: 54278
< 2025-12-16 17:01:20.635 Status code: 0
< 2025-12-16 17:01:20.635 Type: SSH_FXP_STATUS, Size: 24, Number: 54532
< 2025-12-16 17:01:20.635 Status code: 0
. 2025-12-16 17:01:20.635 Preserving timestamp [2025-12-16T03:02:51.000Z]
< 2025-12-16 17:01:20.642 Type: SSH_FXP_STATUS, Size: 24, Number: 54025
< 2025-12-16 17:01:20.642 Status code: 0
. 2025-12-16 17:01:20.642 Transfer done: 'D:\busineshuboffline CHATGTP\TOGETHERSYSTEMS- GITHUB\Nieuwe map (3)\docs\multi-industry-docs\src\pages\industries\finance.html' => '/home/u972026836/domains/digitalnotar.in/public_html/src/pages/industries/finance.html' [918]
. 2025-12-16 17:01:20.642 File: 'D:\busineshuboffline CHATGTP\TOGETHERSYSTEMS- GITHUB\Nieuwe map (3)\docs\multi-industry-docs\src\pages\industries\healthcare' [2025-12-16T03:02:52.346Z] [0]
. 2025-12-16 17:01:20.662 Listing file "/home/u972026836/domains/digitalnotar.in/public_html/src/pages/industries/healthcare".
> 2025-12-16 17:01:20.662 Type: SSH_FXP_LSTAT, Size: 93, Number: 54791
< 2025-12-16 17:01:20.670 Type: SSH_FXP_STATUS, Size: 29, Number: 54791
< 2025-12-16 17:01:20.670 Status code: 2, Message: 54791, Server: No such file, Language:  
. 2025-12-16 17:01:20.680 Creating directory "/home/u972026836/domains/digitalnotar.in/public_html/src/pages/industries/healthcare".
. 2025-12-16 17:01:20.680 Canonifying: "/home/u972026836/domains/digitalnotar.in/public_html/src/pages/industries/healthcare"
. 2025-12-16 17:01:20.680 Getting real path for '/home/u972026836/domains/digitalnotar.in/public_html/src/pages/industries/healthcare'
> 2025-12-16 17:01:20.680 Type: SSH_FXP_REALPATH, Size: 93, Number: 55312
< 2025-12-16 17:01:20.686 Type: SSH_FXP_NAME, Size: 189, Number: 55312
. 2025-12-16 17:01:20.686 Real path is '/home/u972026836/domains/digitalnotar.in/public_html/src/pages/industries/healthcare'
. 2025-12-16 17:01:20.686 Canonified: "/home/u972026836/domains/digitalnotar.in/public_html/src/pages/industries/healthcare"
> 2025-12-16 17:01:20.686 Type: SSH_FXP_MKDIR, Size: 97, Number: 55054
< 2025-12-16 17:01:20.696 Type: SSH_FXP_STATUS, Size: 24, Number: 55054
< 2025-12-16 17:01:20.696 Status code: 0
. 2025-12-16 17:01:20.696 File: 'D:\busineshuboffline CHATGTP\TOGETHERSYSTEMS- GITHUB\Nieuwe map (3)\docs\multi-industry-docs\src\pages\industries\healthcare\api.html' [2025-12-16T03:02:52.354Z] [700]
. 2025-12-16 17:01:20.743 Copying "D:\busineshuboffline CHATGTP\TOGETHERSYSTEMS- GITHUB\Nieuwe map (3)\docs\multi-industry-docs\src\pages\industries\healthcare\api.html" to remote directory started.
. 2025-12-16 17:01:20.744 Binary transfer mode selected.
. 2025-12-16 17:01:20.744 Opening remote file.
> 2025-12-16 17:01:20.744 Type: SSH_FXP_OPEN, Size: 118, Number: 55555
< 2025-12-16 17:01:20.753 Type: SSH_FXP_HANDLE, Size: 13, Number: 55555
> 2025-12-16 17:01:20.753 Type: SSH_FXP_WRITE, Size: 725, Number: 56070
> 2025-12-16 17:01:20.757 Type: SSH_FXP_CLOSE, Size: 13, Number: 56324
> 2025-12-16 17:01:20.757 Type: SSH_FXP_SETSTAT, Size: 114, Number: 55817
< 2025-12-16 17:01:20.770 Type: SSH_FXP_STATUS, Size: 24, Number: 56070
< 2025-12-16 17:01:20.770 Status code: 0
< 2025-12-16 17:01:20.776 Type: SSH_FXP_STATUS, Size: 24, Number: 56324
< 2025-12-16 17:01:20.776 Status code: 0
. 2025-12-16 17:01:20.776 Preserving timestamp [2025-12-16T03:02:52.000Z]
< 2025-12-16 17:01:20.778 Type: SSH_FXP_STATUS, Size: 24, Number: 55817
< 2025-12-16 17:01:20.778 Status code: 0
. 2025-12-16 17:01:20.778 Transfer done: 'D:\busineshuboffline CHATGTP\TOGETHERSYSTEMS- GITHUB\Nieuwe map (3)\docs\multi-industry-docs\src\pages\industries\healthcare\api.html' => '/home/u972026836/domains/digitalnotar.in/public_html/src/pages/industries/healthcare/api.html' [700]
. 2025-12-16 17:01:20.778 File: 'D:\busineshuboffline CHATGTP\TOGETHERSYSTEMS- GITHUB\Nieuwe map (3)\docs\multi-industry-docs\src\pages\industries\healthcare\getting-started.html' [2025-12-16T03:02:52.323Z] [748]
. 2025-12-16 17:01:20.824 Copying "D:\busineshuboffline CHATGTP\TOGETHERSYSTEMS- GITHUB\Nieuwe map (3)\docs\multi-industry-docs\src\pages\industries\healthcare\getting-started.html" to remote directory started.
. 2025-12-16 17:01:20.824 Binary transfer mode selected.
. 2025-12-16 17:01:20.824 Opening remote file.
> 2025-12-16 17:01:20.824 Type: SSH_FXP_OPEN, Size: 130, Number: 56579
< 2025-12-16 17:01:20.836 Type: SSH_FXP_HANDLE, Size: 13, Number: 56579
> 2025-12-16 17:01:20.837 Type: SSH_FXP_WRITE, Size: 773, Number: 57094
> 2025-12-16 17:01:20.841 Type: SSH_FXP_CLOSE, Size: 13, Number: 57348
> 2025-12-16 17:01:20.842 Type: SSH_FXP_SETSTAT, Size: 126, Number: 56841
< 2025-12-16 17:01:20.852 Type: SSH_FXP_STATUS, Size: 24, Number: 57094
< 2025-12-16 17:01:20.852 Status code: 0
< 2025-12-16 17:01:20.863 Type: SSH_FXP_STATUS, Size: 24, Number: 57348
< 2025-12-16 17:01:20.863 Status code: 0
. 2025-12-16 17:01:20.863 Preserving timestamp [2025-12-16T03:02:52.000Z]
< 2025-12-16 17:01:20.863 Type: SSH_FXP_STATUS, Size: 24, Number: 56841
< 2025-12-16 17:01:20.863 Status code: 0
. 2025-12-16 17:01:20.863 Transfer done: 'D:\busineshuboffline CHATGTP\TOGETHERSYSTEMS- GITHUB\Nieuwe map (3)\docs\multi-industry-docs\src\pages\industries\healthcare\getting-started.html' => '/home/u972026836/domains/digitalnotar.in/public_html/src/pages/industries/healthcare/getting-started.html' [748]
. 2025-12-16 17:01:20.864 File: 'D:\busineshuboffline CHATGTP\TOGETHERSYSTEMS- GITHUB\Nieuwe map (3)\docs\multi-industry-docs\src\pages\industries\healthcare\overview.html' [2025-12-16T03:02:52.278Z] [720]
. 2025-12-16 17:01:20.906 Copying "D:\busineshuboffline CHATGTP\TOGETHERSYSTEMS- GITHUB\Nieuwe map (3)\docs\multi-industry-docs\src\pages\industries\healthcare\overview.html" to remote directory started.
. 2025-12-16 17:01:20.906 Binary transfer mode selected.
. 2025-12-16 17:01:20.906 Opening remote file.
> 2025-12-16 17:01:20.906 Type: SSH_FXP_OPEN, Size: 123, Number: 57603
< 2025-12-16 17:01:20.913 Type: SSH_FXP_HANDLE, Size: 13, Number: 57603
> 2025-12-16 17:01:20.913 Type: SSH_FXP_WRITE, Size: 745, Number: 58118
> 2025-12-16 17:01:20.928 Type: SSH_FXP_CLOSE, Size: 13, Number: 58372
> 2025-12-16 17:01:20.928 Type: SSH_FXP_SETSTAT, Size: 119, Number: 57865
< 2025-12-16 17:01:20.938 Type: SSH_FXP_STATUS, Size: 24, Number: 58118
< 2025-12-16 17:01:20.939 Status code: 0
< 2025-12-16 17:01:20.941 Type: SSH_FXP_STATUS, Size: 24, Number: 58372
< 2025-12-16 17:01:20.941 Status code: 0
. 2025-12-16 17:01:20.941 Preserving timestamp [2025-12-16T03:02:52.000Z]
< 2025-12-16 17:01:20.946 Type: SSH_FXP_STATUS, Size: 24, Number: 57865
< 2025-12-16 17:01:20.946 Status code: 0
. 2025-12-16 17:01:20.946 Transfer done: 'D:\busineshuboffline CHATGTP\TOGETHERSYSTEMS- GITHUB\Nieuwe map (3)\docs\multi-industry-docs\src\pages\industries\healthcare\overview.html' => '/home/u972026836/domains/digitalnotar.in/public_html/src/pages/industries/healthcare/overview.html' [720]
. 2025-12-16 17:01:20.947 File: 'D:\busineshuboffline CHATGTP\TOGETHERSYSTEMS- GITHUB\Nieuwe map (3)\docs\multi-industry-docs\src\pages\industries\healthcare.html' [2025-12-16T03:02:51.593Z] [936]
. 2025-12-16 17:01:20.995 Copying "D:\busineshuboffline CHATGTP\TOGETHERSYSTEMS- GITHUB\Nieuwe map (3)\docs\multi-industry-docs\src\pages\industries\healthcare.html" to remote directory started.
. 2025-12-16 17:01:21.005 Binary transfer mode selected.
. 2025-12-16 17:01:21.005 Opening remote file.
> 2025-12-16 17:01:21.005 Type: SSH_FXP_OPEN, Size: 114, Number: 58627
< 2025-12-16 17:01:21.011 Type: SSH_FXP_HANDLE, Size: 13, Number: 58627
> 2025-12-16 17:01:21.013 Type: SSH_FXP_WRITE, Size: 961, Number: 59142
> 2025-12-16 17:01:21.019 Type: SSH_FXP_CLOSE, Size: 13, Number: 59396
> 2025-12-16 17:01:21.019 Type: SSH_FXP_SETSTAT, Size: 110, Number: 58889
< 2025-12-16 17:01:21.028 Type: SSH_FXP_STATUS, Size: 24, Number: 59142
< 2025-12-16 17:01:21.028 Status code: 0
< 2025-12-16 17:01:21.037 Type: SSH_FXP_STATUS, Size: 24, Number: 59396
< 2025-12-16 17:01:21.037 Status code: 0
. 2025-12-16 17:01:21.037 Preserving timestamp [2025-12-16T03:02:51.000Z]
< 2025-12-16 17:01:21.037 Type: SSH_FXP_STATUS, Size: 24, Number: 58889
< 2025-12-16 17:01:21.037 Status code: 0
. 2025-12-16 17:01:21.037 Transfer done: 'D:\busineshuboffline CHATGTP\TOGETHERSYSTEMS- GITHUB\Nieuwe map (3)\docs\multi-industry-docs\src\pages\industries\healthcare.html' => '/home/u972026836/domains/digitalnotar.in/public_html/src/pages/industries/healthcare.html' [936]
. 2025-12-16 17:01:21.037 File: 'D:\busineshuboffline CHATGTP\TOGETHERSYSTEMS- GITHUB\Nieuwe map (3)\docs\multi-industry-docs\src\pages\industries\index.html' [2025-12-16T07:36:14.312Z] [1288]
. 2025-12-16 17:01:21.079 Copying "D:\busineshuboffline CHATGTP\TOGETHERSYSTEMS- GITHUB\Nieuwe map (3)\docs\multi-industry-docs\src\pages\industries\index.html" to remote directory started.
. 2025-12-16 17:01:21.079 Binary transfer mode selected.
. 2025-12-16 17:01:21.079 Opening remote file.
> 2025-12-16 17:01:21.079 Type: SSH_FXP_OPEN, Size: 109, Number: 59651
< 2025-12-16 17:01:21.086 Type: SSH_FXP_HANDLE, Size: 13, Number: 59651
> 2025-12-16 17:01:21.088 Type: SSH_FXP_WRITE, Size: 1313, Number: 60166
> 2025-12-16 17:01:21.088 Type: SSH_FXP_CLOSE, Size: 13, Number: 60420
> 2025-12-16 17:01:21.088 Type: SSH_FXP_SETSTAT, Size: 105, Number: 59913
< 2025-12-16 17:01:21.096 Type: SSH_FXP_STATUS, Size: 24, Number: 60166
< 2025-12-16 17:01:21.096 Status code: 0
< 2025-12-16 17:01:21.101 Type: SSH_FXP_STATUS, Size: 24, Number: 60420
< 2025-12-16 17:01:21.103 Status code: 0
. 2025-12-16 17:01:21.103 Preserving timestamp [2025-12-16T07:36:14.000Z]
< 2025-12-16 17:01:21.103 Type: SSH_FXP_STATUS, Size: 24, Number: 59913
< 2025-12-16 17:01:21.103 Status code: 0
. 2025-12-16 17:01:21.103 Transfer done: 'D:\busineshuboffline CHATGTP\TOGETHERSYSTEMS- GITHUB\Nieuwe map (3)\docs\multi-industry-docs\src\pages\industries\index.html' => '/home/u972026836/domains/digitalnotar.in/public_html/src/pages/industries/index.html' [1288]
. 2025-12-16 17:01:21.103 File: 'D:\busineshuboffline CHATGTP\TOGETHERSYSTEMS- GITHUB\Nieuwe map (3)\docs\multi-industry-docs\src\pages\industries\manufacturing' [2025-12-16T03:02:52.676Z] [0]
. 2025-12-16 17:01:21.105 Listing file "/home/u972026836/domains/digitalnotar.in/public_html/src/pages/industries/manufacturing".
> 2025-12-16 17:01:21.105 Type: SSH_FXP_LSTAT, Size: 96, Number: 60679
< 2025-12-16 17:01:21.113 Type: SSH_FXP_STATUS, Size: 29, Number: 60679
< 2025-12-16 17:01:21.113 Status code: 2, Message: 60679, Server: No such file, Language:  
. 2025-12-16 17:01:21.121 Creating directory "/home/u972026836/domains/digitalnotar.in/public_html/src/pages/industries/manufacturing".
. 2025-12-16 17:01:21.121 Canonifying: "/home/u972026836/domains/digitalnotar.in/public_html/src/pages/industries/manufacturing"
. 2025-12-16 17:01:21.121 Getting real path for '/home/u972026836/domains/digitalnotar.in/public_html/src/pages/industries/manufacturing'
> 2025-12-16 17:01:21.121 Type: SSH_FXP_REALPATH, Size: 96, Number: 61200
< 2025-12-16 17:01:21.129 Type: SSH_FXP_NAME, Size: 195, Number: 61200
. 2025-12-16 17:01:21.129 Real path is '/home/u972026836/domains/digitalnotar.in/public_html/src/pages/industries/manufacturing'
. 2025-12-16 17:01:21.129 Canonified: "/home/u972026836/domains/digitalnotar.in/public_html/src/pages/industries/manufacturing"
> 2025-12-16 17:01:21.129 Type: SSH_FXP_MKDIR, Size: 100, Number: 60942
< 2025-12-16 17:01:21.140 Type: SSH_FXP_STATUS, Size: 24, Number: 60942
< 2025-12-16 17:01:21.140 Status code: 0
. 2025-12-16 17:01:21.140 File: 'D:\busineshuboffline CHATGTP\TOGETHERSYSTEMS- GITHUB\Nieuwe map (3)\docs\multi-industry-docs\src\pages\industries\manufacturing\api.html' [2025-12-16T03:02:52.682Z] [718]
. 2025-12-16 17:01:21.178 Copying "D:\busineshuboffline CHATGTP\TOGETHERSYSTEMS- GITHUB\Nieuwe map (3)\docs\multi-industry-docs\src\pages\industries\manufacturing\api.html" to remote directory started.
. 2025-12-16 17:01:21.178 Binary transfer mode selected.
. 2025-12-16 17:01:21.178 Opening remote file.
> 2025-12-16 17:01:21.178 Type: SSH_FXP_OPEN, Size: 121, Number: 61443
< 2025-12-16 17:01:21.187 Type: SSH_FXP_HANDLE, Size: 13, Number: 61443
> 2025-12-16 17:01:21.188 Type: SSH_FXP_WRITE, Size: 743, Number: 61958
> 2025-12-16 17:01:21.188 Type: SSH_FXP_CLOSE, Size: 13, Number: 62212
> 2025-12-16 17:01:21.189 Type: SSH_FXP_SETSTAT, Size: 117, Number: 61705
< 2025-12-16 17:01:21.195 Type: SSH_FXP_STATUS, Size: 24, Number: 61958
< 2025-12-16 17:01:21.195 Status code: 0
< 2025-12-16 17:01:21.196 Type: SSH_FXP_STATUS, Size: 24, Number: 62212
< 2025-12-16 17:01:21.196 Status code: 0
. 2025-12-16 17:01:21.196 Preserving timestamp [2025-12-16T03:02:52.000Z]
< 2025-12-16 17:01:21.204 Type: SSH_FXP_STATUS, Size: 24, Number: 61705
< 2025-12-16 17:01:21.204 Status code: 0
. 2025-12-16 17:01:21.204 Transfer done: 'D:\busineshuboffline CHATGTP\TOGETHERSYSTEMS- GITHUB\Nieuwe map (3)\docs\multi-industry-docs\src\pages\industries\manufacturing\api.html' => '/home/u972026836/domains/digitalnotar.in/public_html/src/pages/industries/manufacturing/api.html' [718]
. 2025-12-16 17:01:21.205 File: 'D:\busineshuboffline CHATGTP\TOGETHERSYSTEMS- GITHUB\Nieuwe map (3)\docs\multi-industry-docs\src\pages\industries\manufacturing\getting-started.html' [2025-12-16T03:02:52.626Z] [766]
. 2025-12-16 17:01:21.246 Copying "D:\busineshuboffline CHATGTP\TOGETHERSYSTEMS- GITHUB\Nieuwe map (3)\docs\multi-industry-docs\src\pages\industries\manufacturing\getting-started.html" to remote directory started.
. 2025-12-16 17:01:21.247 Binary transfer mode selected.
. 2025-12-16 17:01:21.247 Opening remote file.
> 2025-12-16 17:01:21.247 Type: SSH_FXP_OPEN, Size: 133, Number: 62467
< 2025-12-16 17:01:21.258 Type: SSH_FXP_HANDLE, Size: 13, Number: 62467
> 2025-12-16 17:01:21.258 Type: SSH_FXP_WRITE, Size: 791, Number: 62982
> 2025-12-16 17:01:21.259 Type: SSH_FXP_CLOSE, Size: 13, Number: 63236
> 2025-12-16 17:01:21.259 Type: SSH_FXP_SETSTAT, Size: 129, Number: 62729
< 2025-12-16 17:01:21.267 Type: SSH_FXP_STATUS, Size: 24, Number: 62982
< 2025-12-16 17:01:21.267 Status code: 0
< 2025-12-16 17:01:21.267 Type: SSH_FXP_STATUS, Size: 24, Number: 63236
< 2025-12-16 17:01:21.268 Status code: 0
. 2025-12-16 17:01:21.268 Preserving timestamp [2025-12-16T03:02:52.000Z]
< 2025-12-16 17:01:21.275 Type: SSH_FXP_STATUS, Size: 24, Number: 62729
< 2025-12-16 17:01:21.275 Status code: 0
. 2025-12-16 17:01:21.275 Transfer done: 'D:\busineshuboffline CHATGTP\TOGETHERSYSTEMS- GITHUB\Nieuwe map (3)\docs\multi-industry-docs\src\pages\industries\manufacturing\getting-started.html' => '/home/u972026836/domains/digitalnotar.in/public_html/src/pages/industries/manufacturing/getting-started.html' [766]
. 2025-12-16 17:01:21.275 File: 'D:\busineshuboffline CHATGTP\TOGETHERSYSTEMS- GITHUB\Nieuwe map (3)\docs\multi-industry-docs\src\pages\industries\manufacturing\overview.html' [2025-12-16T03:02:52.609Z] [738]
. 2025-12-16 17:01:21.322 Copying "D:\busineshuboffline CHATGTP\TOGETHERSYSTEMS- GITHUB\Nieuwe map (3)\docs\multi-industry-docs\src\pages\industries\manufacturing\overview.html" to remote directory started.
. 2025-12-16 17:01:21.324 Binary transfer mode selected.
. 2025-12-16 17:01:21.324 Opening remote file.
> 2025-12-16 17:01:21.324 Type: SSH_FXP_OPEN, Size: 126, Number: 63491
< 2025-12-16 17:01:21.330 Type: SSH_FXP_HANDLE, Size: 13, Number: 63491
> 2025-12-16 17:01:21.331 Type: SSH_FXP_WRITE, Size: 763, Number: 64006
> 2025-12-16 17:01:21.341 Type: SSH_FXP_CLOSE, Size: 13, Number: 64260
> 2025-12-16 17:01:21.341 Type: SSH_FXP_SETSTAT, Size: 122, Number: 63753
< 2025-12-16 17:01:21.351 Type: SSH_FXP_STATUS, Size: 24, Number: 64006
< 2025-12-16 17:01:21.351 Status code: 0
< 2025-12-16 17:01:21.354 Type: SSH_FXP_STATUS, Size: 24, Number: 64260
< 2025-12-16 17:01:21.354 Status code: 0
. 2025-12-16 17:01:21.355 Preserving timestamp [2025-12-16T03:02:52.000Z]
< 2025-12-16 17:01:21.359 Type: SSH_FXP_STATUS, Size: 24, Number: 63753
< 2025-12-16 17:01:21.359 Status code: 0
. 2025-12-16 17:01:21.359 Transfer done: 'D:\busineshuboffline CHATGTP\TOGETHERSYSTEMS- GITHUB\Nieuwe map (3)\docs\multi-industry-docs\src\pages\industries\manufacturing\overview.html' => '/home/u972026836/domains/digitalnotar.in/public_html/src/pages/industries/manufacturing/overview.html' [738]
. 2025-12-16 17:01:21.360 File: 'D:\busineshuboffline CHATGTP\TOGETHERSYSTEMS- GITHUB\Nieuwe map (3)\docs\multi-industry-docs\src\pages\industries\manufacturing.html' [2025-12-16T03:02:51.642Z] [954]
. 2025-12-16 17:01:21.424 Copying "D:\busineshuboffline CHATGTP\TOGETHERSYSTEMS- GITHUB\Nieuwe map (3)\docs\multi-industry-docs\src\pages\industries\manufacturing.html" to remote directory started.
. 2025-12-16 17:01:21.424 Binary transfer mode selected.
. 2025-12-16 17:01:21.424 Opening remote file.
> 2025-12-16 17:01:21.424 Type: SSH_FXP_OPEN, Size: 117, Number: 64515
< 2025-12-16 17:01:21.436 Type: SSH_FXP_HANDLE, Size: 13, Number: 64515
> 2025-12-16 17:01:21.437 Type: SSH_FXP_WRITE, Size: 979, Number: 65030
> 2025-12-16 17:01:21.521 Type: SSH_FXP_CLOSE, Size: 13, Number: 65284
> 2025-12-16 17:01:21.522 Type: SSH_FXP_SETSTAT, Size: 113, Number: 64777
< 2025-12-16 17:01:21.529 Type: SSH_FXP_STATUS, Size: 24, Number: 65030
< 2025-12-16 17:01:21.529 Status code: 0
< 2025-12-16 17:01:21.537 Type: SSH_FXP_STATUS, Size: 24, Number: 65284
< 2025-12-16 17:01:21.537 Status code: 0
. 2025-12-16 17:01:21.537 Preserving timestamp [2025-12-16T03:02:51.000Z]
< 2025-12-16 17:01:21.544 Type: SSH_FXP_STATUS, Size: 24, Number: 64777
< 2025-12-16 17:01:21.544 Status code: 0
. 2025-12-16 17:01:21.544 Transfer done: 'D:\busineshuboffline CHATGTP\TOGETHERSYSTEMS- GITHUB\Nieuwe map (3)\docs\multi-industry-docs\src\pages\industries\manufacturing.html' => '/home/u972026836/domains/digitalnotar.in/public_html/src/pages/industries/manufacturing.html' [954]
. 2025-12-16 17:01:21.544 File: 'D:\busineshuboffline CHATGTP\TOGETHERSYSTEMS- GITHUB\Nieuwe map (3)\docs\multi-industry-docs\src\scss' [2025-12-16T02:56:35.293Z] [0]
. 2025-12-16 17:01:21.573 Listing file "/home/u972026836/domains/digitalnotar.in/public_html/src/scss".
> 2025-12-16 17:01:21.573 Type: SSH_FXP_LSTAT, Size: 70, Number: 65543
< 2025-12-16 17:01:21.586 Type: SSH_FXP_STATUS, Size: 29, Number: 65543
< 2025-12-16 17:01:21.586 Status code: 2, Message: 65543, Server: No such file, Language:  
. 2025-12-16 17:01:21.596 Creating directory "/home/u972026836/domains/digitalnotar.in/public_html/src/scss".
. 2025-12-16 17:01:21.596 Canonifying: "/home/u972026836/domains/digitalnotar.in/public_html/src/scss"
. 2025-12-16 17:01:21.596 Getting real path for '/home/u972026836/domains/digitalnotar.in/public_html/src/scss'
> 2025-12-16 17:01:21.596 Type: SSH_FXP_REALPATH, Size: 70, Number: 66064
< 2025-12-16 17:01:21.606 Type: SSH_FXP_NAME, Size: 143, Number: 66064
. 2025-12-16 17:01:21.606 Real path is '/home/u972026836/domains/digitalnotar.in/public_html/src/scss'
. 2025-12-16 17:01:21.606 Canonified: "/home/u972026836/domains/digitalnotar.in/public_html/src/scss"
> 2025-12-16 17:01:21.606 Type: SSH_FXP_MKDIR, Size: 74, Number: 65806
< 2025-12-16 17:01:21.614 Type: SSH_FXP_STATUS, Size: 24, Number: 65806
< 2025-12-16 17:01:21.614 Status code: 0
. 2025-12-16 17:01:21.620 File: 'D:\busineshuboffline CHATGTP\TOGETHERSYSTEMS- GITHUB\Nieuwe map (3)\docs\multi-industry-docs\src\scss\main.scss' [2025-12-16T02:56:35.295Z] [289]
. 2025-12-16 17:01:21.679 Copying "D:\busineshuboffline CHATGTP\TOGETHERSYSTEMS- GITHUB\Nieuwe map (3)\docs\multi-industry-docs\src\scss\main.scss" to remote directory started.
. 2025-12-16 17:01:21.692 Binary transfer mode selected.
. 2025-12-16 17:01:21.692 Opening remote file.
> 2025-12-16 17:01:21.692 Type: SSH_FXP_OPEN, Size: 96, Number: 66307
< 2025-12-16 17:01:21.699 Type: SSH_FXP_HANDLE, Size: 13, Number: 66307
> 2025-12-16 17:01:21.700 Type: SSH_FXP_WRITE, Size: 314, Number: 66822
> 2025-12-16 17:01:21.708 Type: SSH_FXP_CLOSE, Size: 13, Number: 67076
> 2025-12-16 17:01:21.708 Type: SSH_FXP_SETSTAT, Size: 92, Number: 66569
< 2025-12-16 17:01:21.721 Type: SSH_FXP_STATUS, Size: 24, Number: 66822
< 2025-12-16 17:01:21.721 Status code: 0
< 2025-12-16 17:01:21.727 Type: SSH_FXP_STATUS, Size: 24, Number: 67076
< 2025-12-16 17:01:21.727 Status code: 0
. 2025-12-16 17:01:21.741 Preserving timestamp [2025-12-16T02:56:35.000Z]
< 2025-12-16 17:01:21.741 Type: SSH_FXP_STATUS, Size: 24, Number: 66569
< 2025-12-16 17:01:21.741 Status code: 0
. 2025-12-16 17:01:21.741 Transfer done: 'D:\busineshuboffline CHATGTP\TOGETHERSYSTEMS- GITHUB\Nieuwe map (3)\docs\multi-industry-docs\src\scss\main.scss' => '/home/u972026836/domains/digitalnotar.in/public_html/src/scss/main.scss' [289]
. 2025-12-16 17:01:21.741 File: 'D:\busineshuboffline CHATGTP\TOGETHERSYSTEMS- GITHUB\Nieuwe map (3)\docs\multi-industry-docs\src\search-index.json' [2025-12-16T03:02:57.252Z] [1002]
. 2025-12-16 17:01:21.771 Copying "D:\busineshuboffline CHATGTP\TOGETHERSYSTEMS- GITHUB\Nieuwe map (3)\docs\multi-industry-docs\src\search-index.json" to remote directory started.
. 2025-12-16 17:01:21.771 Binary transfer mode selected.
. 2025-12-16 17:01:21.771 Opening remote file.
> 2025-12-16 17:01:21.771 Type: SSH_FXP_OPEN, Size: 99, Number: 67331
< 2025-12-16 17:01:21.781 Type: SSH_FXP_HANDLE, Size: 13, Number: 67331
> 2025-12-16 17:01:21.781 Type: SSH_FXP_WRITE, Size: 1027, Number: 67846
> 2025-12-16 17:01:21.781 Type: SSH_FXP_CLOSE, Size: 13, Number: 68100
> 2025-12-16 17:01:21.781 Type: SSH_FXP_SETSTAT, Size: 95, Number: 67593
< 2025-12-16 17:01:21.791 Type: SSH_FXP_STATUS, Size: 24, Number: 67846
< 2025-12-16 17:01:21.791 Status code: 0
< 2025-12-16 17:01:21.793 Type: SSH_FXP_STATUS, Size: 24, Number: 68100
< 2025-12-16 17:01:21.793 Status code: 0
. 2025-12-16 17:01:21.793 Preserving timestamp [2025-12-16T03:02:57.000Z]
< 2025-12-16 17:01:21.800 Type: SSH_FXP_STATUS, Size: 24, Number: 67593
< 2025-12-16 17:01:21.800 Status code: 0
. 2025-12-16 17:01:21.800 Transfer done: 'D:\busineshuboffline CHATGTP\TOGETHERSYSTEMS- GITHUB\Nieuwe map (3)\docs\multi-industry-docs\src\search-index.json' => '/home/u972026836/domains/digitalnotar.in/public_html/src/search-index.json' [1002]
. 2025-12-16 17:01:21.800 File: 'D:\busineshuboffline CHATGTP\TOGETHERSYSTEMS- GITHUB\Nieuwe map (3)\docs\multi-industry-docs\src\templates' [2025-12-16T02:20:50.068Z] [0]
. 2025-12-16 17:01:21.803 Listing file "/home/u972026836/domains/digitalnotar.in/public_html/src/templates".
> 2025-12-16 17:01:21.803 Type: SSH_FXP_LSTAT, Size: 75, Number: 68359
< 2025-12-16 17:01:21.810 Type: SSH_FXP_STATUS, Size: 29, Number: 68359
< 2025-12-16 17:01:21.810 Status code: 2, Message: 68359, Server: No such file, Language:  
. 2025-12-16 17:01:21.822 Creating directory "/home/u972026836/domains/digitalnotar.in/public_html/src/templates".
. 2025-12-16 17:01:21.822 Canonifying: "/home/u972026836/domains/digitalnotar.in/public_html/src/templates"
. 2025-12-16 17:01:21.822 Getting real path for '/home/u972026836/domains/digitalnotar.in/public_html/src/templates'
> 2025-12-16 17:01:21.822 Type: SSH_FXP_REALPATH, Size: 75, Number: 68880
< 2025-12-16 17:01:21.828 Type: SSH_FXP_NAME, Size: 153, Number: 68880
. 2025-12-16 17:01:21.828 Real path is '/home/u972026836/domains/digitalnotar.in/public_html/src/templates'
. 2025-12-16 17:01:21.828 Canonified: "/home/u972026836/domains/digitalnotar.in/public_html/src/templates"
> 2025-12-16 17:01:21.828 Type: SSH_FXP_MKDIR, Size: 79, Number: 68622
< 2025-12-16 17:01:21.837 Type: SSH_FXP_STATUS, Size: 24, Number: 68622
< 2025-12-16 17:01:21.837 Status code: 0
. 2025-12-16 17:01:21.837 File: 'D:\busineshuboffline CHATGTP\TOGETHERSYSTEMS- GITHUB\Nieuwe map (3)\docs\multi-industry-docs\src\templates\base.njk' [2025-12-16T02:20:50.185Z] [6435]
. 2025-12-16 17:01:21.896 Copying "D:\busineshuboffline CHATGTP\TOGETHERSYSTEMS- GITHUB\Nieuwe map (3)\docs\multi-industry-docs\src\templates\base.njk" to remote directory started.
. 2025-12-16 17:01:21.896 Binary transfer mode selected.
. 2025-12-16 17:01:21.896 Opening remote file.
> 2025-12-16 17:01:21.896 Type: SSH_FXP_OPEN, Size: 100, Number: 69123
< 2025-12-16 17:01:21.905 Type: SSH_FXP_HANDLE, Size: 13, Number: 69123
> 2025-12-16 17:01:21.905 Type: SSH_FXP_WRITE, Size: 6460, Number: 69638
> 2025-12-16 17:01:21.908 Type: SSH_FXP_CLOSE, Size: 13, Number: 69892
> 2025-12-16 17:01:21.908 Type: SSH_FXP_SETSTAT, Size: 96, Number: 69385
< 2025-12-16 17:01:21.919 Type: SSH_FXP_STATUS, Size: 24, Number: 69638
< 2025-12-16 17:01:21.919 Status code: 0
< 2025-12-16 17:01:21.927 Type: SSH_FXP_STATUS, Size: 24, Number: 69892
< 2025-12-16 17:01:21.927 Status code: 0
. 2025-12-16 17:01:21.927 Preserving timestamp [2025-12-16T02:20:50.000Z]
< 2025-12-16 17:01:21.928 Type: SSH_FXP_STATUS, Size: 24, Number: 69385
< 2025-12-16 17:01:21.928 Status code: 0
. 2025-12-16 17:01:21.928 Transfer done: 'D:\busineshuboffline CHATGTP\TOGETHERSYSTEMS- GITHUB\Nieuwe map (3)\docs\multi-industry-docs\src\templates\base.njk' => '/home/u972026836/domains/digitalnotar.in/public_html/src/templates/base.njk' [6435]
. 2025-12-16 17:01:21.928 File: 'D:\busineshuboffline CHATGTP\TOGETHERSYSTEMS- GITHUB\Nieuwe map (3)\docs\multi-industry-docs\src\{templates,scss,js,content,config,scripts}' [2025-12-16T02:17:06.499Z] [0]
. 2025-12-16 17:01:21.956 Listing file "/home/u972026836/domains/digitalnotar.in/public_html/src/{templates,scss,js,content,config,scripts}".
> 2025-12-16 17:01:21.956 Type: SSH_FXP_LSTAT, Size: 108, Number: 70151
< 2025-12-16 17:01:21.965 Type: SSH_FXP_STATUS, Size: 29, Number: 70151
< 2025-12-16 17:01:21.965 Status code: 2, Message: 70151, Server: No such file, Language:  
. 2025-12-16 17:01:21.975 Creating directory "/home/u972026836/domains/digitalnotar.in/public_html/src/{templates,scss,js,content,config,scripts}".
. 2025-12-16 17:01:21.975 Canonifying: "/home/u972026836/domains/digitalnotar.in/public_html/src/{templates,scss,js,content,config,scripts}"
. 2025-12-16 17:01:21.975 Getting real path for '/home/u972026836/domains/digitalnotar.in/public_html/src/{templates,scss,js,content,config,scripts}'
> 2025-12-16 17:01:21.975 Type: SSH_FXP_REALPATH, Size: 108, Number: 70672
< 2025-12-16 17:01:21.984 Type: SSH_FXP_NAME, Size: 219, Number: 70672
. 2025-12-16 17:01:21.984 Real path is '/home/u972026836/domains/digitalnotar.in/public_html/src/{templates,scss,js,content,config,scripts}'
. 2025-12-16 17:01:21.984 Canonified: "/home/u972026836/domains/digitalnotar.in/public_html/src/{templates,scss,js,content,config,scripts}"
> 2025-12-16 17:01:21.984 Type: SSH_FXP_MKDIR, Size: 112, Number: 70414
< 2025-12-16 17:01:21.991 Type: SSH_FXP_STATUS, Size: 24, Number: 70414
< 2025-12-16 17:01:21.991 Status code: 0
. 2025-12-16 17:01:21.997 Copying finished: Transferred: 232.073, Elapsed: 0:00:07, CPS: 30.660/s
. 2025-12-16 17:01:21.998 Copying 1 files/directories to remote directory "/home/u972026836/domains/digitalnotar.in/public_html/"
. 2025-12-16 17:01:21.998   PrTime: Yes; PrRO: No; Rght: rw-r--r--; PrR: No (No); FnCs: N; RIC: 0001; Resume: S (102400); CalcS: No; Mask: *.*
. 2025-12-16 17:01:21.998   TM: B; ClAr: No; RemEOF: No; RemBOM: No; CPS: 0; NewerOnly: No; EncryptNewFiles: Yes; ExcludeHiddenFiles: No; ExcludeEmptyDirectories: No; InclM: | node_modules/; ResumeL: 0
. 2025-12-16 17:01:21.998   AscM: *.*html; *.htm; *.txt; *.php; *.php3; *.cgi; *.c; *.cpp; *.h; *.pas; *.bas; *.tex; *.pl; *.js; .htaccess; *.xtml; *.css; *.cfg; *.ini; *.sh; *.xml
. 2025-12-16 17:01:22.002 File: 'D:\busineshuboffline CHATGTP\TOGETHERSYSTEMS- GITHUB\Nieuwe map (3)\docs\multi-industry-docs\templates' [2025-12-15T20:50:40.252Z] [0]
. 2025-12-16 17:01:22.026 Listing file "/home/u972026836/domains/digitalnotar.in/public_html/templates".
> 2025-12-16 17:01:22.026 Type: SSH_FXP_LSTAT, Size: 71, Number: 70919
< 2025-12-16 17:01:22.034 Type: SSH_FXP_STATUS, Size: 29, Number: 70919
< 2025-12-16 17:01:22.036 Status code: 2, Message: 70919, Server: No such file, Language:  
. 2025-12-16 17:01:22.044 Creating directory "/home/u972026836/domains/digitalnotar.in/public_html/templates".
. 2025-12-16 17:01:22.044 Canonifying: "/home/u972026836/domains/digitalnotar.in/public_html/templates"
. 2025-12-16 17:01:22.044 Getting real path for '/home/u972026836/domains/digitalnotar.in/public_html/templates'
> 2025-12-16 17:01:22.044 Type: SSH_FXP_REALPATH, Size: 71, Number: 71440
< 2025-12-16 17:01:22.054 Type: SSH_FXP_NAME, Size: 145, Number: 71440
. 2025-12-16 17:01:22.054 Real path is '/home/u972026836/domains/digitalnotar.in/public_html/templates'
. 2025-12-16 17:01:22.054 Canonified: "/home/u972026836/domains/digitalnotar.in/public_html/templates"
> 2025-12-16 17:01:22.054 Type: SSH_FXP_MKDIR, Size: 75, Number: 71182
< 2025-12-16 17:01:22.061 Type: SSH_FXP_STATUS, Size: 24, Number: 71182
< 2025-12-16 17:01:22.061 Status code: 0
. 2025-12-16 17:01:22.061 File: 'D:\busineshuboffline CHATGTP\TOGETHERSYSTEMS- GITHUB\Nieuwe map (3)\docs\multi-industry-docs\templates\api-reference.html' [2025-12-15T20:50:40.354Z] [9986]
. 2025-12-16 17:01:22.124 Copying "D:\busineshuboffline CHATGTP\TOGETHERSYSTEMS- GITHUB\Nieuwe map (3)\docs\multi-industry-docs\templates\api-reference.html" to remote directory started.
. 2025-12-16 17:01:22.124 Binary transfer mode selected.
. 2025-12-16 17:01:22.124 Opening remote file.
> 2025-12-16 17:01:22.124 Type: SSH_FXP_OPEN, Size: 106, Number: 71683
< 2025-12-16 17:01:22.137 Type: SSH_FXP_HANDLE, Size: 13, Number: 71683
> 2025-12-16 17:01:22.137 Type: SSH_FXP_WRITE, Size: 10011, Number: 72198
> 2025-12-16 17:01:22.142 Type: SSH_FXP_CLOSE, Size: 13, Number: 72452
> 2025-12-16 17:01:22.142 Type: SSH_FXP_SETSTAT, Size: 102, Number: 71945
< 2025-12-16 17:01:22.153 Type: SSH_FXP_STATUS, Size: 24, Number: 72198
< 2025-12-16 17:01:22.153 Status code: 0
< 2025-12-16 17:01:22.195 Type: SSH_FXP_STATUS, Size: 24, Number: 72452
< 2025-12-16 17:01:22.195 Status code: 0
. 2025-12-16 17:01:22.206 Preserving timestamp [2025-12-15T20:50:40.000Z]
< 2025-12-16 17:01:22.206 Type: SSH_FXP_STATUS, Size: 24, Number: 71945
< 2025-12-16 17:01:22.206 Status code: 0
. 2025-12-16 17:01:22.206 Transfer done: 'D:\busineshuboffline CHATGTP\TOGETHERSYSTEMS- GITHUB\Nieuwe map (3)\docs\multi-industry-docs\templates\api-reference.html' => '/home/u972026836/domains/digitalnotar.in/public_html/templates/api-reference.html' [9986]
. 2025-12-16 17:01:22.206 Copying finished: Transferred: 242.059, Elapsed: 0:00:07, CPS: 31.120/s
> 2025-12-16 17:01:22.225 Script: close
. 2025-12-16 17:01:22.225 Closing connection.
. 2025-12-16 17:01:22.227 Sending special code: 1
. 2025-12-16 17:01:22.237 Session sent command exit status 0
. 2025-12-16 17:01:22.237 Main session channel closed
. 2025-12-16 17:01:22.237 All channels closed
. 2025-12-16 17:01:22.237 [Shell] Closing connection.
. 2025-12-16 17:01:22.237 [Shell] Sending special code: 1
. 2025-12-16 17:01:22.246 [Shell] Session sent command exit status 0
. 2025-12-16 17:01:22.246 [Shell] Main session channel closed
. 2025-12-16 17:01:22.247 [Shell] All channels closed
