. 2025-12-16 17:00:28.260 --------------------------------------------------------------------------
. 2025-12-16 17:00:28.265 WinSCP Versie 6.5.5 (Build 16453 2025-11-19) (OS 10.0.26100 – Windows 11 Pro)
. 2025-12-16 17:00:28.265 Configuration: HKCU\Software\Martin Prikryl\WinSCP 2\
. 2025-12-16 17:00:28.265 Log level: Normal
. 2025-12-16 17:00:28.265 Local account: DESKTOP-U2AII26\Gebruiker
. 2025-12-16 17:00:28.265 Working directory: D:\busineshuboffline CHATGTP\TOGETHERSYSTEMS- GITHUB\Nieuwe map (3)
. 2025-12-16 17:00:28.265 Process ID: 37296
. 2025-12-16 17:00:28.466 Ancestor processes: WinSCP, pwsh, Code, Code, ...
. 2025-12-16 17:00:28.469 Command-line: "D:\Program Files (x86)\WinSCP\WinSCP.exe" /console=6.5.5 /consoleinstance=_58932_138 "/script=winscp_deploy_correct.txt" "/log=deployment_correct.log" 
. 2025-12-16 17:00:28.470 Time zone: Current: GMT+1, Standard: GMT+1 (West-Europa (standaardtijd)), DST: GMT+2 (West-Europa (zomertijd)), DST Start: 30/03/2025, DST End: 26/10/2025
. 2025-12-16 17:00:28.470 Login time: Tuesday, 16 December 2025 17:00:28
. 2025-12-16 17:00:28.470 --------------------------------------------------------------------------
. 2025-12-16 17:00:28.470 Script: Retrospectively logging previous script records:
> 2025-12-16 17:00:28.470 Script: option batch abort
< 2025-12-16 17:00:28.470 Script: batch           abort     
> 2025-12-16 17:00:28.470 Script: option confirm off
< 2025-12-16 17:00:28.470 Script: confirm         off       
> 2025-12-16 17:00:28.470 Script: open sftp://u972026836:***@45.87.81.214:65002
. 2025-12-16 17:00:28.470 --------------------------------------------------------------------------
. 2025-12-16 17:00:28.470 Session name: u972026836@45.87.81.214 (Ad-Hoc site)
. 2025-12-16 17:00:28.470 Host name: 45.87.81.214 (Port: 65002)
. 2025-12-16 17:00:28.470 User name: u972026836 (Password: Yes, Key file: No, Passphrase: No)
. 2025-12-16 17:00:28.470 Tunnel: No
. 2025-12-16 17:00:28.470 Transfer Protocol: SFTP
. 2025-12-16 17:00:28.470 Ping type: Off, Ping interval: 30 sec; Timeout: 15 sec
. 2025-12-16 17:00:28.470 Disable Nagle: No
. 2025-12-16 17:00:28.470 Proxy: None
. 2025-12-16 17:00:28.470 Send buffer: 262144
. 2025-12-16 17:00:28.470 Compression: No
. 2025-12-16 17:00:28.470 Bypass authentication: No
. 2025-12-16 17:00:28.470 Try agent: Yes; Agent forwarding: No; KI: Yes; GSSAPI: Yes
. 2025-12-16 17:00:28.470 GSSAPI: KEX: No; Forwarding: No; Libs: gssapi32,sspi,custom; Custom: 
. 2025-12-16 17:00:28.470 Ciphers: aes,chacha20,aesgcm,3des,WARN,des,blowfish,arcfour; Ssh2DES: No
. 2025-12-16 17:00:28.470 KEX: ntru-curve25519,mlkem-curve25519,mlkem-nist,ecdh,dh-gex-sha1,dh-group18-sha512,dh-group17-sha512,dh-group16-sha512,dh-group15-sha512,dh-group14-sha1,rsa,WARN,dh-group1-sha1
. 2025-12-16 17:00:28.470 SSH Bugs: Auto,Auto,Auto,Auto,Auto,Auto,Auto,Auto,Auto,Auto
. 2025-12-16 17:00:28.470 Simple channel: Yes
. 2025-12-16 17:00:28.470 Return code variable: Autodetect; Lookup user groups: Auto
. 2025-12-16 17:00:28.470 Shell: default
. 2025-12-16 17:00:28.470 EOL: LF, UTF: Auto
. 2025-12-16 17:00:28.470 Clear aliases: Yes, Unset nat.vars: Yes, Resolve symlinks: Yes; Follow directory symlinks: No
. 2025-12-16 17:00:28.470 LS: ls -la, Ign LS warn: Yes, Scp1 Comp: No; Exit code 1 is error: No
. 2025-12-16 17:00:28.470 SFTP Bugs: Auto,Auto
. 2025-12-16 17:00:28.470 SFTP Server: default
. 2025-12-16 17:00:28.470 Local directory: default, Remote directory: home, Update: Yes, Cache: Yes
. 2025-12-16 17:00:28.470 Cache directory changes: Yes, Permanent: Yes
. 2025-12-16 17:00:28.470 Recycle bin: Delete to: No, Overwritten to: No, Bin path: 
. 2025-12-16 17:00:28.470 DST mode: Unix
. 2025-12-16 17:00:28.470 --------------------------------------------------------------------------
< 2025-12-16 17:00:28.470 Script: Bezig met zoeken naar doelcomputer...
. 2025-12-16 17:00:28.481 Looking up host "45.87.81.214" for SSH connection
. 2025-12-16 17:00:28.482 Connecting to 45.87.81.214 port 65002
. 2025-12-16 17:00:28.503 Connected to 45.87.81.214 (from 192.168.1.181:50392)
< 2025-12-16 17:00:28.511 Script: Bezig met verbinding maken met doelcomputer...
. 2025-12-16 17:00:28.628 We claim version: SSH-2.0-WinSCP_release_6.5.5
. 2025-12-16 17:00:28.628 Connected to 45.87.81.214 (from 192.168.1.181:50392)
. 2025-12-16 17:00:28.628 Remote version: SSH-2.0-OpenSSH_8.7
. 2025-12-16 17:00:28.630 Using SSH protocol version 2
. 2025-12-16 17:00:28.630 Have a known host key of type ssh-ed25519
. 2025-12-16 17:00:28.639 Enabling strict key exchange semantics
. 2025-12-16 17:00:28.643 Doing ECDH key exchange with curve Curve25519, using hash SHA-256
. 2025-12-16 17:00:28.885 Server also has ecdsa-sha2-nistp256/rsa-sha2-512/rsa-sha2-256/ssh-rsa host keys, but we don't know any of them
. 2025-12-16 17:00:28.885 Host key fingerprint is:
. 2025-12-16 17:00:28.885 ssh-ed25519 255 SHA256:4mfb2c67Lhi/idZu+pyYocKONELisV4IInwlFdR8t98
< 2025-12-16 17:00:28.886 Script: Bezig met authenticatie...
. 2025-12-16 17:00:28.905 Host key matches cached key
. 2025-12-16 17:00:28.905 Initialised AES-256 SDCTR (AES-NI accelerated) [aes256-ctr] outbound encryption
. 2025-12-16 17:00:28.905 Initialised HMAC-SHA-256 outbound MAC algorithm
. 2025-12-16 17:00:28.907 Initialised AES-256 SDCTR (AES-NI accelerated) [aes256-ctr] inbound encryption
. 2025-12-16 17:00:28.907 Initialised HMAC-SHA-256 inbound MAC algorithm
! 2025-12-16 17:00:28.917 Using username "u972026836".
< 2025-12-16 17:00:28.917 Script: Met gebruikersnaam "u972026836".
. 2025-12-16 17:00:28.938 Server offered these authentication methods: publickey,password
. 2025-12-16 17:00:28.938 Prompt (password, "SSH password", <no instructions>, "&Wachtwoord: ")
. 2025-12-16 17:00:28.938 Using stored password.
< 2025-12-16 17:00:28.938 Script: Authenticatie met vooraf ingevoerd wachtwoord.
. 2025-12-16 17:00:28.954 Sent password
. 2025-12-16 17:00:29.002 Access granted
. 2025-12-16 17:00:29.003 Opening main session channel
. 2025-12-16 17:00:29.082 Opened main channel
. 2025-12-16 17:00:29.091 Started a shell/command
< 2025-12-16 17:00:29.091 Script: Authenticatie voltooid.
. 2025-12-16 17:00:29.112 --------------------------------------------------------------------------
. 2025-12-16 17:00:29.112 Using SFTP protocol.
. 2025-12-16 17:00:29.112 Doing startup conversation with host.
< 2025-12-16 17:00:29.112 Script: Bezig met starten van sessie...
. 2025-12-16 17:00:29.119 Well known server, allowing SFTP version 6.
> 2025-12-16 17:00:29.119 Type: SSH_FXP_INIT, Size: 5, Number: -1
< 2025-12-16 17:00:29.128 Type: SSH_FXP_VERSION, Size: 238, Number: -1
. 2025-12-16 17:00:29.128 SFTP version 3 negotiated.
. 2025-12-16 17:00:29.128 Supports extension posix-rename@openssh.com="1"
. 2025-12-16 17:00:29.128 Supports statvfs@openssh.com extension version 2
. 2025-12-16 17:00:29.128 Unknown server extension fstatvfs@openssh.com="2"
. 2025-12-16 17:00:29.128 Supports hardlink@openssh.com extension version 1
. 2025-12-16 17:00:29.128 Unknown server extension fsync@openssh.com="1"
. 2025-12-16 17:00:29.128 Unknown server extension lsetstat@openssh.com="1"
. 2025-12-16 17:00:29.128 Supports limits@openssh.com extension version 1
. 2025-12-16 17:00:29.128 Unknown server extension expand-path@openssh.com="1"
. 2025-12-16 17:00:29.128 We believe the server has signed timestamps bug
. 2025-12-16 17:00:29.128 We will use UTF-8 strings until server sends an invalid UTF-8 string as with SFTP version 3 and older UTF-8 strings are not mandatory
> 2025-12-16 17:00:29.128 Type: SSH_FXP_EXTENDED, Size: 27, Number: 200
< 2025-12-16 17:00:29.136 Type: SSH_FXP_EXTENDED_REPLY, Size: 37, Number: 200
. 2025-12-16 17:00:29.136 Limiting packet size to server's limit of 262144 + 4 bytes
. 2025-12-16 17:00:29.136 Getting current directory name.
. 2025-12-16 17:00:29.136 Getting real path for '.'
> 2025-12-16 17:00:29.136 Type: SSH_FXP_REALPATH, Size: 10, Number: 272
< 2025-12-16 17:00:29.145 Type: SSH_FXP_NAME, Size: 53, Number: 272
. 2025-12-16 17:00:29.145 Real path is '/home/u972026836'
. 2025-12-16 17:00:29.145 Startup conversation with host finished.
< 2025-12-16 17:00:29.145 Script: Sessie gestart.
< 2025-12-16 17:00:29.173 Script: Actieve sessie: [1] u972026836@45.87.81.214
> 2025-12-16 17:00:29.240 Script: option transfer binary
< 2025-12-16 17:00:29.242 Script: transfer        binary    
> 2025-12-16 17:00:29.339 Script: synchronize remote "D:\busineshuboffline CHATGTP\TOGETHERSYSTEMS- GITHUB\Nieuwe map (3)\docs\multi-industry-docs" "/home/u972026836/domains/digitalnotar.in/public_html"
< 2025-12-16 17:00:29.341 Script: Bezig met vergelijken...
. 2025-12-16 17:00:29.341 Collecting synchronization list for local directory 'D:\busineshuboffline CHATGTP\TOGETHERSYSTEMS- GITHUB\Nieuwe map (3)\docs\multi-industry-docs' and remote directory '/home/u972026836/domains/digitalnotar.in/public_html', mode = Remote, params = 0x2 (NoConfirmation), file mask = ''
. 2025-12-16 17:00:29.397 Local file 'D:\busineshuboffline CHATGTP\TOGETHERSYSTEMS- GITHUB\Nieuwe map (3)\docs\multi-industry-docs\.' [2025-12-16T14:55:21.051Z] [0] excluded from synchronization
. 2025-12-16 17:00:29.397 Local file 'D:\busineshuboffline CHATGTP\TOGETHERSYSTEMS- GITHUB\Nieuwe map (3)\docs\multi-industry-docs\..' [2025-12-16T10:28:22.968Z] [0] excluded from synchronization
. 2025-12-16 17:00:29.397 Local file 'D:\busineshuboffline CHATGTP\TOGETHERSYSTEMS- GITHUB\Nieuwe map (3)\docs\multi-industry-docs\build.js' [2025-12-16T08:01:05.876Z] [12228] included to synchronization
. 2025-12-16 17:00:29.397 Local file 'D:\busineshuboffline CHATGTP\TOGETHERSYSTEMS- GITHUB\Nieuwe map (3)\docs\multi-industry-docs\check_teaching.ps1' [2025-12-16T14:55:35.342Z] [834] included to synchronization
. 2025-12-16 17:00:29.397 Local file 'D:\busineshuboffline CHATGTP\TOGETHERSYSTEMS- GITHUB\Nieuwe map (3)\docs\multi-industry-docs\css' [2025-12-15T21:09:58.577Z] [0] included to synchronization
. 2025-12-16 17:00:29.397 Local file 'D:\busineshuboffline CHATGTP\TOGETHERSYSTEMS- GITHUB\Nieuwe map (3)\docs\multi-industry-docs\dist' [2025-12-16T08:01:33.882Z] [0] included to synchronization
. 2025-12-16 17:00:29.397 Local file 'D:\busineshuboffline CHATGTP\TOGETHERSYSTEMS- GITHUB\Nieuwe map (3)\docs\multi-industry-docs\index.html' [2025-12-15T20:45:05.353Z] [6523] included to synchronization
. 2025-12-16 17:00:29.397 Local file 'D:\busineshuboffline CHATGTP\TOGETHERSYSTEMS- GITHUB\Nieuwe map (3)\docs\multi-industry-docs\industries' [2025-12-15T20:58:12.343Z] [0] included to synchronization
. 2025-12-16 17:00:29.397 Local file 'D:\busineshuboffline CHATGTP\TOGETHERSYSTEMS- GITHUB\Nieuwe map (3)\docs\multi-industry-docs\js' [2025-12-15T20:50:51.433Z] [0] included to synchronization
. 2025-12-16 17:00:29.397 Local file 'D:\busineshuboffline CHATGTP\TOGETHERSYSTEMS- GITHUB\Nieuwe map (3)\docs\multi-industry-docs\node_modules' [2025-12-16T02:41:35.168Z] [0] included to synchronization
. 2025-12-16 17:00:29.398 Local file 'D:\busineshuboffline CHATGTP\TOGETHERSYSTEMS- GITHUB\Nieuwe map (3)\docs\multi-industry-docs\package-lock.json' [2025-12-16T07:50:50.149Z] [88361] included to synchronization
. 2025-12-16 17:00:29.398 Local file 'D:\busineshuboffline CHATGTP\TOGETHERSYSTEMS- GITHUB\Nieuwe map (3)\docs\multi-industry-docs\package.json' [2025-12-16T02:41:34.985Z] [892] included to synchronization
. 2025-12-16 17:00:29.398 Local file 'D:\busineshuboffline CHATGTP\TOGETHERSYSTEMS- GITHUB\Nieuwe map (3)\docs\multi-industry-docs\src' [2025-12-16T07:36:12.474Z] [0] included to synchronization
. 2025-12-16 17:00:29.398 Local file 'D:\busineshuboffline CHATGTP\TOGETHERSYSTEMS- GITHUB\Nieuwe map (3)\docs\multi-industry-docs\templates' [2025-12-15T20:50:40.252Z] [0] included to synchronization
. 2025-12-16 17:00:29.398 Listing directory "/home/u972026836/domains/digitalnotar.in/public_html".
> 2025-12-16 17:00:29.398 Type: SSH_FXP_OPENDIR, Size: 61, Number: 523
< 2025-12-16 17:00:29.415 Type: SSH_FXP_HANDLE, Size: 13, Number: 523
> 2025-12-16 17:00:29.415 Type: SSH_FXP_READDIR, Size: 13, Number: 780
< 2025-12-16 17:00:29.427 Type: SSH_FXP_NAME, Size: 217, Number: 780
> 2025-12-16 17:00:29.427 Type: SSH_FXP_READDIR, Size: 13, Number: 1036
< 2025-12-16 17:00:29.436 Type: SSH_FXP_STATUS, Size: 28, Number: 1036
< 2025-12-16 17:00:29.437 Status code: 1
> 2025-12-16 17:00:29.437 Type: SSH_FXP_CLOSE, Size: 13, Number: 1284
. 2025-12-16 17:00:29.437 .;d;0;2025-12-16T00:08:27.000Z;4;"u972026836" [972026836];"o1007643223" [2007643223];rwxr-xr-x;0
. 2025-12-16 17:00:29.437 ..;d;0;2025-12-15T20:52:43.000Z;4;"u972026836" [972026836];"o1007643223" [2007643223];rwxr-xr-x;0
. 2025-12-16 17:00:29.437 Local file 'D:\busineshuboffline CHATGTP\TOGETHERSYSTEMS- GITHUB\Nieuwe map (3)\docs\multi-industry-docs\build.js' [2025-12-16T08:01:05.876Z] [12228] is new
. 2025-12-16 17:00:29.437 Local file 'D:\busineshuboffline CHATGTP\TOGETHERSYSTEMS- GITHUB\Nieuwe map (3)\docs\multi-industry-docs\check_teaching.ps1' [2025-12-16T14:55:35.342Z] [834] is new
. 2025-12-16 17:00:29.437 Local file 'D:\busineshuboffline CHATGTP\TOGETHERSYSTEMS- GITHUB\Nieuwe map (3)\docs\multi-industry-docs\css' [2025-12-15T21:09:58.577Z] [0] is new
. 2025-12-16 17:00:29.437 Local file 'D:\busineshuboffline CHATGTP\TOGETHERSYSTEMS- GITHUB\Nieuwe map (3)\docs\multi-industry-docs\dist' [2025-12-16T08:01:33.882Z] [0] is new
. 2025-12-16 17:00:29.437 Local file 'D:\busineshuboffline CHATGTP\TOGETHERSYSTEMS- GITHUB\Nieuwe map (3)\docs\multi-industry-docs\index.html' [2025-12-15T20:45:05.353Z] [6523] is new
. 2025-12-16 17:00:29.437 Local file 'D:\busineshuboffline CHATGTP\TOGETHERSYSTEMS- GITHUB\Nieuwe map (3)\docs\multi-industry-docs\industries' [2025-12-15T20:58:12.343Z] [0] is new
. 2025-12-16 17:00:29.437 Local file 'D:\busineshuboffline CHATGTP\TOGETHERSYSTEMS- GITHUB\Nieuwe map (3)\docs\multi-industry-docs\js' [2025-12-15T20:50:51.433Z] [0] is new
. 2025-12-16 17:00:29.437 Local file 'D:\busineshuboffline CHATGTP\TOGETHERSYSTEMS- GITHUB\Nieuwe map (3)\docs\multi-industry-docs\node_modules' [2025-12-16T02:41:35.168Z] [0] is new
. 2025-12-16 17:00:29.437 Local file 'D:\busineshuboffline CHATGTP\TOGETHERSYSTEMS- GITHUB\Nieuwe map (3)\docs\multi-industry-docs\package.json' [2025-12-16T02:41:34.985Z] [892] is new
. 2025-12-16 17:00:29.437 Local file 'D:\busineshuboffline CHATGTP\TOGETHERSYSTEMS- GITHUB\Nieuwe map (3)\docs\multi-industry-docs\package-lock.json' [2025-12-16T07:50:50.149Z] [88361] is new
. 2025-12-16 17:00:29.437 Local file 'D:\busineshuboffline CHATGTP\TOGETHERSYSTEMS- GITHUB\Nieuwe map (3)\docs\multi-industry-docs\src' [2025-12-16T07:36:12.474Z] [0] is new
. 2025-12-16 17:00:29.437 Local file 'D:\busineshuboffline CHATGTP\TOGETHERSYSTEMS- GITHUB\Nieuwe map (3)\docs\multi-industry-docs\templates' [2025-12-15T20:50:40.252Z] [0] is new
< 2025-12-16 17:00:29.437 Script: Bezig met synchroniseren...
. 2025-12-16 17:00:29.467 Synchronizing local directory 'D:\busineshuboffline CHATGTP\TOGETHERSYSTEMS- GITHUB\Nieuwe map (3)\docs\multi-industry-docs\' with remote directory '/home/u972026836/domains/digitalnotar.in/public_html/', params = 0x2 (NoConfirmation)
. 2025-12-16 17:00:29.467 Copying 1 files/directories to remote directory "/home/u972026836/domains/digitalnotar.in/public_html/" - total size: 12.228
. 2025-12-16 17:00:29.467   PrTime: Yes; PrRO: No; Rght: rw-r--r--; PrR: No (No); FnCs: N; RIC: 0001; Resume: S (102400); CalcS: No; Mask: *.*
. 2025-12-16 17:00:29.467   TM: B; ClAr: No; RemEOF: No; RemBOM: No; CPS: 0; NewerOnly: No; EncryptNewFiles: Yes; ExcludeHiddenFiles: No; ExcludeEmptyDirectories: No; InclM: ; ResumeL: 0
. 2025-12-16 17:00:29.467   AscM: *.*html; *.htm; *.txt; *.php; *.php3; *.cgi; *.c; *.cpp; *.h; *.pas; *.bas; *.tex; *.pl; *.js; .htaccess; *.xtml; *.css; *.cfg; *.ini; *.sh; *.xml
. 2025-12-16 17:00:29.468 File: 'D:\busineshuboffline CHATGTP\TOGETHERSYSTEMS- GITHUB\Nieuwe map (3)\docs\multi-industry-docs\build.js' [2025-12-16T08:01:05.876Z] [12228]
< 2025-12-16 17:00:29.468 Script: Lokaal 'D:\busineshuboffline CHATGTP\TOGETHERSYSTEMS- GITHUB\Nieuwe map (3)\docs\multi-industry-docs' => Extern '/home/u972026836/domains/digitalnotar.in/public_html'
. 2025-12-16 17:00:29.529 Copying "D:\busineshuboffline CHATGTP\TOGETHERSYSTEMS- GITHUB\Nieuwe map (3)\docs\multi-industry-docs\build.js" to remote directory started.
. 2025-12-16 17:00:29.529 Binary transfer mode selected.
. 2025-12-16 17:00:29.529 Opening remote file.
> 2025-12-16 17:00:29.529 Type: SSH_FXP_OPEN, Size: 86, Number: 1539
< 2025-12-16 17:00:29.539 Type: SSH_FXP_STATUS, Size: 24, Number: 1284
. 2025-12-16 17:00:29.539 Discarding reserved response
< 2025-12-16 17:00:29.539 Type: SSH_FXP_HANDLE, Size: 13, Number: 1539
> 2025-12-16 17:00:29.539 Type: SSH_FXP_WRITE, Size: 12253, Number: 2054
> 2025-12-16 17:00:29.567 Type: SSH_FXP_CLOSE, Size: 13, Number: 2308
> 2025-12-16 17:00:29.567 Type: SSH_FXP_SETSTAT, Size: 82, Number: 1801
< 2025-12-16 17:00:29.579 Type: SSH_FXP_STATUS, Size: 24, Number: 2054
< 2025-12-16 17:00:29.579 Status code: 0
< 2025-12-16 17:00:29.579 Type: SSH_FXP_STATUS, Size: 24, Number: 2308
< 2025-12-16 17:00:29.579 Status code: 0
. 2025-12-16 17:00:29.579 Preserving timestamp [2025-12-16T08:01:05.000Z]
< 2025-12-16 17:00:29.588 Type: SSH_FXP_STATUS, Size: 24, Number: 1801
< 2025-12-16 17:00:29.588 Status code: 0
. 2025-12-16 17:00:29.588 Transfer done: 'D:\busineshuboffline CHATGTP\TOGETHERSYSTEMS- GITHUB\Nieuwe map (3)\docs\multi-industry-docs\build.js' => '/home/u972026836/domains/digitalnotar.in/public_html/build.js' [12228]
. 2025-12-16 17:00:29.588 Copying finished: Transferred: 12.228, Elapsed: 0:00:00, CPS: 101.057/s
. 2025-12-16 17:00:29.588 Copying 1 files/directories to remote directory "/home/u972026836/domains/digitalnotar.in/public_html/" - total size: 834
. 2025-12-16 17:00:29.588   PrTime: Yes; PrRO: No; Rght: rw-r--r--; PrR: No (No); FnCs: N; RIC: 0001; Resume: S (102400); CalcS: No; Mask: *.*
. 2025-12-16 17:00:29.588   TM: B; ClAr: No; RemEOF: No; RemBOM: No; CPS: 0; NewerOnly: No; EncryptNewFiles: Yes; ExcludeHiddenFiles: No; ExcludeEmptyDirectories: No; InclM: ; ResumeL: 0
. 2025-12-16 17:00:29.588   AscM: *.*html; *.htm; *.txt; *.php; *.php3; *.cgi; *.c; *.cpp; *.h; *.pas; *.bas; *.tex; *.pl; *.js; .htaccess; *.xtml; *.css; *.cfg; *.ini; *.sh; *.xml
. 2025-12-16 17:00:29.588 File: 'D:\busineshuboffline CHATGTP\TOGETHERSYSTEMS- GITHUB\Nieuwe map (3)\docs\multi-industry-docs\check_teaching.ps1' [2025-12-16T14:55:35.342Z] [834]
. 2025-12-16 17:00:29.703 Copying "D:\busineshuboffline CHATGTP\TOGETHERSYSTEMS- GITHUB\Nieuwe map (3)\docs\multi-industry-docs\check_teaching.ps1" to remote directory started.
. 2025-12-16 17:00:29.703 Binary transfer mode selected.
. 2025-12-16 17:00:29.703 Opening remote file.
> 2025-12-16 17:00:29.703 Type: SSH_FXP_OPEN, Size: 96, Number: 2563
< 2025-12-16 17:00:29.714 Type: SSH_FXP_HANDLE, Size: 13, Number: 2563
> 2025-12-16 17:00:29.714 Type: SSH_FXP_WRITE, Size: 859, Number: 3078
> 2025-12-16 17:00:29.755 Type: SSH_FXP_CLOSE, Size: 13, Number: 3332
> 2025-12-16 17:00:29.755 Type: SSH_FXP_SETSTAT, Size: 92, Number: 2825
< 2025-12-16 17:00:29.769 Type: SSH_FXP_STATUS, Size: 24, Number: 3078
< 2025-12-16 17:00:29.769 Status code: 0
< 2025-12-16 17:00:29.789 Type: SSH_FXP_STATUS, Size: 24, Number: 3332
< 2025-12-16 17:00:29.789 Status code: 0
. 2025-12-16 17:00:29.800 Preserving timestamp [2025-12-16T14:55:35.000Z]
< 2025-12-16 17:00:29.800 Type: SSH_FXP_STATUS, Size: 24, Number: 2825
< 2025-12-16 17:00:29.800 Status code: 0
. 2025-12-16 17:00:29.800 Transfer done: 'D:\busineshuboffline CHATGTP\TOGETHERSYSTEMS- GITHUB\Nieuwe map (3)\docs\multi-industry-docs\check_teaching.ps1' => '/home/u972026836/domains/digitalnotar.in/public_html/check_teaching.ps1' [834]
. 2025-12-16 17:00:29.800 Copying finished: Transferred: 13.062, Elapsed: 0:00:00, CPS: 39.225/s
. 2025-12-16 17:00:29.801 Copying 1 files/directories to remote directory "/home/u972026836/domains/digitalnotar.in/public_html/"
. 2025-12-16 17:00:29.801   PrTime: Yes; PrRO: No; Rght: rw-r--r--; PrR: No (No); FnCs: N; RIC: 0001; Resume: S (102400); CalcS: No; Mask: *.*
. 2025-12-16 17:00:29.801   TM: B; ClAr: No; RemEOF: No; RemBOM: No; CPS: 0; NewerOnly: No; EncryptNewFiles: Yes; ExcludeHiddenFiles: No; ExcludeEmptyDirectories: No; InclM: ; ResumeL: 0
. 2025-12-16 17:00:29.801   AscM: *.*html; *.htm; *.txt; *.php; *.php3; *.cgi; *.c; *.cpp; *.h; *.pas; *.bas; *.tex; *.pl; *.js; .htaccess; *.xtml; *.css; *.cfg; *.ini; *.sh; *.xml
. 2025-12-16 17:00:29.801 File: 'D:\busineshuboffline CHATGTP\TOGETHERSYSTEMS- GITHUB\Nieuwe map (3)\docs\multi-industry-docs\css' [2025-12-15T21:09:58.577Z] [0]
. 2025-12-16 17:00:29.816 Listing file "/home/u972026836/domains/digitalnotar.in/public_html/css".
> 2025-12-16 17:00:29.816 Type: SSH_FXP_LSTAT, Size: 65, Number: 3591
< 2025-12-16 17:00:29.839 Type: SSH_FXP_STATUS, Size: 29, Number: 3591
< 2025-12-16 17:00:29.839 Status code: 2, Message: 3591, Server: No such file, Language:  
. 2025-12-16 17:00:29.850 Creating directory "/home/u972026836/domains/digitalnotar.in/public_html/css".
. 2025-12-16 17:00:29.850 Canonifying: "/home/u972026836/domains/digitalnotar.in/public_html/css"
. 2025-12-16 17:00:29.850 Getting real path for '/home/u972026836/domains/digitalnotar.in/public_html/css'
> 2025-12-16 17:00:29.850 Type: SSH_FXP_REALPATH, Size: 65, Number: 4112
< 2025-12-16 17:00:29.858 Type: SSH_FXP_NAME, Size: 133, Number: 4112
. 2025-12-16 17:00:29.858 Real path is '/home/u972026836/domains/digitalnotar.in/public_html/css'
. 2025-12-16 17:00:29.858 Canonified: "/home/u972026836/domains/digitalnotar.in/public_html/css"
> 2025-12-16 17:00:29.858 Type: SSH_FXP_MKDIR, Size: 69, Number: 3854
< 2025-12-16 17:00:29.866 Type: SSH_FXP_STATUS, Size: 24, Number: 3854
< 2025-12-16 17:00:29.866 Status code: 0
. 2025-12-16 17:00:29.866 File: 'D:\busineshuboffline CHATGTP\TOGETHERSYSTEMS- GITHUB\Nieuwe map (3)\docs\multi-industry-docs\css\search.css' [2025-12-15T21:09:58.627Z] [8650]
. 2025-12-16 17:00:29.899 Copying "D:\busineshuboffline CHATGTP\TOGETHERSYSTEMS- GITHUB\Nieuwe map (3)\docs\multi-industry-docs\css\search.css" to remote directory started.
. 2025-12-16 17:00:29.900 Binary transfer mode selected.
. 2025-12-16 17:00:29.900 Opening remote file.
> 2025-12-16 17:00:29.901 Type: SSH_FXP_OPEN, Size: 92, Number: 4355
< 2025-12-16 17:00:29.920 Type: SSH_FXP_HANDLE, Size: 13, Number: 4355
> 2025-12-16 17:00:29.922 Type: SSH_FXP_WRITE, Size: 8675, Number: 4870
> 2025-12-16 17:00:29.938 Type: SSH_FXP_CLOSE, Size: 13, Number: 5124
> 2025-12-16 17:00:29.938 Type: SSH_FXP_SETSTAT, Size: 88, Number: 4617
< 2025-12-16 17:00:29.960 Type: SSH_FXP_STATUS, Size: 24, Number: 4870
< 2025-12-16 17:00:29.960 Status code: 0
< 2025-12-16 17:00:29.970 Type: SSH_FXP_STATUS, Size: 24, Number: 5124
< 2025-12-16 17:00:29.970 Status code: 0
. 2025-12-16 17:00:29.973 Preserving timestamp [2025-12-15T21:09:58.000Z]
< 2025-12-16 17:00:29.973 Type: SSH_FXP_STATUS, Size: 24, Number: 4617
< 2025-12-16 17:00:29.973 Status code: 0
. 2025-12-16 17:00:29.973 Transfer done: 'D:\busineshuboffline CHATGTP\TOGETHERSYSTEMS- GITHUB\Nieuwe map (3)\docs\multi-industry-docs\css\search.css' => '/home/u972026836/domains/digitalnotar.in/public_html/css/search.css' [8650]
. 2025-12-16 17:00:29.973 File: 'D:\busineshuboffline CHATGTP\TOGETHERSYSTEMS- GITHUB\Nieuwe map (3)\docs\multi-industry-docs\css\styles.css' [2025-12-15T20:45:31.695Z] [5113]
. 2025-12-16 17:00:30.002 Copying "D:\busineshuboffline CHATGTP\TOGETHERSYSTEMS- GITHUB\Nieuwe map (3)\docs\multi-industry-docs\css\styles.css" to remote directory started.
. 2025-12-16 17:00:30.002 Binary transfer mode selected.
. 2025-12-16 17:00:30.002 Opening remote file.
> 2025-12-16 17:00:30.002 Type: SSH_FXP_OPEN, Size: 92, Number: 5379
< 2025-12-16 17:00:30.016 Type: SSH_FXP_HANDLE, Size: 13, Number: 5379
> 2025-12-16 17:00:30.018 Type: SSH_FXP_WRITE, Size: 5138, Number: 5894
> 2025-12-16 17:00:30.019 Type: SSH_FXP_CLOSE, Size: 13, Number: 6148
> 2025-12-16 17:00:30.019 Type: SSH_FXP_SETSTAT, Size: 88, Number: 5641
< 2025-12-16 17:00:30.039 Type: SSH_FXP_STATUS, Size: 24, Number: 5894
< 2025-12-16 17:00:30.039 Status code: 0
< 2025-12-16 17:00:30.051 Type: SSH_FXP_STATUS, Size: 24, Number: 6148
< 2025-12-16 17:00:30.051 Status code: 0
. 2025-12-16 17:00:30.051 Preserving timestamp [2025-12-15T20:45:31.000Z]
< 2025-12-16 17:00:30.051 Type: SSH_FXP_STATUS, Size: 24, Number: 5641
< 2025-12-16 17:00:30.051 Status code: 0
. 2025-12-16 17:00:30.051 Transfer done: 'D:\busineshuboffline CHATGTP\TOGETHERSYSTEMS- GITHUB\Nieuwe map (3)\docs\multi-industry-docs\css\styles.css' => '/home/u972026836/domains/digitalnotar.in/public_html/css/styles.css' [5113]
. 2025-12-16 17:00:30.051 Copying finished: Transferred: 26.825, Elapsed: 0:00:00, CPS: 45.933/s
. 2025-12-16 17:00:30.051 Copying 1 files/directories to remote directory "/home/u972026836/domains/digitalnotar.in/public_html/"
. 2025-12-16 17:00:30.051   PrTime: Yes; PrRO: No; Rght: rw-r--r--; PrR: No (No); FnCs: N; RIC: 0001; Resume: S (102400); CalcS: No; Mask: *.*
. 2025-12-16 17:00:30.052   TM: B; ClAr: No; RemEOF: No; RemBOM: No; CPS: 0; NewerOnly: No; EncryptNewFiles: Yes; ExcludeHiddenFiles: No; ExcludeEmptyDirectories: No; InclM: ; ResumeL: 0
. 2025-12-16 17:00:30.052   AscM: *.*html; *.htm; *.txt; *.php; *.php3; *.cgi; *.c; *.cpp; *.h; *.pas; *.bas; *.tex; *.pl; *.js; .htaccess; *.xtml; *.css; *.cfg; *.ini; *.sh; *.xml
. 2025-12-16 17:00:30.052 File: 'D:\busineshuboffline CHATGTP\TOGETHERSYSTEMS- GITHUB\Nieuwe map (3)\docs\multi-industry-docs\dist' [2025-12-16T08:01:33.882Z] [0]
. 2025-12-16 17:00:30.070 Listing file "/home/u972026836/domains/digitalnotar.in/public_html/dist".
> 2025-12-16 17:00:30.070 Type: SSH_FXP_LSTAT, Size: 66, Number: 6407
< 2025-12-16 17:00:30.081 Type: SSH_FXP_STATUS, Size: 29, Number: 6407
< 2025-12-16 17:00:30.081 Status code: 2, Message: 6407, Server: No such file, Language:  
. 2025-12-16 17:00:30.089 Creating directory "/home/u972026836/domains/digitalnotar.in/public_html/dist".
. 2025-12-16 17:00:30.089 Canonifying: "/home/u972026836/domains/digitalnotar.in/public_html/dist"
. 2025-12-16 17:00:30.089 Getting real path for '/home/u972026836/domains/digitalnotar.in/public_html/dist'
> 2025-12-16 17:00:30.089 Type: SSH_FXP_REALPATH, Size: 66, Number: 6928
< 2025-12-16 17:00:30.097 Type: SSH_FXP_NAME, Size: 135, Number: 6928
. 2025-12-16 17:00:30.097 Real path is '/home/u972026836/domains/digitalnotar.in/public_html/dist'
. 2025-12-16 17:00:30.097 Canonified: "/home/u972026836/domains/digitalnotar.in/public_html/dist"
> 2025-12-16 17:00:30.097 Type: SSH_FXP_MKDIR, Size: 70, Number: 6670
< 2025-12-16 17:00:30.105 Type: SSH_FXP_STATUS, Size: 24, Number: 6670
< 2025-12-16 17:00:30.105 Status code: 0
. 2025-12-16 17:00:30.105 File: 'D:\busineshuboffline CHATGTP\TOGETHERSYSTEMS- GITHUB\Nieuwe map (3)\docs\multi-industry-docs\dist\404.html' [2025-12-16T08:01:33.792Z] [1048]
. 2025-12-16 17:00:30.156 Copying "D:\busineshuboffline CHATGTP\TOGETHERSYSTEMS- GITHUB\Nieuwe map (3)\docs\multi-industry-docs\dist\404.html" to remote directory started.
. 2025-12-16 17:00:30.156 Binary transfer mode selected.
. 2025-12-16 17:00:30.156 Opening remote file.
> 2025-12-16 17:00:30.156 Type: SSH_FXP_OPEN, Size: 91, Number: 7171
< 2025-12-16 17:00:30.164 Type: SSH_FXP_HANDLE, Size: 13, Number: 7171
> 2025-12-16 17:00:30.164 Type: SSH_FXP_WRITE, Size: 1073, Number: 7686
> 2025-12-16 17:00:30.169 Type: SSH_FXP_CLOSE, Size: 13, Number: 7940
> 2025-12-16 17:00:30.169 Type: SSH_FXP_SETSTAT, Size: 87, Number: 7433
< 2025-12-16 17:00:30.179 Type: SSH_FXP_STATUS, Size: 24, Number: 7686
< 2025-12-16 17:00:30.179 Status code: 0
< 2025-12-16 17:00:30.199 Type: SSH_FXP_STATUS, Size: 24, Number: 7940
< 2025-12-16 17:00:30.199 Status code: 0
. 2025-12-16 17:00:30.200 Preserving timestamp [2025-12-16T08:01:33.000Z]
< 2025-12-16 17:00:30.200 Type: SSH_FXP_STATUS, Size: 24, Number: 7433
< 2025-12-16 17:00:30.200 Status code: 0
. 2025-12-16 17:00:30.200 Transfer done: 'D:\busineshuboffline CHATGTP\TOGETHERSYSTEMS- GITHUB\Nieuwe map (3)\docs\multi-industry-docs\dist\404.html' => '/home/u972026836/domains/digitalnotar.in/public_html/dist/404.html' [1048]
. 2025-12-16 17:00:30.200 File: 'D:\busineshuboffline CHATGTP\TOGETHERSYSTEMS- GITHUB\Nieuwe map (3)\docs\multi-industry-docs\dist\css' [2025-12-16T08:01:33.883Z] [0]
. 2025-12-16 17:00:30.218 Listing file "/home/u972026836/domains/digitalnotar.in/public_html/dist/css".
> 2025-12-16 17:00:30.218 Type: SSH_FXP_LSTAT, Size: 70, Number: 8199
< 2025-12-16 17:00:30.232 Type: SSH_FXP_STATUS, Size: 29, Number: 8199
< 2025-12-16 17:00:30.232 Status code: 2, Message: 8199, Server: No such file, Language:  
. 2025-12-16 17:00:30.241 Creating directory "/home/u972026836/domains/digitalnotar.in/public_html/dist/css".
. 2025-12-16 17:00:30.241 Canonifying: "/home/u972026836/domains/digitalnotar.in/public_html/dist/css"
. 2025-12-16 17:00:30.241 Getting real path for '/home/u972026836/domains/digitalnotar.in/public_html/dist/css'
> 2025-12-16 17:00:30.241 Type: SSH_FXP_REALPATH, Size: 70, Number: 8720
< 2025-12-16 17:00:30.252 Type: SSH_FXP_NAME, Size: 143, Number: 8720
. 2025-12-16 17:00:30.252 Real path is '/home/u972026836/domains/digitalnotar.in/public_html/dist/css'
. 2025-12-16 17:00:30.252 Canonified: "/home/u972026836/domains/digitalnotar.in/public_html/dist/css"
> 2025-12-16 17:00:30.252 Type: SSH_FXP_MKDIR, Size: 74, Number: 8462
< 2025-12-16 17:00:30.260 Type: SSH_FXP_STATUS, Size: 24, Number: 8462
< 2025-12-16 17:00:30.260 Status code: 0
. 2025-12-16 17:00:30.264 File: 'D:\busineshuboffline CHATGTP\TOGETHERSYSTEMS- GITHUB\Nieuwe map (3)\docs\multi-industry-docs\dist\css\styles.min.css' [2025-12-16T08:01:33.883Z] [190]
. 2025-12-16 17:00:30.288 Copying "D:\busineshuboffline CHATGTP\TOGETHERSYSTEMS- GITHUB\Nieuwe map (3)\docs\multi-industry-docs\dist\css\styles.min.css" to remote directory started.
. 2025-12-16 17:00:30.288 Binary transfer mode selected.
. 2025-12-16 17:00:30.289 Opening remote file.
> 2025-12-16 17:00:30.289 Type: SSH_FXP_OPEN, Size: 101, Number: 8963
< 2025-12-16 17:00:30.301 Type: SSH_FXP_HANDLE, Size: 13, Number: 8963
> 2025-12-16 17:00:30.301 Type: SSH_FXP_WRITE, Size: 215, Number: 9478
> 2025-12-16 17:00:30.312 Type: SSH_FXP_CLOSE, Size: 13, Number: 9732
> 2025-12-16 17:00:30.312 Type: SSH_FXP_SETSTAT, Size: 97, Number: 9225
< 2025-12-16 17:00:30.321 Type: SSH_FXP_STATUS, Size: 24, Number: 9478
< 2025-12-16 17:00:30.321 Status code: 0
< 2025-12-16 17:00:30.345 Type: SSH_FXP_STATUS, Size: 24, Number: 9732
< 2025-12-16 17:00:30.345 Status code: 0
. 2025-12-16 17:00:30.348 Preserving timestamp [2025-12-16T08:01:33.000Z]
< 2025-12-16 17:00:30.348 Type: SSH_FXP_STATUS, Size: 24, Number: 9225
< 2025-12-16 17:00:30.348 Status code: 0
. 2025-12-16 17:00:30.348 Transfer done: 'D:\busineshuboffline CHATGTP\TOGETHERSYSTEMS- GITHUB\Nieuwe map (3)\docs\multi-industry-docs\dist\css\styles.min.css' => '/home/u972026836/domains/digitalnotar.in/public_html/dist/css/styles.min.css' [190]
. 2025-12-16 17:00:30.348 File: 'D:\busineshuboffline CHATGTP\TOGETHERSYSTEMS- GITHUB\Nieuwe map (3)\docs\multi-industry-docs\dist\images' [2025-12-16T08:01:32.466Z] [0]
. 2025-12-16 17:00:30.379 Listing file "/home/u972026836/domains/digitalnotar.in/public_html/dist/images".
> 2025-12-16 17:00:30.379 Type: SSH_FXP_LSTAT, Size: 73, Number: 9991
< 2025-12-16 17:00:30.389 Type: SSH_FXP_STATUS, Size: 29, Number: 9991
< 2025-12-16 17:00:30.389 Status code: 2, Message: 9991, Server: No such file, Language:  
. 2025-12-16 17:00:30.409 Creating directory "/home/u972026836/domains/digitalnotar.in/public_html/dist/images".
. 2025-12-16 17:00:30.409 Canonifying: "/home/u972026836/domains/digitalnotar.in/public_html/dist/images"
. 2025-12-16 17:00:30.411 Getting real path for '/home/u972026836/domains/digitalnotar.in/public_html/dist/images'
> 2025-12-16 17:00:30.411 Type: SSH_FXP_REALPATH, Size: 73, Number: 10512
< 2025-12-16 17:00:30.423 Type: SSH_FXP_NAME, Size: 149, Number: 10512
. 2025-12-16 17:00:30.423 Real path is '/home/u972026836/domains/digitalnotar.in/public_html/dist/images'
. 2025-12-16 17:00:30.423 Canonified: "/home/u972026836/domains/digitalnotar.in/public_html/dist/images"
> 2025-12-16 17:00:30.423 Type: SSH_FXP_MKDIR, Size: 77, Number: 10254
< 2025-12-16 17:00:30.433 Type: SSH_FXP_STATUS, Size: 24, Number: 10254
< 2025-12-16 17:00:30.433 Status code: 0
. 2025-12-16 17:00:30.435 File: 'D:\busineshuboffline CHATGTP\TOGETHERSYSTEMS- GITHUB\Nieuwe map (3)\docs\multi-industry-docs\dist\images\placeholder.jpg' [2025-12-16T03:02:56.994Z] [12165]
. 2025-12-16 17:00:30.464 Copying "D:\busineshuboffline CHATGTP\TOGETHERSYSTEMS- GITHUB\Nieuwe map (3)\docs\multi-industry-docs\dist\images\placeholder.jpg" to remote directory started.
. 2025-12-16 17:00:30.464 Binary transfer mode selected.
. 2025-12-16 17:00:30.464 Opening remote file.
> 2025-12-16 17:00:30.464 Type: SSH_FXP_OPEN, Size: 105, Number: 10755
< 2025-12-16 17:00:30.509 Type: SSH_FXP_HANDLE, Size: 13, Number: 10755
> 2025-12-16 17:00:30.509 Type: SSH_FXP_WRITE, Size: 12190, Number: 11270
> 2025-12-16 17:00:30.531 Type: SSH_FXP_CLOSE, Size: 13, Number: 11524
> 2025-12-16 17:00:30.531 Type: SSH_FXP_SETSTAT, Size: 101, Number: 11017
< 2025-12-16 17:00:30.539 Type: SSH_FXP_STATUS, Size: 24, Number: 11270
< 2025-12-16 17:00:30.539 Status code: 0
< 2025-12-16 17:00:30.554 Type: SSH_FXP_STATUS, Size: 24, Number: 11524
< 2025-12-16 17:00:30.554 Status code: 0
. 2025-12-16 17:00:30.555 Preserving timestamp [2025-12-16T03:02:56.000Z]
< 2025-12-16 17:00:30.555 Type: SSH_FXP_STATUS, Size: 24, Number: 11017
< 2025-12-16 17:00:30.555 Status code: 0
. 2025-12-16 17:00:30.555 Transfer done: 'D:\busineshuboffline CHATGTP\TOGETHERSYSTEMS- GITHUB\Nieuwe map (3)\docs\multi-industry-docs\dist\images\placeholder.jpg' => '/home/u972026836/domains/digitalnotar.in/public_html/dist/images/placeholder.jpg' [12165]
. 2025-12-16 17:00:30.555 File: 'D:\busineshuboffline CHATGTP\TOGETHERSYSTEMS- GITHUB\Nieuwe map (3)\docs\multi-industry-docs\dist\index.html' [2025-12-16T08:01:33.794Z] [653]
. 2025-12-16 17:00:30.601 Copying "D:\busineshuboffline CHATGTP\TOGETHERSYSTEMS- GITHUB\Nieuwe map (3)\docs\multi-industry-docs\dist\index.html" to remote directory started.
. 2025-12-16 17:00:30.603 Binary transfer mode selected.
. 2025-12-16 17:00:30.603 Opening remote file.
> 2025-12-16 17:00:30.603 Type: SSH_FXP_OPEN, Size: 93, Number: 11779
< 2025-12-16 17:00:30.618 Type: SSH_FXP_HANDLE, Size: 13, Number: 11779
> 2025-12-16 17:00:30.618 Type: SSH_FXP_WRITE, Size: 678, Number: 12294
> 2025-12-16 17:00:30.620 Type: SSH_FXP_CLOSE, Size: 13, Number: 12548
> 2025-12-16 17:00:30.620 Type: SSH_FXP_SETSTAT, Size: 89, Number: 12041
< 2025-12-16 17:00:30.637 Type: SSH_FXP_STATUS, Size: 24, Number: 12294
< 2025-12-16 17:00:30.637 Status code: 0
< 2025-12-16 17:00:30.665 Type: SSH_FXP_STATUS, Size: 24, Number: 12548
< 2025-12-16 17:00:30.665 Status code: 0
. 2025-12-16 17:00:30.669 Preserving timestamp [2025-12-16T08:01:33.000Z]
< 2025-12-16 17:00:30.669 Type: SSH_FXP_STATUS, Size: 24, Number: 12041
< 2025-12-16 17:00:30.669 Status code: 0
. 2025-12-16 17:00:30.669 Transfer done: 'D:\busineshuboffline CHATGTP\TOGETHERSYSTEMS- GITHUB\Nieuwe map (3)\docs\multi-industry-docs\dist\index.html' => '/home/u972026836/domains/digitalnotar.in/public_html/dist/index.html' [653]
. 2025-12-16 17:00:30.669 File: 'D:\busineshuboffline CHATGTP\TOGETHERSYSTEMS- GITHUB\Nieuwe map (3)\docs\multi-industry-docs\dist\js' [2025-12-16T08:01:33.887Z] [0]
. 2025-12-16 17:00:30.684 Listing file "/home/u972026836/domains/digitalnotar.in/public_html/dist/js".
> 2025-12-16 17:00:30.684 Type: SSH_FXP_LSTAT, Size: 69, Number: 12807
< 2025-12-16 17:00:30.694 Type: SSH_FXP_STATUS, Size: 29, Number: 12807
< 2025-12-16 17:00:30.694 Status code: 2, Message: 12807, Server: No such file, Language:  
. 2025-12-16 17:00:30.703 Creating directory "/home/u972026836/domains/digitalnotar.in/public_html/dist/js".
. 2025-12-16 17:00:30.703 Canonifying: "/home/u972026836/domains/digitalnotar.in/public_html/dist/js"
. 2025-12-16 17:00:30.703 Getting real path for '/home/u972026836/domains/digitalnotar.in/public_html/dist/js'
> 2025-12-16 17:00:30.703 Type: SSH_FXP_REALPATH, Size: 69, Number: 13328
< 2025-12-16 17:00:30.718 Type: SSH_FXP_NAME, Size: 141, Number: 13328
. 2025-12-16 17:00:30.718 Real path is '/home/u972026836/domains/digitalnotar.in/public_html/dist/js'
. 2025-12-16 17:00:30.718 Canonified: "/home/u972026836/domains/digitalnotar.in/public_html/dist/js"
> 2025-12-16 17:00:30.718 Type: SSH_FXP_MKDIR, Size: 73, Number: 13070
< 2025-12-16 17:00:30.737 Type: SSH_FXP_STATUS, Size: 24, Number: 13070
< 2025-12-16 17:00:30.737 Status code: 0
. 2025-12-16 17:00:30.737 File: 'D:\busineshuboffline CHATGTP\TOGETHERSYSTEMS- GITHUB\Nieuwe map (3)\docs\multi-industry-docs\dist\js\main.min.js' [2025-12-16T08:01:33.860Z] [187]
. 2025-12-16 17:00:30.781 Copying "D:\busineshuboffline CHATGTP\TOGETHERSYSTEMS- GITHUB\Nieuwe map (3)\docs\multi-industry-docs\dist\js\main.min.js" to remote directory started.
. 2025-12-16 17:00:30.781 Binary transfer mode selected.
. 2025-12-16 17:00:30.781 Opening remote file.
> 2025-12-16 17:00:30.781 Type: SSH_FXP_OPEN, Size: 97, Number: 13571
< 2025-12-16 17:00:30.792 Type: SSH_FXP_HANDLE, Size: 13, Number: 13571
> 2025-12-16 17:00:30.792 Type: SSH_FXP_WRITE, Size: 212, Number: 14086
> 2025-12-16 17:00:30.813 Type: SSH_FXP_CLOSE, Size: 13, Number: 14340
> 2025-12-16 17:00:30.813 Type: SSH_FXP_SETSTAT, Size: 93, Number: 13833
< 2025-12-16 17:00:30.824 Type: SSH_FXP_STATUS, Size: 24, Number: 14086
< 2025-12-16 17:00:30.824 Status code: 0
< 2025-12-16 17:00:30.826 Type: SSH_FXP_STATUS, Size: 24, Number: 14340
< 2025-12-16 17:00:30.826 Status code: 0
. 2025-12-16 17:00:30.826 Preserving timestamp [2025-12-16T08:01:33.000Z]
< 2025-12-16 17:00:30.837 Type: SSH_FXP_STATUS, Size: 24, Number: 13833
< 2025-12-16 17:00:30.837 Status code: 0
. 2025-12-16 17:00:30.837 Transfer done: 'D:\busineshuboffline CHATGTP\TOGETHERSYSTEMS- GITHUB\Nieuwe map (3)\docs\multi-industry-docs\dist\js\main.min.js' => '/home/u972026836/domains/digitalnotar.in/public_html/dist/js/main.min.js' [187]
. 2025-12-16 17:00:30.837 File: 'D:\busineshuboffline CHATGTP\TOGETHERSYSTEMS- GITHUB\Nieuwe map (3)\docs\multi-industry-docs\dist\js\search.min.js' [2025-12-16T03:02:53.474Z] [2493]
. 2025-12-16 17:00:30.845 Copying "D:\busineshuboffline CHATGTP\TOGETHERSYSTEMS- GITHUB\Nieuwe map (3)\docs\multi-industry-docs\dist\js\search.min.js" to remote directory started.
. 2025-12-16 17:00:30.845 Binary transfer mode selected.
. 2025-12-16 17:00:30.845 Opening remote file.
> 2025-12-16 17:00:30.845 Type: SSH_FXP_OPEN, Size: 99, Number: 14595
< 2025-12-16 17:00:30.851 Type: SSH_FXP_HANDLE, Size: 13, Number: 14595
> 2025-12-16 17:00:30.853 Type: SSH_FXP_WRITE, Size: 2518, Number: 15110
> 2025-12-16 17:00:30.853 Type: SSH_FXP_CLOSE, Size: 13, Number: 15364
> 2025-12-16 17:00:30.853 Type: SSH_FXP_SETSTAT, Size: 95, Number: 14857
< 2025-12-16 17:00:30.861 Type: SSH_FXP_STATUS, Size: 24, Number: 15110
< 2025-12-16 17:00:30.861 Status code: 0
< 2025-12-16 17:00:30.861 Type: SSH_FXP_STATUS, Size: 24, Number: 15364
< 2025-12-16 17:00:30.861 Status code: 0
. 2025-12-16 17:00:30.861 Preserving timestamp [2025-12-16T03:02:53.000Z]
< 2025-12-16 17:00:30.868 Type: SSH_FXP_STATUS, Size: 24, Number: 14857
< 2025-12-16 17:00:30.868 Status code: 0
. 2025-12-16 17:00:30.868 Transfer done: 'D:\busineshuboffline CHATGTP\TOGETHERSYSTEMS- GITHUB\Nieuwe map (3)\docs\multi-industry-docs\dist\js\search.min.js' => '/home/u972026836/domains/digitalnotar.in/public_html/dist/js/search.min.js' [2493]
. 2025-12-16 17:00:30.870 File: 'D:\busineshuboffline CHATGTP\TOGETHERSYSTEMS- GITHUB\Nieuwe map (3)\docs\multi-industry-docs\dist\js\wysiwyg.min.js' [2025-12-16T08:01:33.887Z] [247]
. 2025-12-16 17:00:30.906 Copying "D:\busineshuboffline CHATGTP\TOGETHERSYSTEMS- GITHUB\Nieuwe map (3)\docs\multi-industry-docs\dist\js\wysiwyg.min.js" to remote directory started.
. 2025-12-16 17:00:30.912 Binary transfer mode selected.
. 2025-12-16 17:00:30.912 Opening remote file.
> 2025-12-16 17:00:30.912 Type: SSH_FXP_OPEN, Size: 100, Number: 15619
< 2025-12-16 17:00:30.920 Type: SSH_FXP_HANDLE, Size: 13, Number: 15619
> 2025-12-16 17:00:30.921 Type: SSH_FXP_WRITE, Size: 272, Number: 16134
> 2025-12-16 17:00:30.945 Type: SSH_FXP_CLOSE, Size: 13, Number: 16388
> 2025-12-16 17:00:30.945 Type: SSH_FXP_SETSTAT, Size: 96, Number: 15881
< 2025-12-16 17:00:30.961 Type: SSH_FXP_STATUS, Size: 24, Number: 16134
< 2025-12-16 17:00:30.961 Status code: 0
< 2025-12-16 17:00:30.976 Type: SSH_FXP_STATUS, Size: 24, Number: 16388
< 2025-12-16 17:00:30.976 Status code: 0
. 2025-12-16 17:00:30.976 Preserving timestamp [2025-12-16T08:01:33.000Z]
< 2025-12-16 17:00:30.976 Type: SSH_FXP_STATUS, Size: 24, Number: 15881
< 2025-12-16 17:00:30.976 Status code: 0
. 2025-12-16 17:00:30.976 Transfer done: 'D:\busineshuboffline CHATGTP\TOGETHERSYSTEMS- GITHUB\Nieuwe map (3)\docs\multi-industry-docs\dist\js\wysiwyg.min.js' => '/home/u972026836/domains/digitalnotar.in/public_html/dist/js/wysiwyg.min.js' [247]
. 2025-12-16 17:00:30.976 Copying finished: Transferred: 43.808, Elapsed: 0:00:01, CPS: 29.031/s
. 2025-12-16 17:00:30.976 Copying 1 files/directories to remote directory "/home/u972026836/domains/digitalnotar.in/public_html/" - total size: 6.523
. 2025-12-16 17:00:30.976   PrTime: Yes; PrRO: No; Rght: rw-r--r--; PrR: No (No); FnCs: N; RIC: 0001; Resume: S (102400); CalcS: No; Mask: *.*
. 2025-12-16 17:00:30.976   TM: B; ClAr: No; RemEOF: No; RemBOM: No; CPS: 0; NewerOnly: No; EncryptNewFiles: Yes; ExcludeHiddenFiles: No; ExcludeEmptyDirectories: No; InclM: ; ResumeL: 0
. 2025-12-16 17:00:30.976   AscM: *.*html; *.htm; *.txt; *.php; *.php3; *.cgi; *.c; *.cpp; *.h; *.pas; *.bas; *.tex; *.pl; *.js; .htaccess; *.xtml; *.css; *.cfg; *.ini; *.sh; *.xml
. 2025-12-16 17:00:30.979 File: 'D:\busineshuboffline CHATGTP\TOGETHERSYSTEMS- GITHUB\Nieuwe map (3)\docs\multi-industry-docs\index.html' [2025-12-15T20:45:05.353Z] [6523]
. 2025-12-16 17:00:31.018 Copying "D:\busineshuboffline CHATGTP\TOGETHERSYSTEMS- GITHUB\Nieuwe map (3)\docs\multi-industry-docs\index.html" to remote directory started.
. 2025-12-16 17:00:31.018 Binary transfer mode selected.
. 2025-12-16 17:00:31.018 Opening remote file.
> 2025-12-16 17:00:31.018 Type: SSH_FXP_OPEN, Size: 88, Number: 16643
< 2025-12-16 17:00:31.032 Type: SSH_FXP_HANDLE, Size: 13, Number: 16643
> 2025-12-16 17:00:31.032 Type: SSH_FXP_WRITE, Size: 6548, Number: 17158
> 2025-12-16 17:00:31.047 Type: SSH_FXP_CLOSE, Size: 13, Number: 17412
> 2025-12-16 17:00:31.047 Type: SSH_FXP_SETSTAT, Size: 84, Number: 16905
< 2025-12-16 17:00:31.055 Type: SSH_FXP_STATUS, Size: 24, Number: 17158
< 2025-12-16 17:00:31.055 Status code: 0
< 2025-12-16 17:00:31.066 Type: SSH_FXP_STATUS, Size: 24, Number: 17412
< 2025-12-16 17:00:31.066 Status code: 0
. 2025-12-16 17:00:31.067 Preserving timestamp [2025-12-15T20:45:05.000Z]
< 2025-12-16 17:00:31.067 Type: SSH_FXP_STATUS, Size: 24, Number: 16905
< 2025-12-16 17:00:31.067 Status code: 0
. 2025-12-16 17:00:31.067 Transfer done: 'D:\busineshuboffline CHATGTP\TOGETHERSYSTEMS- GITHUB\Nieuwe map (3)\docs\multi-industry-docs\index.html' => '/home/u972026836/domains/digitalnotar.in/public_html/index.html' [6523]
. 2025-12-16 17:00:31.067 Copying finished: Transferred: 50.331, Elapsed: 0:00:01, CPS: 31.456/s
. 2025-12-16 17:00:31.067 Copying 1 files/directories to remote directory "/home/u972026836/domains/digitalnotar.in/public_html/"
. 2025-12-16 17:00:31.067   PrTime: Yes; PrRO: No; Rght: rw-r--r--; PrR: No (No); FnCs: N; RIC: 0001; Resume: S (102400); CalcS: No; Mask: *.*
. 2025-12-16 17:00:31.067   TM: B; ClAr: No; RemEOF: No; RemBOM: No; CPS: 0; NewerOnly: No; EncryptNewFiles: Yes; ExcludeHiddenFiles: No; ExcludeEmptyDirectories: No; InclM: ; ResumeL: 0
. 2025-12-16 17:00:31.067   AscM: *.*html; *.htm; *.txt; *.php; *.php3; *.cgi; *.c; *.cpp; *.h; *.pas; *.bas; *.tex; *.pl; *.js; .htaccess; *.xtml; *.css; *.cfg; *.ini; *.sh; *.xml
. 2025-12-16 17:00:31.067 File: 'D:\busineshuboffline CHATGTP\TOGETHERSYSTEMS- GITHUB\Nieuwe map (3)\docs\multi-industry-docs\industries' [2025-12-15T20:58:12.343Z] [0]
. 2025-12-16 17:00:31.072 Listing file "/home/u972026836/domains/digitalnotar.in/public_html/industries".
> 2025-12-16 17:00:31.072 Type: SSH_FXP_LSTAT, Size: 72, Number: 17671
< 2025-12-16 17:00:31.081 Type: SSH_FXP_STATUS, Size: 29, Number: 17671
< 2025-12-16 17:00:31.081 Status code: 2, Message: 17671, Server: No such file, Language:  
. 2025-12-16 17:00:31.090 Creating directory "/home/u972026836/domains/digitalnotar.in/public_html/industries".
. 2025-12-16 17:00:31.090 Canonifying: "/home/u972026836/domains/digitalnotar.in/public_html/industries"
. 2025-12-16 17:00:31.090 Getting real path for '/home/u972026836/domains/digitalnotar.in/public_html/industries'
> 2025-12-16 17:00:31.090 Type: SSH_FXP_REALPATH, Size: 72, Number: 18192
< 2025-12-16 17:00:31.100 Type: SSH_FXP_NAME, Size: 147, Number: 18192
. 2025-12-16 17:00:31.100 Real path is '/home/u972026836/domains/digitalnotar.in/public_html/industries'
. 2025-12-16 17:00:31.100 Canonified: "/home/u972026836/domains/digitalnotar.in/public_html/industries"
> 2025-12-16 17:00:31.100 Type: SSH_FXP_MKDIR, Size: 76, Number: 17934
< 2025-12-16 17:00:31.112 Type: SSH_FXP_STATUS, Size: 24, Number: 17934
< 2025-12-16 17:00:31.112 Status code: 0
. 2025-12-16 17:00:31.112 File: 'D:\busineshuboffline CHATGTP\TOGETHERSYSTEMS- GITHUB\Nieuwe map (3)\docs\multi-industry-docs\industries\banking.html' [2025-12-15T20:58:12.485Z] [20221]
. 2025-12-16 17:00:31.202 Copying "D:\busineshuboffline CHATGTP\TOGETHERSYSTEMS- GITHUB\Nieuwe map (3)\docs\multi-industry-docs\industries\banking.html" to remote directory started.
. 2025-12-16 17:00:31.202 Binary transfer mode selected.
. 2025-12-16 17:00:31.202 Opening remote file.
> 2025-12-16 17:00:31.202 Type: SSH_FXP_OPEN, Size: 101, Number: 18435
< 2025-12-16 17:00:31.212 Type: SSH_FXP_HANDLE, Size: 13, Number: 18435
> 2025-12-16 17:00:31.212 Type: SSH_FXP_WRITE, Size: 20246, Number: 18950
> 2025-12-16 17:00:31.217 Type: SSH_FXP_CLOSE, Size: 13, Number: 19204
> 2025-12-16 17:00:31.217 Type: SSH_FXP_SETSTAT, Size: 97, Number: 18697
< 2025-12-16 17:00:31.227 Type: SSH_FXP_STATUS, Size: 24, Number: 18950
< 2025-12-16 17:00:31.227 Status code: 0
< 2025-12-16 17:00:31.231 Type: SSH_FXP_STATUS, Size: 24, Number: 19204
< 2025-12-16 17:00:31.231 Status code: 0
. 2025-12-16 17:00:31.231 Preserving timestamp [2025-12-15T20:58:12.000Z]
< 2025-12-16 17:00:31.233 Type: SSH_FXP_STATUS, Size: 24, Number: 18697
< 2025-12-16 17:00:31.233 Status code: 0
. 2025-12-16 17:00:31.233 Transfer done: 'D:\busineshuboffline CHATGTP\TOGETHERSYSTEMS- GITHUB\Nieuwe map (3)\docs\multi-industry-docs\industries\banking.html' => '/home/u972026836/domains/digitalnotar.in/public_html/industries/banking.html' [20221]
. 2025-12-16 17:00:31.233 File: 'D:\busineshuboffline CHATGTP\TOGETHERSYSTEMS- GITHUB\Nieuwe map (3)\docs\multi-industry-docs\industries\ecommerce.html' [2025-12-15T20:50:07.826Z] [7069]
. 2025-12-16 17:00:31.281 Copying "D:\busineshuboffline CHATGTP\TOGETHERSYSTEMS- GITHUB\Nieuwe map (3)\docs\multi-industry-docs\industries\ecommerce.html" to remote directory started.
. 2025-12-16 17:00:31.281 Binary transfer mode selected.
. 2025-12-16 17:00:31.281 Opening remote file.
> 2025-12-16 17:00:31.281 Type: SSH_FXP_OPEN, Size: 103, Number: 19459
< 2025-12-16 17:00:31.291 Type: SSH_FXP_HANDLE, Size: 13, Number: 19459
> 2025-12-16 17:00:31.291 Type: SSH_FXP_WRITE, Size: 7094, Number: 19974
> 2025-12-16 17:00:31.300 Type: SSH_FXP_CLOSE, Size: 13, Number: 20228
> 2025-12-16 17:00:31.300 Type: SSH_FXP_SETSTAT, Size: 99, Number: 19721
< 2025-12-16 17:00:31.313 Type: SSH_FXP_STATUS, Size: 24, Number: 19974
< 2025-12-16 17:00:31.313 Status code: 0
< 2025-12-16 17:00:31.317 Type: SSH_FXP_STATUS, Size: 24, Number: 20228
< 2025-12-16 17:00:31.317 Status code: 0
. 2025-12-16 17:00:31.317 Preserving timestamp [2025-12-15T20:50:07.000Z]
< 2025-12-16 17:00:31.317 Type: SSH_FXP_STATUS, Size: 24, Number: 19721
< 2025-12-16 17:00:31.317 Status code: 0
. 2025-12-16 17:00:31.317 Transfer done: 'D:\busineshuboffline CHATGTP\TOGETHERSYSTEMS- GITHUB\Nieuwe map (3)\docs\multi-industry-docs\industries\ecommerce.html' => '/home/u972026836/domains/digitalnotar.in/public_html/industries/ecommerce.html' [7069]
. 2025-12-16 17:00:31.317 Copying finished: Transferred: 77.621, Elapsed: 0:00:01, CPS: 41.957/s
. 2025-12-16 17:00:31.317 Copying 1 files/directories to remote directory "/home/u972026836/domains/digitalnotar.in/public_html/"
. 2025-12-16 17:00:31.317   PrTime: Yes; PrRO: No; Rght: rw-r--r--; PrR: No (No); FnCs: N; RIC: 0001; Resume: S (102400); CalcS: No; Mask: *.*
. 2025-12-16 17:00:31.318   TM: B; ClAr: No; RemEOF: No; RemBOM: No; CPS: 0; NewerOnly: No; EncryptNewFiles: Yes; ExcludeHiddenFiles: No; ExcludeEmptyDirectories: No; InclM: ; ResumeL: 0
. 2025-12-16 17:00:31.318   AscM: *.*html; *.htm; *.txt; *.php; *.php3; *.cgi; *.c; *.cpp; *.h; *.pas; *.bas; *.tex; *.pl; *.js; .htaccess; *.xtml; *.css; *.cfg; *.ini; *.sh; *.xml
. 2025-12-16 17:00:31.318 File: 'D:\busineshuboffline CHATGTP\TOGETHERSYSTEMS- GITHUB\Nieuwe map (3)\docs\multi-industry-docs\js' [2025-12-15T20:50:51.433Z] [0]
. 2025-12-16 17:00:31.321 Listing file "/home/u972026836/domains/digitalnotar.in/public_html/js".
> 2025-12-16 17:00:31.321 Type: SSH_FXP_LSTAT, Size: 64, Number: 20487
< 2025-12-16 17:00:31.331 Type: SSH_FXP_STATUS, Size: 29, Number: 20487
< 2025-12-16 17:00:31.331 Status code: 2, Message: 20487, Server: No such file, Language:  
. 2025-12-16 17:00:31.342 Creating directory "/home/u972026836/domains/digitalnotar.in/public_html/js".
. 2025-12-16 17:00:31.342 Canonifying: "/home/u972026836/domains/digitalnotar.in/public_html/js"
. 2025-12-16 17:00:31.342 Getting real path for '/home/u972026836/domains/digitalnotar.in/public_html/js'
> 2025-12-16 17:00:31.342 Type: SSH_FXP_REALPATH, Size: 64, Number: 21008
< 2025-12-16 17:00:31.349 Type: SSH_FXP_NAME, Size: 131, Number: 21008
. 2025-12-16 17:00:31.349 Real path is '/home/u972026836/domains/digitalnotar.in/public_html/js'
. 2025-12-16 17:00:31.349 Canonified: "/home/u972026836/domains/digitalnotar.in/public_html/js"
> 2025-12-16 17:00:31.349 Type: SSH_FXP_MKDIR, Size: 68, Number: 20750
< 2025-12-16 17:00:31.357 Type: SSH_FXP_STATUS, Size: 24, Number: 20750
< 2025-12-16 17:00:31.357 Status code: 0
. 2025-12-16 17:00:31.358 File: 'D:\busineshuboffline CHATGTP\TOGETHERSYSTEMS- GITHUB\Nieuwe map (3)\docs\multi-industry-docs\js\main.js' [2025-12-15T20:45:48.588Z] [4849]
. 2025-12-16 17:00:31.414 Copying "D:\busineshuboffline CHATGTP\TOGETHERSYSTEMS- GITHUB\Nieuwe map (3)\docs\multi-industry-docs\js\main.js" to remote directory started.
. 2025-12-16 17:00:31.414 Binary transfer mode selected.
. 2025-12-16 17:00:31.414 Opening remote file.
> 2025-12-16 17:00:31.414 Type: SSH_FXP_OPEN, Size: 88, Number: 21251
< 2025-12-16 17:00:31.423 Type: SSH_FXP_HANDLE, Size: 13, Number: 21251
> 2025-12-16 17:00:31.423 Type: SSH_FXP_WRITE, Size: 4874, Number: 21766
> 2025-12-16 17:00:31.432 Type: SSH_FXP_CLOSE, Size: 13, Number: 22020
> 2025-12-16 17:00:31.432 Type: SSH_FXP_SETSTAT, Size: 84, Number: 21513
< 2025-12-16 17:00:31.448 Type: SSH_FXP_STATUS, Size: 24, Number: 21766
< 2025-12-16 17:00:31.448 Status code: 0
< 2025-12-16 17:00:31.453 Type: SSH_FXP_STATUS, Size: 24, Number: 22020
< 2025-12-16 17:00:31.453 Status code: 0
. 2025-12-16 17:00:31.453 Preserving timestamp [2025-12-15T20:45:48.000Z]
< 2025-12-16 17:00:31.464 Type: SSH_FXP_STATUS, Size: 24, Number: 21513
< 2025-12-16 17:00:31.464 Status code: 0
. 2025-12-16 17:00:31.464 Transfer done: 'D:\busineshuboffline CHATGTP\TOGETHERSYSTEMS- GITHUB\Nieuwe map (3)\docs\multi-industry-docs\js\main.js' => '/home/u972026836/domains/digitalnotar.in/public_html/js/main.js' [4849]
. 2025-12-16 17:00:31.464 File: 'D:\busineshuboffline CHATGTP\TOGETHERSYSTEMS- GITHUB\Nieuwe map (3)\docs\multi-industry-docs\js\search-data.js' [2025-12-15T20:49:45.332Z] [1251]
. 2025-12-16 17:00:31.601 Copying "D:\busineshuboffline CHATGTP\TOGETHERSYSTEMS- GITHUB\Nieuwe map (3)\docs\multi-industry-docs\js\search-data.js" to remote directory started.
. 2025-12-16 17:00:31.617 Binary transfer mode selected.
. 2025-12-16 17:00:31.618 Opening remote file.
> 2025-12-16 17:00:31.618 Type: SSH_FXP_OPEN, Size: 95, Number: 22275
< 2025-12-16 17:00:31.631 Type: SSH_FXP_HANDLE, Size: 13, Number: 22275
> 2025-12-16 17:00:31.632 Type: SSH_FXP_WRITE, Size: 1276, Number: 22790
> 2025-12-16 17:00:31.634 Type: SSH_FXP_CLOSE, Size: 13, Number: 23044
> 2025-12-16 17:00:31.634 Type: SSH_FXP_SETSTAT, Size: 91, Number: 22537
< 2025-12-16 17:00:31.644 Type: SSH_FXP_STATUS, Size: 24, Number: 22790
< 2025-12-16 17:00:31.644 Status code: 0
< 2025-12-16 17:00:31.647 Type: SSH_FXP_STATUS, Size: 24, Number: 23044
< 2025-12-16 17:00:31.647 Status code: 0
. 2025-12-16 17:00:31.647 Preserving timestamp [2025-12-15T20:49:45.000Z]
< 2025-12-16 17:00:31.651 Type: SSH_FXP_STATUS, Size: 24, Number: 22537
< 2025-12-16 17:00:31.651 Status code: 0
. 2025-12-16 17:00:31.651 Transfer done: 'D:\busineshuboffline CHATGTP\TOGETHERSYSTEMS- GITHUB\Nieuwe map (3)\docs\multi-industry-docs\js\search-data.js' => '/home/u972026836/domains/digitalnotar.in/public_html/js/search-data.js' [1251]
. 2025-12-16 17:00:31.666 File: 'D:\busineshuboffline CHATGTP\TOGETHERSYSTEMS- GITHUB\Nieuwe map (3)\docs\multi-industry-docs\js\search.js' [2025-12-15T21:09:23.640Z] [15728]
. 2025-12-16 17:00:31.715 Copying "D:\busineshuboffline CHATGTP\TOGETHERSYSTEMS- GITHUB\Nieuwe map (3)\docs\multi-industry-docs\js\search.js" to remote directory started.
. 2025-12-16 17:00:31.715 Binary transfer mode selected.
. 2025-12-16 17:00:31.715 Opening remote file.
> 2025-12-16 17:00:31.715 Type: SSH_FXP_OPEN, Size: 90, Number: 23299
< 2025-12-16 17:00:31.733 Type: SSH_FXP_HANDLE, Size: 13, Number: 23299
> 2025-12-16 17:00:31.733 Type: SSH_FXP_WRITE, Size: 15753, Number: 23814
> 2025-12-16 17:00:31.733 Type: SSH_FXP_CLOSE, Size: 13, Number: 24068
> 2025-12-16 17:00:31.734 Type: SSH_FXP_SETSTAT, Size: 86, Number: 23561
< 2025-12-16 17:00:31.752 Type: SSH_FXP_STATUS, Size: 24, Number: 23814
< 2025-12-16 17:00:31.752 Status code: 0
< 2025-12-16 17:00:31.769 Type: SSH_FXP_STATUS, Size: 24, Number: 24068
< 2025-12-16 17:00:31.769 Status code: 0
. 2025-12-16 17:00:31.771 Preserving timestamp [2025-12-15T21:09:23.000Z]
< 2025-12-16 17:00:31.771 Type: SSH_FXP_STATUS, Size: 24, Number: 23561
< 2025-12-16 17:00:31.771 Status code: 0
. 2025-12-16 17:00:31.771 Transfer done: 'D:\busineshuboffline CHATGTP\TOGETHERSYSTEMS- GITHUB\Nieuwe map (3)\docs\multi-industry-docs\js\search.js' => '/home/u972026836/domains/digitalnotar.in/public_html/js/search.js' [15728]
. 2025-12-16 17:00:31.771 Copying finished: Transferred: 99.449, Elapsed: 0:00:02, CPS: 43.163/s
. 2025-12-16 17:00:31.772 Copying 1 files/directories to remote directory "/home/u972026836/domains/digitalnotar.in/public_html/"
. 2025-12-16 17:00:31.772   PrTime: Yes; PrRO: No; Rght: rw-r--r--; PrR: No (No); FnCs: N; RIC: 0001; Resume: S (102400); CalcS: No; Mask: *.*
. 2025-12-16 17:00:31.772   TM: B; ClAr: No; RemEOF: No; RemBOM: No; CPS: 0; NewerOnly: No; EncryptNewFiles: Yes; ExcludeHiddenFiles: No; ExcludeEmptyDirectories: No; InclM: ; ResumeL: 0
. 2025-12-16 17:00:31.772   AscM: *.*html; *.htm; *.txt; *.php; *.php3; *.cgi; *.c; *.cpp; *.h; *.pas; *.bas; *.tex; *.pl; *.js; .htaccess; *.xtml; *.css; *.cfg; *.ini; *.sh; *.xml
. 2025-12-16 17:00:31.772 File: 'D:\busineshuboffline CHATGTP\TOGETHERSYSTEMS- GITHUB\Nieuwe map (3)\docs\multi-industry-docs\node_modules' [2025-12-16T02:41:35.168Z] [0]
. 2025-12-16 17:00:31.772 Listing file "/home/u972026836/domains/digitalnotar.in/public_html/node_modules".
> 2025-12-16 17:00:31.772 Type: SSH_FXP_LSTAT, Size: 74, Number: 24327
< 2025-12-16 17:00:31.781 Type: SSH_FXP_STATUS, Size: 29, Number: 24327
< 2025-12-16 17:00:31.781 Status code: 2, Message: 24327, Server: No such file, Language:  
. 2025-12-16 17:00:31.790 Creating directory "/home/u972026836/domains/digitalnotar.in/public_html/node_modules".
. 2025-12-16 17:00:31.790 Canonifying: "/home/u972026836/domains/digitalnotar.in/public_html/node_modules"
. 2025-12-16 17:00:31.790 Getting real path for '/home/u972026836/domains/digitalnotar.in/public_html/node_modules'
> 2025-12-16 17:00:31.790 Type: SSH_FXP_REALPATH, Size: 74, Number: 24848
< 2025-12-16 17:00:31.797 Type: SSH_FXP_NAME, Size: 151, Number: 24848
. 2025-12-16 17:00:31.797 Real path is '/home/u972026836/domains/digitalnotar.in/public_html/node_modules'
. 2025-12-16 17:00:31.797 Canonified: "/home/u972026836/domains/digitalnotar.in/public_html/node_modules"
> 2025-12-16 17:00:31.797 Type: SSH_FXP_MKDIR, Size: 78, Number: 24590
< 2025-12-16 17:00:31.807 Type: SSH_FXP_STATUS, Size: 24, Number: 24590
< 2025-12-16 17:00:31.807 Status code: 0
. 2025-12-16 17:00:31.807 File: 'D:\busineshuboffline CHATGTP\TOGETHERSYSTEMS- GITHUB\Nieuwe map (3)\docs\multi-industry-docs\node_modules\.bin' [2025-12-16T02:41:34.630Z] [0]
. 2025-12-16 17:00:31.814 Listing file "/home/u972026836/domains/digitalnotar.in/public_html/node_modules/.bin".
> 2025-12-16 17:00:31.814 Type: SSH_FXP_LSTAT, Size: 79, Number: 25095
< 2025-12-16 17:00:31.822 Type: SSH_FXP_STATUS, Size: 29, Number: 25095
< 2025-12-16 17:00:31.822 Status code: 2, Message: 25095, Server: No such file, Language:  
. 2025-12-16 17:00:31.838 Creating directory "/home/u972026836/domains/digitalnotar.in/public_html/node_modules/.bin".
. 2025-12-16 17:00:31.838 Canonifying: "/home/u972026836/domains/digitalnotar.in/public_html/node_modules/.bin"
. 2025-12-16 17:00:31.838 Getting real path for '/home/u972026836/domains/digitalnotar.in/public_html/node_modules/.bin'
> 2025-12-16 17:00:31.838 Type: SSH_FXP_REALPATH, Size: 79, Number: 25616
< 2025-12-16 17:00:31.848 Type: SSH_FXP_NAME, Size: 161, Number: 25616
. 2025-12-16 17:00:31.848 Real path is '/home/u972026836/domains/digitalnotar.in/public_html/node_modules/.bin'
. 2025-12-16 17:00:31.848 Canonified: "/home/u972026836/domains/digitalnotar.in/public_html/node_modules/.bin"
> 2025-12-16 17:00:31.848 Type: SSH_FXP_MKDIR, Size: 83, Number: 25358
< 2025-12-16 17:00:31.859 Type: SSH_FXP_STATUS, Size: 24, Number: 25358
< 2025-12-16 17:00:31.859 Status code: 0
. 2025-12-16 17:00:31.862 File: 'D:\busineshuboffline CHATGTP\TOGETHERSYSTEMS- GITHUB\Nieuwe map (3)\docs\multi-industry-docs\node_modules\.bin\acorn' [2025-12-16T02:41:34.327Z] [379]
. 2025-12-16 17:00:31.880 Copying "D:\busineshuboffline CHATGTP\TOGETHERSYSTEMS- GITHUB\Nieuwe map (3)\docs\multi-industry-docs\node_modules\.bin\acorn" to remote directory started.
. 2025-12-16 17:00:31.880 Binary transfer mode selected.
. 2025-12-16 17:00:31.880 Opening remote file.
> 2025-12-16 17:00:31.880 Type: SSH_FXP_OPEN, Size: 101, Number: 25859
< 2025-12-16 17:00:31.887 Type: SSH_FXP_HANDLE, Size: 13, Number: 25859
> 2025-12-16 17:00:31.888 Type: SSH_FXP_WRITE, Size: 404, Number: 26374
> 2025-12-16 17:00:31.888 Type: SSH_FXP_CLOSE, Size: 13, Number: 26628
> 2025-12-16 17:00:31.888 Type: SSH_FXP_SETSTAT, Size: 97, Number: 26121
< 2025-12-16 17:00:31.903 Type: SSH_FXP_STATUS, Size: 24, Number: 26374
< 2025-12-16 17:00:31.903 Status code: 0
< 2025-12-16 17:00:31.903 Type: SSH_FXP_STATUS, Size: 24, Number: 26628
< 2025-12-16 17:00:31.903 Status code: 0
. 2025-12-16 17:00:31.903 Preserving timestamp [2025-12-16T02:41:34.000Z]
< 2025-12-16 17:00:31.912 Type: SSH_FXP_STATUS, Size: 24, Number: 26121
< 2025-12-16 17:00:31.912 Status code: 0
. 2025-12-16 17:00:31.912 Transfer done: 'D:\busineshuboffline CHATGTP\TOGETHERSYSTEMS- GITHUB\Nieuwe map (3)\docs\multi-industry-docs\node_modules\.bin\acorn' => '/home/u972026836/domains/digitalnotar.in/public_html/node_modules/.bin/acorn' [379]
. 2025-12-16 17:00:31.913 File: 'D:\busineshuboffline CHATGTP\TOGETHERSYSTEMS- GITHUB\Nieuwe map (3)\docs\multi-industry-docs\node_modules\.bin\acorn.cmd' [2025-12-16T02:41:34.327Z] [320]
. 2025-12-16 17:00:31.965 Copying "D:\busineshuboffline CHATGTP\TOGETHERSYSTEMS- GITHUB\Nieuwe map (3)\docs\multi-industry-docs\node_modules\.bin\acorn.cmd" to remote directory started.
. 2025-12-16 17:00:31.966 Binary transfer mode selected.
. 2025-12-16 17:00:31.966 Opening remote file.
> 2025-12-16 17:00:31.966 Type: SSH_FXP_OPEN, Size: 105, Number: 26883
< 2025-12-16 17:00:31.973 Type: SSH_FXP_HANDLE, Size: 13, Number: 26883
> 2025-12-16 17:00:31.973 Type: SSH_FXP_WRITE, Size: 345, Number: 27398
> 2025-12-16 17:00:31.980 Type: SSH_FXP_CLOSE, Size: 13, Number: 27652
> 2025-12-16 17:00:31.981 Type: SSH_FXP_SETSTAT, Size: 101, Number: 27145
< 2025-12-16 17:00:31.987 Type: SSH_FXP_STATUS, Size: 24, Number: 27398
< 2025-12-16 17:00:31.987 Status code: 0
< 2025-12-16 17:00:31.987 Type: SSH_FXP_STATUS, Size: 24, Number: 27652
< 2025-12-16 17:00:31.987 Status code: 0
. 2025-12-16 17:00:31.987 Preserving timestamp [2025-12-16T02:41:34.000Z]
< 2025-12-16 17:00:31.997 Type: SSH_FXP_STATUS, Size: 24, Number: 27145
< 2025-12-16 17:00:31.997 Status code: 0
. 2025-12-16 17:00:31.997 Transfer done: 'D:\busineshuboffline CHATGTP\TOGETHERSYSTEMS- GITHUB\Nieuwe map (3)\docs\multi-industry-docs\node_modules\.bin\acorn.cmd' => '/home/u972026836/domains/digitalnotar.in/public_html/node_modules/.bin/acorn.cmd' [320]
. 2025-12-16 17:00:31.997 File: 'D:\busineshuboffline CHATGTP\TOGETHERSYSTEMS- GITHUB\Nieuwe map (3)\docs\multi-industry-docs\node_modules\.bin\acorn.ps1' [2025-12-16T02:41:34.327Z] [785]
. 2025-12-16 17:00:32.031 Copying "D:\busineshuboffline CHATGTP\TOGETHERSYSTEMS- GITHUB\Nieuwe map (3)\docs\multi-industry-docs\node_modules\.bin\acorn.ps1" to remote directory started.
. 2025-12-16 17:00:32.031 Binary transfer mode selected.
. 2025-12-16 17:00:32.031 Opening remote file.
> 2025-12-16 17:00:32.032 Type: SSH_FXP_OPEN, Size: 105, Number: 27907
< 2025-12-16 17:00:32.046 Type: SSH_FXP_HANDLE, Size: 13, Number: 27907
> 2025-12-16 17:00:32.046 Type: SSH_FXP_WRITE, Size: 810, Number: 28422
> 2025-12-16 17:00:32.049 Type: SSH_FXP_CLOSE, Size: 13, Number: 28676
> 2025-12-16 17:00:32.049 Type: SSH_FXP_SETSTAT, Size: 101, Number: 28169
< 2025-12-16 17:00:32.060 Type: SSH_FXP_STATUS, Size: 24, Number: 28422
< 2025-12-16 17:00:32.060 Status code: 0
< 2025-12-16 17:00:32.075 Type: SSH_FXP_STATUS, Size: 24, Number: 28676
< 2025-12-16 17:00:32.075 Status code: 0
. 2025-12-16 17:00:32.088 Preserving timestamp [2025-12-16T02:41:34.000Z]
< 2025-12-16 17:00:32.088 Type: SSH_FXP_STATUS, Size: 24, Number: 28169
< 2025-12-16 17:00:32.088 Status code: 0
. 2025-12-16 17:00:32.088 Transfer done: 'D:\busineshuboffline CHATGTP\TOGETHERSYSTEMS- GITHUB\Nieuwe map (3)\docs\multi-industry-docs\node_modules\.bin\acorn.ps1' => '/home/u972026836/domains/digitalnotar.in/public_html/node_modules/.bin/acorn.ps1' [785]
. 2025-12-16 17:00:32.089 File: 'D:\busineshuboffline CHATGTP\TOGETHERSYSTEMS- GITHUB\Nieuwe map (3)\docs\multi-industry-docs\node_modules\.bin\autoprefixer' [2025-12-16T02:41:34.328Z] [407]
. 2025-12-16 17:00:32.122 Copying "D:\busineshuboffline CHATGTP\TOGETHERSYSTEMS- GITHUB\Nieuwe map (3)\docs\multi-industry-docs\node_modules\.bin\autoprefixer" to remote directory started.
. 2025-12-16 17:00:32.130 Binary transfer mode selected.
. 2025-12-16 17:00:32.130 Opening remote file.
> 2025-12-16 17:00:32.130 Type: SSH_FXP_OPEN, Size: 108, Number: 28931
< 2025-12-16 17:00:32.139 Type: SSH_FXP_HANDLE, Size: 13, Number: 28931
> 2025-12-16 17:00:32.139 Type: SSH_FXP_WRITE, Size: 432, Number: 29446
> 2025-12-16 17:00:32.150 Type: SSH_FXP_CLOSE, Size: 13, Number: 29700
> 2025-12-16 17:00:32.150 Type: SSH_FXP_SETSTAT, Size: 104, Number: 29193
< 2025-12-16 17:00:32.161 Type: SSH_FXP_STATUS, Size: 24, Number: 29446
< 2025-12-16 17:00:32.162 Status code: 0
< 2025-12-16 17:00:32.165 Type: SSH_FXP_STATUS, Size: 24, Number: 29700
< 2025-12-16 17:00:32.165 Status code: 0
. 2025-12-16 17:00:32.165 Preserving timestamp [2025-12-16T02:41:34.000Z]
< 2025-12-16 17:00:32.172 Type: SSH_FXP_STATUS, Size: 24, Number: 29193
< 2025-12-16 17:00:32.172 Status code: 0
. 2025-12-16 17:00:32.172 Transfer done: 'D:\busineshuboffline CHATGTP\TOGETHERSYSTEMS- GITHUB\Nieuwe map (3)\docs\multi-industry-docs\node_modules\.bin\autoprefixer' => '/home/u972026836/domains/digitalnotar.in/public_html/node_modules/.bin/autoprefixer' [407]
. 2025-12-16 17:00:32.173 File: 'D:\busineshuboffline CHATGTP\TOGETHERSYSTEMS- GITHUB\Nieuwe map (3)\docs\multi-industry-docs\node_modules\.bin\autoprefixer.cmd' [2025-12-16T02:41:34.327Z] [334]
. 2025-12-16 17:00:32.219 Copying "D:\busineshuboffline CHATGTP\TOGETHERSYSTEMS- GITHUB\Nieuwe map (3)\docs\multi-industry-docs\node_modules\.bin\autoprefixer.cmd" to remote directory started.
. 2025-12-16 17:00:32.219 Binary transfer mode selected.
. 2025-12-16 17:00:32.219 Opening remote file.
> 2025-12-16 17:00:32.219 Type: SSH_FXP_OPEN, Size: 112, Number: 29955
< 2025-12-16 17:00:32.232 Type: SSH_FXP_HANDLE, Size: 13, Number: 29955
> 2025-12-16 17:00:32.232 Type: SSH_FXP_WRITE, Size: 359, Number: 30470
> 2025-12-16 17:00:32.237 Type: SSH_FXP_CLOSE, Size: 13, Number: 30724
> 2025-12-16 17:00:32.237 Type: SSH_FXP_SETSTAT, Size: 108, Number: 30217
< 2025-12-16 17:00:32.249 Type: SSH_FXP_STATUS, Size: 24, Number: 30470
< 2025-12-16 17:00:32.249 Status code: 0
< 2025-12-16 17:00:32.252 Type: SSH_FXP_STATUS, Size: 24, Number: 30724
< 2025-12-16 17:00:32.252 Status code: 0
. 2025-12-16 17:00:32.252 Preserving timestamp [2025-12-16T02:41:34.000Z]
< 2025-12-16 17:00:32.256 Type: SSH_FXP_STATUS, Size: 24, Number: 30217
< 2025-12-16 17:00:32.256 Status code: 0
. 2025-12-16 17:00:32.256 Transfer done: 'D:\busineshuboffline CHATGTP\TOGETHERSYSTEMS- GITHUB\Nieuwe map (3)\docs\multi-industry-docs\node_modules\.bin\autoprefixer.cmd' => '/home/u972026836/domains/digitalnotar.in/public_html/node_modules/.bin/autoprefixer.cmd' [334]
. 2025-12-16 17:00:32.258 File: 'D:\busineshuboffline CHATGTP\TOGETHERSYSTEMS- GITHUB\Nieuwe map (3)\docs\multi-industry-docs\node_modules\.bin\autoprefixer.ps1' [2025-12-16T02:41:34.327Z] [841]
. 2025-12-16 17:00:32.316 Copying "D:\busineshuboffline CHATGTP\TOGETHERSYSTEMS- GITHUB\Nieuwe map (3)\docs\multi-industry-docs\node_modules\.bin\autoprefixer.ps1" to remote directory started.
. 2025-12-16 17:00:32.316 Binary transfer mode selected.
. 2025-12-16 17:00:32.316 Opening remote file.
> 2025-12-16 17:00:32.316 Type: SSH_FXP_OPEN, Size: 112, Number: 30979
< 2025-12-16 17:00:32.324 Type: SSH_FXP_HANDLE, Size: 13, Number: 30979
> 2025-12-16 17:00:32.324 Type: SSH_FXP_WRITE, Size: 866, Number: 31494
> 2025-12-16 17:00:32.331 Type: SSH_FXP_CLOSE, Size: 13, Number: 31748
> 2025-12-16 17:00:32.331 Type: SSH_FXP_SETSTAT, Size: 108, Number: 31241
< 2025-12-16 17:00:32.339 Type: SSH_FXP_STATUS, Size: 24, Number: 31494
< 2025-12-16 17:00:32.339 Status code: 0
< 2025-12-16 17:00:32.347 Type: SSH_FXP_STATUS, Size: 24, Number: 31748
< 2025-12-16 17:00:32.347 Status code: 0
. 2025-12-16 17:00:32.347 Preserving timestamp [2025-12-16T02:41:34.000Z]
< 2025-12-16 17:00:32.348 Type: SSH_FXP_STATUS, Size: 24, Number: 31241
< 2025-12-16 17:00:32.348 Status code: 0
. 2025-12-16 17:00:32.348 Transfer done: 'D:\busineshuboffline CHATGTP\TOGETHERSYSTEMS- GITHUB\Nieuwe map (3)\docs\multi-industry-docs\node_modules\.bin\autoprefixer.ps1' => '/home/u972026836/domains/digitalnotar.in/public_html/node_modules/.bin/autoprefixer.ps1' [841]
. 2025-12-16 17:00:32.348 File: 'D:\busineshuboffline CHATGTP\TOGETHERSYSTEMS- GITHUB\Nieuwe map (3)\docs\multi-industry-docs\node_modules\.bin\baseline-browser-mapping' [2025-12-16T02:41:34.328Z] [421]
. 2025-12-16 17:00:32.365 Copying "D:\busineshuboffline CHATGTP\TOGETHERSYSTEMS- GITHUB\Nieuwe map (3)\docs\multi-industry-docs\node_modules\.bin\baseline-browser-mapping" to remote directory started.
. 2025-12-16 17:00:32.366 Binary transfer mode selected.
. 2025-12-16 17:00:32.366 Opening remote file.
> 2025-12-16 17:00:32.366 Type: SSH_FXP_OPEN, Size: 120, Number: 32003
< 2025-12-16 17:00:32.378 Type: SSH_FXP_HANDLE, Size: 13, Number: 32003
> 2025-12-16 17:00:32.378 Type: SSH_FXP_WRITE, Size: 446, Number: 32518
> 2025-12-16 17:00:32.379 Type: SSH_FXP_CLOSE, Size: 13, Number: 32772
> 2025-12-16 17:00:32.379 Type: SSH_FXP_SETSTAT, Size: 116, Number: 32265
< 2025-12-16 17:00:32.387 Type: SSH_FXP_STATUS, Size: 24, Number: 32518
< 2025-12-16 17:00:32.387 Status code: 0
< 2025-12-16 17:00:32.387 Type: SSH_FXP_STATUS, Size: 24, Number: 32772
< 2025-12-16 17:00:32.387 Status code: 0
. 2025-12-16 17:00:32.388 Preserving timestamp [2025-12-16T02:41:34.000Z]
< 2025-12-16 17:00:32.395 Type: SSH_FXP_STATUS, Size: 24, Number: 32265
< 2025-12-16 17:00:32.395 Status code: 0
. 2025-12-16 17:00:32.395 Transfer done: 'D:\busineshuboffline CHATGTP\TOGETHERSYSTEMS- GITHUB\Nieuwe map (3)\docs\multi-industry-docs\node_modules\.bin\baseline-browser-mapping' => '/home/u972026836/domains/digitalnotar.in/public_html/node_modules/.bin/baseline-browser-mapping' [421]
. 2025-12-16 17:00:32.395 File: 'D:\busineshuboffline CHATGTP\TOGETHERSYSTEMS- GITHUB\Nieuwe map (3)\docs\multi-industry-docs\node_modules\.bin\baseline-browser-mapping.cmd' [2025-12-16T02:41:34.328Z] [341]
. 2025-12-16 17:00:32.454 Copying "D:\busineshuboffline CHATGTP\TOGETHERSYSTEMS- GITHUB\Nieuwe map (3)\docs\multi-industry-docs\node_modules\.bin\baseline-browser-mapping.cmd" to remote directory started.
. 2025-12-16 17:00:32.454 Binary transfer mode selected.
. 2025-12-16 17:00:32.454 Opening remote file.
> 2025-12-16 17:00:32.454 Type: SSH_FXP_OPEN, Size: 124, Number: 33027
< 2025-12-16 17:00:32.465 Type: SSH_FXP_HANDLE, Size: 13, Number: 33027
> 2025-12-16 17:00:32.466 Type: SSH_FXP_WRITE, Size: 366, Number: 33542
> 2025-12-16 17:00:32.467 Type: SSH_FXP_CLOSE, Size: 13, Number: 33796
> 2025-12-16 17:00:32.467 Type: SSH_FXP_SETSTAT, Size: 120, Number: 33289
< 2025-12-16 17:00:32.475 Type: SSH_FXP_STATUS, Size: 24, Number: 33542
< 2025-12-16 17:00:32.475 Status code: 0
< 2025-12-16 17:00:32.475 Type: SSH_FXP_STATUS, Size: 24, Number: 33796
< 2025-12-16 17:00:32.475 Status code: 0
. 2025-12-16 17:00:32.483 Preserving timestamp [2025-12-16T02:41:34.000Z]
< 2025-12-16 17:00:32.483 Type: SSH_FXP_STATUS, Size: 24, Number: 33289
< 2025-12-16 17:00:32.483 Status code: 0
. 2025-12-16 17:00:32.483 Transfer done: 'D:\busineshuboffline CHATGTP\TOGETHERSYSTEMS- GITHUB\Nieuwe map (3)\docs\multi-industry-docs\node_modules\.bin\baseline-browser-mapping.cmd' => '/home/u972026836/domains/digitalnotar.in/public_html/node_modules/.bin/baseline-browser-mapping.cmd' [341]
. 2025-12-16 17:00:32.483 File: 'D:\busineshuboffline CHATGTP\TOGETHERSYSTEMS- GITHUB\Nieuwe map (3)\docs\multi-industry-docs\node_modules\.bin\baseline-browser-mapping.ps1' [2025-12-16T02:41:34.328Z] [869]
. 2025-12-16 17:00:32.522 Copying "D:\busineshuboffline CHATGTP\TOGETHERSYSTEMS- GITHUB\Nieuwe map (3)\docs\multi-industry-docs\node_modules\.bin\baseline-browser-mapping.ps1" to remote directory started.
. 2025-12-16 17:00:32.522 Binary transfer mode selected.
. 2025-12-16 17:00:32.522 Opening remote file.
> 2025-12-16 17:00:32.523 Type: SSH_FXP_OPEN, Size: 124, Number: 34051
< 2025-12-16 17:00:32.530 Type: SSH_FXP_HANDLE, Size: 13, Number: 34051
> 2025-12-16 17:00:32.530 Type: SSH_FXP_WRITE, Size: 894, Number: 34566
> 2025-12-16 17:00:32.531 Type: SSH_FXP_CLOSE, Size: 13, Number: 34820
> 2025-12-16 17:00:32.531 Type: SSH_FXP_SETSTAT, Size: 120, Number: 34313
< 2025-12-16 17:00:32.539 Type: SSH_FXP_STATUS, Size: 24, Number: 34566
< 2025-12-16 17:00:32.539 Status code: 0
< 2025-12-16 17:00:32.539 Type: SSH_FXP_STATUS, Size: 24, Number: 34820
< 2025-12-16 17:00:32.539 Status code: 0
. 2025-12-16 17:00:32.539 Preserving timestamp [2025-12-16T02:41:34.000Z]
< 2025-12-16 17:00:32.555 Type: SSH_FXP_STATUS, Size: 24, Number: 34313
< 2025-12-16 17:00:32.555 Status code: 0
. 2025-12-16 17:00:32.555 Transfer done: 'D:\busineshuboffline CHATGTP\TOGETHERSYSTEMS- GITHUB\Nieuwe map (3)\docs\multi-industry-docs\node_modules\.bin\baseline-browser-mapping.ps1' => '/home/u972026836/domains/digitalnotar.in/public_html/node_modules/.bin/baseline-browser-mapping.ps1' [869]
. 2025-12-16 17:00:32.555 File: 'D:\busineshuboffline CHATGTP\TOGETHERSYSTEMS- GITHUB\Nieuwe map (3)\docs\multi-industry-docs\node_modules\.bin\browserslist' [2025-12-16T02:41:34.328Z] [387]
. 2025-12-16 17:00:32.579 Copying "D:\busineshuboffline CHATGTP\TOGETHERSYSTEMS- GITHUB\Nieuwe map (3)\docs\multi-industry-docs\node_modules\.bin\browserslist" to remote directory started.
. 2025-12-16 17:00:32.579 Binary transfer mode selected.
. 2025-12-16 17:00:32.579 Opening remote file.
> 2025-12-16 17:00:32.579 Type: SSH_FXP_OPEN, Size: 108, Number: 35075
< 2025-12-16 17:00:32.587 Type: SSH_FXP_HANDLE, Size: 13, Number: 35075
> 2025-12-16 17:00:32.587 Type: SSH_FXP_WRITE, Size: 412, Number: 35590
> 2025-12-16 17:00:32.588 Type: SSH_FXP_CLOSE, Size: 13, Number: 35844
> 2025-12-16 17:00:32.588 Type: SSH_FXP_SETSTAT, Size: 104, Number: 35337
< 2025-12-16 17:00:32.596 Type: SSH_FXP_STATUS, Size: 24, Number: 35590
< 2025-12-16 17:00:32.596 Status code: 0
< 2025-12-16 17:00:32.596 Type: SSH_FXP_STATUS, Size: 24, Number: 35844
< 2025-12-16 17:00:32.596 Status code: 0
. 2025-12-16 17:00:32.596 Preserving timestamp [2025-12-16T02:41:34.000Z]
< 2025-12-16 17:00:32.603 Type: SSH_FXP_STATUS, Size: 24, Number: 35337
< 2025-12-16 17:00:32.603 Status code: 0
. 2025-12-16 17:00:32.603 Transfer done: 'D:\busineshuboffline CHATGTP\TOGETHERSYSTEMS- GITHUB\Nieuwe map (3)\docs\multi-industry-docs\node_modules\.bin\browserslist' => '/home/u972026836/domains/digitalnotar.in/public_html/node_modules/.bin/browserslist' [387]
. 2025-12-16 17:00:32.603 File: 'D:\busineshuboffline CHATGTP\TOGETHERSYSTEMS- GITHUB\Nieuwe map (3)\docs\multi-industry-docs\node_modules\.bin\browserslist.cmd' [2025-12-16T02:41:34.328Z] [324]
. 2025-12-16 17:00:32.645 Copying "D:\busineshuboffline CHATGTP\TOGETHERSYSTEMS- GITHUB\Nieuwe map (3)\docs\multi-industry-docs\node_modules\.bin\browserslist.cmd" to remote directory started.
. 2025-12-16 17:00:32.645 Binary transfer mode selected.
. 2025-12-16 17:00:32.645 Opening remote file.
> 2025-12-16 17:00:32.645 Type: SSH_FXP_OPEN, Size: 112, Number: 36099
< 2025-12-16 17:00:32.652 Type: SSH_FXP_HANDLE, Size: 13, Number: 36099
> 2025-12-16 17:00:32.652 Type: SSH_FXP_WRITE, Size: 349, Number: 36614
> 2025-12-16 17:00:32.652 Type: SSH_FXP_CLOSE, Size: 13, Number: 36868
> 2025-12-16 17:00:32.652 Type: SSH_FXP_SETSTAT, Size: 108, Number: 36361
< 2025-12-16 17:00:32.663 Type: SSH_FXP_STATUS, Size: 24, Number: 36614
< 2025-12-16 17:00:32.663 Status code: 0
< 2025-12-16 17:00:32.663 Type: SSH_FXP_STATUS, Size: 24, Number: 36868
< 2025-12-16 17:00:32.663 Status code: 0
. 2025-12-16 17:00:32.663 Preserving timestamp [2025-12-16T02:41:34.000Z]
< 2025-12-16 17:00:32.680 Type: SSH_FXP_STATUS, Size: 24, Number: 36361
< 2025-12-16 17:00:32.680 Status code: 0
. 2025-12-16 17:00:32.680 Transfer done: 'D:\busineshuboffline CHATGTP\TOGETHERSYSTEMS- GITHUB\Nieuwe map (3)\docs\multi-industry-docs\node_modules\.bin\browserslist.cmd' => '/home/u972026836/domains/digitalnotar.in/public_html/node_modules/.bin/browserslist.cmd' [324]
. 2025-12-16 17:00:32.680 File: 'D:\busineshuboffline CHATGTP\TOGETHERSYSTEMS- GITHUB\Nieuwe map (3)\docs\multi-industry-docs\node_modules\.bin\browserslist.ps1' [2025-12-16T02:41:34.328Z] [801]
. 2025-12-16 17:00:32.714 Copying "D:\busineshuboffline CHATGTP\TOGETHERSYSTEMS- GITHUB\Nieuwe map (3)\docs\multi-industry-docs\node_modules\.bin\browserslist.ps1" to remote directory started.
. 2025-12-16 17:00:32.714 Binary transfer mode selected.
. 2025-12-16 17:00:32.714 Opening remote file.
> 2025-12-16 17:00:32.714 Type: SSH_FXP_OPEN, Size: 112, Number: 37123
< 2025-12-16 17:00:32.721 Type: SSH_FXP_HANDLE, Size: 13, Number: 37123
> 2025-12-16 17:00:32.721 Type: SSH_FXP_WRITE, Size: 826, Number: 37638
> 2025-12-16 17:00:32.728 Type: SSH_FXP_CLOSE, Size: 13, Number: 37892
> 2025-12-16 17:00:32.728 Type: SSH_FXP_SETSTAT, Size: 108, Number: 37385
< 2025-12-16 17:00:32.735 Type: SSH_FXP_STATUS, Size: 24, Number: 37638
< 2025-12-16 17:00:32.735 Status code: 0
< 2025-12-16 17:00:32.735 Type: SSH_FXP_STATUS, Size: 24, Number: 37892
< 2025-12-16 17:00:32.735 Status code: 0
. 2025-12-16 17:00:32.735 Preserving timestamp [2025-12-16T02:41:34.000Z]
< 2025-12-16 17:00:32.746 Type: SSH_FXP_STATUS, Size: 24, Number: 37385
< 2025-12-16 17:00:32.746 Status code: 0
. 2025-12-16 17:00:32.746 Transfer done: 'D:\busineshuboffline CHATGTP\TOGETHERSYSTEMS- GITHUB\Nieuwe map (3)\docs\multi-industry-docs\node_modules\.bin\browserslist.ps1' => '/home/u972026836/domains/digitalnotar.in/public_html/node_modules/.bin/browserslist.ps1' [801]
. 2025-12-16 17:00:32.746 File: 'D:\busineshuboffline CHATGTP\TOGETHERSYSTEMS- GITHUB\Nieuwe map (3)\docs\multi-industry-docs\node_modules\.bin\conc' [2025-12-16T02:41:34.328Z] [423]
. 2025-12-16 17:00:32.767 Copying "D:\busineshuboffline CHATGTP\TOGETHERSYSTEMS- GITHUB\Nieuwe map (3)\docs\multi-industry-docs\node_modules\.bin\conc" to remote directory started.
. 2025-12-16 17:00:32.767 Binary transfer mode selected.
. 2025-12-16 17:00:32.767 Opening remote file.
> 2025-12-16 17:00:32.767 Type: SSH_FXP_OPEN, Size: 100, Number: 38147
< 2025-12-16 17:00:32.778 Type: SSH_FXP_HANDLE, Size: 13, Number: 38147
> 2025-12-16 17:00:32.778 Type: SSH_FXP_WRITE, Size: 448, Number: 38662
> 2025-12-16 17:00:32.784 Type: SSH_FXP_CLOSE, Size: 13, Number: 38916
> 2025-12-16 17:00:32.784 Type: SSH_FXP_SETSTAT, Size: 96, Number: 38409
< 2025-12-16 17:00:32.791 Type: SSH_FXP_STATUS, Size: 24, Number: 38662
< 2025-12-16 17:00:32.791 Status code: 0
< 2025-12-16 17:00:32.792 Type: SSH_FXP_STATUS, Size: 24, Number: 38916
< 2025-12-16 17:00:32.792 Status code: 0
. 2025-12-16 17:00:32.792 Preserving timestamp [2025-12-16T02:41:34.000Z]
< 2025-12-16 17:00:32.801 Type: SSH_FXP_STATUS, Size: 24, Number: 38409
< 2025-12-16 17:00:32.801 Status code: 0
. 2025-12-16 17:00:32.801 Transfer done: 'D:\busineshuboffline CHATGTP\TOGETHERSYSTEMS- GITHUB\Nieuwe map (3)\docs\multi-industry-docs\node_modules\.bin\conc' => '/home/u972026836/domains/digitalnotar.in/public_html/node_modules/.bin/conc' [423]
. 2025-12-16 17:00:32.801 File: 'D:\busineshuboffline CHATGTP\TOGETHERSYSTEMS- GITHUB\Nieuwe map (3)\docs\multi-industry-docs\node_modules\.bin\conc.cmd' [2025-12-16T02:41:34.328Z] [342]
. 2025-12-16 17:00:32.851 Copying "D:\busineshuboffline CHATGTP\TOGETHERSYSTEMS- GITHUB\Nieuwe map (3)\docs\multi-industry-docs\node_modules\.bin\conc.cmd" to remote directory started.
. 2025-12-16 17:00:32.851 Binary transfer mode selected.
. 2025-12-16 17:00:32.851 Opening remote file.
> 2025-12-16 17:00:32.851 Type: SSH_FXP_OPEN, Size: 104, Number: 39171
< 2025-12-16 17:00:32.863 Type: SSH_FXP_HANDLE, Size: 13, Number: 39171
> 2025-12-16 17:00:32.863 Type: SSH_FXP_WRITE, Size: 367, Number: 39686
> 2025-12-16 17:00:32.864 Type: SSH_FXP_CLOSE, Size: 13, Number: 39940
> 2025-12-16 17:00:32.864 Type: SSH_FXP_SETSTAT, Size: 100, Number: 39433
< 2025-12-16 17:00:32.871 Type: SSH_FXP_STATUS, Size: 24, Number: 39686
< 2025-12-16 17:00:32.871 Status code: 0
< 2025-12-16 17:00:32.872 Type: SSH_FXP_STATUS, Size: 24, Number: 39940
< 2025-12-16 17:00:32.872 Status code: 0
. 2025-12-16 17:00:32.872 Preserving timestamp [2025-12-16T02:41:34.000Z]
< 2025-12-16 17:00:32.882 Type: SSH_FXP_STATUS, Size: 24, Number: 39433
< 2025-12-16 17:00:32.882 Status code: 0
. 2025-12-16 17:00:32.882 Transfer done: 'D:\busineshuboffline CHATGTP\TOGETHERSYSTEMS- GITHUB\Nieuwe map (3)\docs\multi-industry-docs\node_modules\.bin\conc.cmd' => '/home/u972026836/domains/digitalnotar.in/public_html/node_modules/.bin/conc.cmd' [342]
. 2025-12-16 17:00:32.882 File: 'D:\busineshuboffline CHATGTP\TOGETHERSYSTEMS- GITHUB\Nieuwe map (3)\docs\multi-industry-docs\node_modules\.bin\conc.ps1' [2025-12-16T02:41:34.328Z] [873]
. 2025-12-16 17:00:32.915 Copying "D:\busineshuboffline CHATGTP\TOGETHERSYSTEMS- GITHUB\Nieuwe map (3)\docs\multi-industry-docs\node_modules\.bin\conc.ps1" to remote directory started.
. 2025-12-16 17:00:32.915 Binary transfer mode selected.
. 2025-12-16 17:00:32.915 Opening remote file.
> 2025-12-16 17:00:32.915 Type: SSH_FXP_OPEN, Size: 104, Number: 40195
< 2025-12-16 17:00:32.921 Type: SSH_FXP_HANDLE, Size: 13, Number: 40195
> 2025-12-16 17:00:32.921 Type: SSH_FXP_WRITE, Size: 898, Number: 40710
> 2025-12-16 17:00:32.923 Type: SSH_FXP_CLOSE, Size: 13, Number: 40964
> 2025-12-16 17:00:32.923 Type: SSH_FXP_SETSTAT, Size: 100, Number: 40457
< 2025-12-16 17:00:32.931 Type: SSH_FXP_STATUS, Size: 24, Number: 40710
< 2025-12-16 17:00:32.931 Status code: 0
< 2025-12-16 17:00:32.931 Type: SSH_FXP_STATUS, Size: 24, Number: 40964
< 2025-12-16 17:00:32.931 Status code: 0
. 2025-12-16 17:00:32.931 Preserving timestamp [2025-12-16T02:41:34.000Z]
< 2025-12-16 17:00:32.943 Type: SSH_FXP_STATUS, Size: 24, Number: 40457
< 2025-12-16 17:00:32.944 Status code: 0
. 2025-12-16 17:00:32.944 Transfer done: 'D:\busineshuboffline CHATGTP\TOGETHERSYSTEMS- GITHUB\Nieuwe map (3)\docs\multi-industry-docs\node_modules\.bin\conc.ps1' => '/home/u972026836/domains/digitalnotar.in/public_html/node_modules/.bin/conc.ps1' [873]
. 2025-12-16 17:00:32.944 File: 'D:\busineshuboffline CHATGTP\TOGETHERSYSTEMS- GITHUB\Nieuwe map (3)\docs\multi-industry-docs\node_modules\.bin\concurrently' [2025-12-16T02:41:34.328Z] [423]
. 2025-12-16 17:00:32.947 Copying "D:\busineshuboffline CHATGTP\TOGETHERSYSTEMS- GITHUB\Nieuwe map (3)\docs\multi-industry-docs\node_modules\.bin\concurrently" to remote directory started.
. 2025-12-16 17:00:32.947 Binary transfer mode selected.
. 2025-12-16 17:00:32.947 Opening remote file.
> 2025-12-16 17:00:32.947 Type: SSH_FXP_OPEN, Size: 108, Number: 41219
< 2025-12-16 17:00:32.955 Type: SSH_FXP_HANDLE, Size: 13, Number: 41219
> 2025-12-16 17:00:32.956 Type: SSH_FXP_WRITE, Size: 448, Number: 41734
> 2025-12-16 17:00:32.964 Type: SSH_FXP_CLOSE, Size: 13, Number: 41988
> 2025-12-16 17:00:32.964 Type: SSH_FXP_SETSTAT, Size: 104, Number: 41481
< 2025-12-16 17:00:32.971 Type: SSH_FXP_STATUS, Size: 24, Number: 41734
< 2025-12-16 17:00:32.971 Status code: 0
< 2025-12-16 17:00:32.971 Type: SSH_FXP_STATUS, Size: 24, Number: 41988
< 2025-12-16 17:00:32.971 Status code: 0
. 2025-12-16 17:00:32.971 Preserving timestamp [2025-12-16T02:41:34.000Z]
< 2025-12-16 17:00:32.979 Type: SSH_FXP_STATUS, Size: 24, Number: 41481
< 2025-12-16 17:00:32.979 Status code: 0
. 2025-12-16 17:00:32.979 Transfer done: 'D:\busineshuboffline CHATGTP\TOGETHERSYSTEMS- GITHUB\Nieuwe map (3)\docs\multi-industry-docs\node_modules\.bin\concurrently' => '/home/u972026836/domains/digitalnotar.in/public_html/node_modules/.bin/concurrently' [423]
. 2025-12-16 17:00:32.980 File: 'D:\busineshuboffline CHATGTP\TOGETHERSYSTEMS- GITHUB\Nieuwe map (3)\docs\multi-industry-docs\node_modules\.bin\concurrently.cmd' [2025-12-16T02:41:34.328Z] [342]
. 2025-12-16 17:00:32.981 Copying "D:\busineshuboffline CHATGTP\TOGETHERSYSTEMS- GITHUB\Nieuwe map (3)\docs\multi-industry-docs\node_modules\.bin\concurrently.cmd" to remote directory started.
. 2025-12-16 17:00:32.981 Binary transfer mode selected.
. 2025-12-16 17:00:32.981 Opening remote file.
> 2025-12-16 17:00:32.981 Type: SSH_FXP_OPEN, Size: 112, Number: 42243
< 2025-12-16 17:00:32.996 Type: SSH_FXP_HANDLE, Size: 13, Number: 42243
> 2025-12-16 17:00:32.996 Type: SSH_FXP_WRITE, Size: 367, Number: 42758
> 2025-12-16 17:00:32.996 Type: SSH_FXP_CLOSE, Size: 13, Number: 43012
> 2025-12-16 17:00:32.996 Type: SSH_FXP_SETSTAT, Size: 108, Number: 42505
< 2025-12-16 17:00:33.012 Type: SSH_FXP_STATUS, Size: 24, Number: 42758
< 2025-12-16 17:00:33.012 Status code: 0
< 2025-12-16 17:00:33.014 Type: SSH_FXP_STATUS, Size: 24, Number: 43012
< 2025-12-16 17:00:33.014 Status code: 0
. 2025-12-16 17:00:33.014 Preserving timestamp [2025-12-16T02:41:34.000Z]
< 2025-12-16 17:00:33.021 Type: SSH_FXP_STATUS, Size: 24, Number: 42505
< 2025-12-16 17:00:33.021 Status code: 0
. 2025-12-16 17:00:33.021 Transfer done: 'D:\busineshuboffline CHATGTP\TOGETHERSYSTEMS- GITHUB\Nieuwe map (3)\docs\multi-industry-docs\node_modules\.bin\concurrently.cmd' => '/home/u972026836/domains/digitalnotar.in/public_html/node_modules/.bin/concurrently.cmd' [342]
. 2025-12-16 17:00:33.021 File: 'D:\busineshuboffline CHATGTP\TOGETHERSYSTEMS- GITHUB\Nieuwe map (3)\docs\multi-industry-docs\node_modules\.bin\concurrently.ps1' [2025-12-16T02:41:34.328Z] [873]
. 2025-12-16 17:00:33.029 Copying "D:\busineshuboffline CHATGTP\TOGETHERSYSTEMS- GITHUB\Nieuwe map (3)\docs\multi-industry-docs\node_modules\.bin\concurrently.ps1" to remote directory started.
. 2025-12-16 17:00:33.029 Binary transfer mode selected.
. 2025-12-16 17:00:33.029 Opening remote file.
> 2025-12-16 17:00:33.029 Type: SSH_FXP_OPEN, Size: 112, Number: 43267
< 2025-12-16 17:00:33.036 Type: SSH_FXP_HANDLE, Size: 13, Number: 43267
> 2025-12-16 17:00:33.036 Type: SSH_FXP_WRITE, Size: 898, Number: 43782
> 2025-12-16 17:00:33.036 Type: SSH_FXP_CLOSE, Size: 13, Number: 44036
> 2025-12-16 17:00:33.036 Type: SSH_FXP_SETSTAT, Size: 108, Number: 43529
< 2025-12-16 17:00:33.046 Type: SSH_FXP_STATUS, Size: 24, Number: 43782
< 2025-12-16 17:00:33.046 Status code: 0
< 2025-12-16 17:00:33.049 Type: SSH_FXP_STATUS, Size: 24, Number: 44036
< 2025-12-16 17:00:33.049 Status code: 0
. 2025-12-16 17:00:33.049 Preserving timestamp [2025-12-16T02:41:34.000Z]
< 2025-12-16 17:00:33.054 Type: SSH_FXP_STATUS, Size: 24, Number: 43529
< 2025-12-16 17:00:33.054 Status code: 0
. 2025-12-16 17:00:33.054 Transfer done: 'D:\busineshuboffline CHATGTP\TOGETHERSYSTEMS- GITHUB\Nieuwe map (3)\docs\multi-industry-docs\node_modules\.bin\concurrently.ps1' => '/home/u972026836/domains/digitalnotar.in/public_html/node_modules/.bin/concurrently.ps1' [873]
. 2025-12-16 17:00:33.054 File: 'D:\busineshuboffline CHATGTP\TOGETHERSYSTEMS- GITHUB\Nieuwe map (3)\docs\multi-industry-docs\node_modules\.bin\cssesc' [2025-12-16T02:41:34.328Z] [383]
. 2025-12-16 17:00:33.082 Copying "D:\busineshuboffline CHATGTP\TOGETHERSYSTEMS- GITHUB\Nieuwe map (3)\docs\multi-industry-docs\node_modules\.bin\cssesc" to remote directory started.
. 2025-12-16 17:00:33.082 Binary transfer mode selected.
. 2025-12-16 17:00:33.082 Opening remote file.
> 2025-12-16 17:00:33.082 Type: SSH_FXP_OPEN, Size: 102, Number: 44291
< 2025-12-16 17:00:33.099 Type: SSH_FXP_HANDLE, Size: 13, Number: 44291
> 2025-12-16 17:00:33.099 Type: SSH_FXP_WRITE, Size: 408, Number: 44806
> 2025-12-16 17:00:33.106 Type: SSH_FXP_CLOSE, Size: 13, Number: 45060
> 2025-12-16 17:00:33.106 Type: SSH_FXP_SETSTAT, Size: 98, Number: 44553
< 2025-12-16 17:00:33.118 Type: SSH_FXP_STATUS, Size: 24, Number: 44806
< 2025-12-16 17:00:33.118 Status code: 0
< 2025-12-16 17:00:33.118 Type: SSH_FXP_STATUS, Size: 24, Number: 45060
< 2025-12-16 17:00:33.120 Status code: 0
. 2025-12-16 17:00:33.120 Preserving timestamp [2025-12-16T02:41:34.000Z]
< 2025-12-16 17:00:33.135 Type: SSH_FXP_STATUS, Size: 24, Number: 44553
< 2025-12-16 17:00:33.135 Status code: 0
. 2025-12-16 17:00:33.135 Transfer done: 'D:\busineshuboffline CHATGTP\TOGETHERSYSTEMS- GITHUB\Nieuwe map (3)\docs\multi-industry-docs\node_modules\.bin\cssesc' => '/home/u972026836/domains/digitalnotar.in/public_html/node_modules/.bin/cssesc' [383]
. 2025-12-16 17:00:33.135 File: 'D:\busineshuboffline CHATGTP\TOGETHERSYSTEMS- GITHUB\Nieuwe map (3)\docs\multi-industry-docs\node_modules\.bin\cssesc.cmd' [2025-12-16T02:41:34.328Z] [322]
. 2025-12-16 17:00:33.181 Copying "D:\busineshuboffline CHATGTP\TOGETHERSYSTEMS- GITHUB\Nieuwe map (3)\docs\multi-industry-docs\node_modules\.bin\cssesc.cmd" to remote directory started.
. 2025-12-16 17:00:33.181 Binary transfer mode selected.
. 2025-12-16 17:00:33.181 Opening remote file.
> 2025-12-16 17:00:33.181 Type: SSH_FXP_OPEN, Size: 106, Number: 45315
< 2025-12-16 17:00:33.196 Type: SSH_FXP_HANDLE, Size: 13, Number: 45315
> 2025-12-16 17:00:33.196 Type: SSH_FXP_WRITE, Size: 347, Number: 45830
> 2025-12-16 17:00:33.198 Type: SSH_FXP_CLOSE, Size: 13, Number: 46084
> 2025-12-16 17:00:33.198 Type: SSH_FXP_SETSTAT, Size: 102, Number: 45577
< 2025-12-16 17:00:33.205 Type: SSH_FXP_STATUS, Size: 24, Number: 45830
< 2025-12-16 17:00:33.205 Status code: 0
< 2025-12-16 17:00:33.208 Type: SSH_FXP_STATUS, Size: 24, Number: 46084
< 2025-12-16 17:00:33.208 Status code: 0
. 2025-12-16 17:00:33.208 Preserving timestamp [2025-12-16T02:41:34.000Z]
< 2025-12-16 17:00:33.214 Type: SSH_FXP_STATUS, Size: 24, Number: 45577
< 2025-12-16 17:00:33.214 Status code: 0
. 2025-12-16 17:00:33.214 Transfer done: 'D:\busineshuboffline CHATGTP\TOGETHERSYSTEMS- GITHUB\Nieuwe map (3)\docs\multi-industry-docs\node_modules\.bin\cssesc.cmd' => '/home/u972026836/domains/digitalnotar.in/public_html/node_modules/.bin/cssesc.cmd' [322]
. 2025-12-16 17:00:33.214 File: 'D:\busineshuboffline CHATGTP\TOGETHERSYSTEMS- GITHUB\Nieuwe map (3)\docs\multi-industry-docs\node_modules\.bin\cssesc.ps1' [2025-12-16T02:41:34.328Z] [793]
. 2025-12-16 17:00:33.247 Copying "D:\busineshuboffline CHATGTP\TOGETHERSYSTEMS- GITHUB\Nieuwe map (3)\docs\multi-industry-docs\node_modules\.bin\cssesc.ps1" to remote directory started.
. 2025-12-16 17:00:33.247 Binary transfer mode selected.
. 2025-12-16 17:00:33.247 Opening remote file.
> 2025-12-16 17:00:33.247 Type: SSH_FXP_OPEN, Size: 106, Number: 46339
< 2025-12-16 17:00:33.260 Type: SSH_FXP_HANDLE, Size: 13, Number: 46339
> 2025-12-16 17:00:33.260 Type: SSH_FXP_WRITE, Size: 818, Number: 46854
> 2025-12-16 17:00:33.264 Type: SSH_FXP_CLOSE, Size: 13, Number: 47108
> 2025-12-16 17:00:33.264 Type: SSH_FXP_SETSTAT, Size: 102, Number: 46601
< 2025-12-16 17:00:33.273 Type: SSH_FXP_STATUS, Size: 24, Number: 46854
< 2025-12-16 17:00:33.273 Status code: 0
< 2025-12-16 17:00:33.273 Type: SSH_FXP_STATUS, Size: 24, Number: 47108
< 2025-12-16 17:00:33.273 Status code: 0
. 2025-12-16 17:00:33.273 Preserving timestamp [2025-12-16T02:41:34.000Z]
< 2025-12-16 17:00:33.280 Type: SSH_FXP_STATUS, Size: 24, Number: 46601
< 2025-12-16 17:00:33.280 Status code: 0
. 2025-12-16 17:00:33.280 Transfer done: 'D:\busineshuboffline CHATGTP\TOGETHERSYSTEMS- GITHUB\Nieuwe map (3)\docs\multi-industry-docs\node_modules\.bin\cssesc.ps1' => '/home/u972026836/domains/digitalnotar.in/public_html/node_modules/.bin/cssesc.ps1' [793]
. 2025-12-16 17:00:33.280 File: 'D:\busineshuboffline CHATGTP\TOGETHERSYSTEMS- GITHUB\Nieuwe map (3)\docs\multi-industry-docs\node_modules\.bin\detect-libc' [2025-12-16T02:41:34.328Z] [409]
. 2025-12-16 17:00:33.301 Copying "D:\busineshuboffline CHATGTP\TOGETHERSYSTEMS- GITHUB\Nieuwe map (3)\docs\multi-industry-docs\node_modules\.bin\detect-libc" to remote directory started.
. 2025-12-16 17:00:33.301 Binary transfer mode selected.
. 2025-12-16 17:00:33.301 Opening remote file.
> 2025-12-16 17:00:33.301 Type: SSH_FXP_OPEN, Size: 107, Number: 47363
< 2025-12-16 17:00:33.314 Type: SSH_FXP_HANDLE, Size: 13, Number: 47363
> 2025-12-16 17:00:33.314 Type: SSH_FXP_WRITE, Size: 434, Number: 47878
> 2025-12-16 17:00:33.318 Type: SSH_FXP_CLOSE, Size: 13, Number: 48132
> 2025-12-16 17:00:33.318 Type: SSH_FXP_SETSTAT, Size: 103, Number: 47625
< 2025-12-16 17:00:33.331 Type: SSH_FXP_STATUS, Size: 24, Number: 47878
< 2025-12-16 17:00:33.331 Status code: 0
< 2025-12-16 17:00:33.371 Type: SSH_FXP_STATUS, Size: 24, Number: 48132
< 2025-12-16 17:00:33.371 Status code: 0
. 2025-12-16 17:00:33.383 Preserving timestamp [2025-12-16T02:41:34.000Z]
< 2025-12-16 17:00:33.384 Type: SSH_FXP_STATUS, Size: 24, Number: 47625
< 2025-12-16 17:00:33.384 Status code: 0
. 2025-12-16 17:00:33.384 Transfer done: 'D:\busineshuboffline CHATGTP\TOGETHERSYSTEMS- GITHUB\Nieuwe map (3)\docs\multi-industry-docs\node_modules\.bin\detect-libc' => '/home/u972026836/domains/digitalnotar.in/public_html/node_modules/.bin/detect-libc' [409]
. 2025-12-16 17:00:33.384 File: 'D:\busineshuboffline CHATGTP\TOGETHERSYSTEMS- GITHUB\Nieuwe map (3)\docs\multi-industry-docs\node_modules\.bin\detect-libc.cmd' [2025-12-16T02:41:34.328Z] [335]
. 2025-12-16 17:00:33.435 Copying "D:\busineshuboffline CHATGTP\TOGETHERSYSTEMS- GITHUB\Nieuwe map (3)\docs\multi-industry-docs\node_modules\.bin\detect-libc.cmd" to remote directory started.
. 2025-12-16 17:00:33.435 Binary transfer mode selected.
. 2025-12-16 17:00:33.435 Opening remote file.
> 2025-12-16 17:00:33.435 Type: SSH_FXP_OPEN, Size: 111, Number: 48387
< 2025-12-16 17:00:33.444 Type: SSH_FXP_HANDLE, Size: 13, Number: 48387
> 2025-12-16 17:00:33.444 Type: SSH_FXP_WRITE, Size: 360, Number: 48902
> 2025-12-16 17:00:33.448 Type: SSH_FXP_CLOSE, Size: 13, Number: 49156
> 2025-12-16 17:00:33.448 Type: SSH_FXP_SETSTAT, Size: 107, Number: 48649
< 2025-12-16 17:00:33.459 Type: SSH_FXP_STATUS, Size: 24, Number: 48902
< 2025-12-16 17:00:33.459 Status code: 0
< 2025-12-16 17:00:33.465 Type: SSH_FXP_STATUS, Size: 24, Number: 49156
< 2025-12-16 17:00:33.465 Status code: 0
. 2025-12-16 17:00:33.466 Preserving timestamp [2025-12-16T02:41:34.000Z]
< 2025-12-16 17:00:33.466 Type: SSH_FXP_STATUS, Size: 24, Number: 48649
< 2025-12-16 17:00:33.466 Status code: 0
. 2025-12-16 17:00:33.466 Transfer done: 'D:\busineshuboffline CHATGTP\TOGETHERSYSTEMS- GITHUB\Nieuwe map (3)\docs\multi-industry-docs\node_modules\.bin\detect-libc.cmd' => '/home/u972026836/domains/digitalnotar.in/public_html/node_modules/.bin/detect-libc.cmd' [335]
. 2025-12-16 17:00:33.467 File: 'D:\busineshuboffline CHATGTP\TOGETHERSYSTEMS- GITHUB\Nieuwe map (3)\docs\multi-industry-docs\node_modules\.bin\detect-libc.ps1' [2025-12-16T02:41:34.328Z] [845]
. 2025-12-16 17:00:33.504 Copying "D:\busineshuboffline CHATGTP\TOGETHERSYSTEMS- GITHUB\Nieuwe map (3)\docs\multi-industry-docs\node_modules\.bin\detect-libc.ps1" to remote directory started.
. 2025-12-16 17:00:33.504 Binary transfer mode selected.
. 2025-12-16 17:00:33.504 Opening remote file.
> 2025-12-16 17:00:33.504 Type: SSH_FXP_OPEN, Size: 111, Number: 49411
< 2025-12-16 17:00:33.512 Type: SSH_FXP_HANDLE, Size: 13, Number: 49411
> 2025-12-16 17:00:33.512 Type: SSH_FXP_WRITE, Size: 870, Number: 49926
> 2025-12-16 17:00:33.519 Type: SSH_FXP_CLOSE, Size: 13, Number: 50180
> 2025-12-16 17:00:33.519 Type: SSH_FXP_SETSTAT, Size: 107, Number: 49673
< 2025-12-16 17:00:33.533 Type: SSH_FXP_STATUS, Size: 24, Number: 49926
< 2025-12-16 17:00:33.533 Status code: 0
< 2025-12-16 17:00:33.534 Type: SSH_FXP_STATUS, Size: 24, Number: 50180
< 2025-12-16 17:00:33.534 Status code: 0
. 2025-12-16 17:00:33.534 Preserving timestamp [2025-12-16T02:41:34.000Z]
< 2025-12-16 17:00:33.543 Type: SSH_FXP_STATUS, Size: 24, Number: 49673
< 2025-12-16 17:00:33.543 Status code: 0
. 2025-12-16 17:00:33.543 Transfer done: 'D:\busineshuboffline CHATGTP\TOGETHERSYSTEMS- GITHUB\Nieuwe map (3)\docs\multi-industry-docs\node_modules\.bin\detect-libc.ps1' => '/home/u972026836/domains/digitalnotar.in/public_html/node_modules/.bin/detect-libc.ps1' [845]
. 2025-12-16 17:00:33.546 File: 'D:\busineshuboffline CHATGTP\TOGETHERSYSTEMS- GITHUB\Nieuwe map (3)\docs\multi-industry-docs\node_modules\.bin\markdown-it' [2025-12-16T02:41:34.329Z] [409]
. 2025-12-16 17:00:33.566 Copying "D:\busineshuboffline CHATGTP\TOGETHERSYSTEMS- GITHUB\Nieuwe map (3)\docs\multi-industry-docs\node_modules\.bin\markdown-it" to remote directory started.
. 2025-12-16 17:00:33.567 Binary transfer mode selected.
. 2025-12-16 17:00:33.567 Opening remote file.
> 2025-12-16 17:00:33.567 Type: SSH_FXP_OPEN, Size: 107, Number: 50435
< 2025-12-16 17:00:33.577 Type: SSH_FXP_HANDLE, Size: 13, Number: 50435
> 2025-12-16 17:00:33.577 Type: SSH_FXP_WRITE, Size: 434, Number: 50950
> 2025-12-16 17:00:33.586 Type: SSH_FXP_CLOSE, Size: 13, Number: 51204
> 2025-12-16 17:00:33.586 Type: SSH_FXP_SETSTAT, Size: 103, Number: 50697
< 2025-12-16 17:00:33.595 Type: SSH_FXP_STATUS, Size: 24, Number: 50950
< 2025-12-16 17:00:33.595 Status code: 0
< 2025-12-16 17:00:33.599 Type: SSH_FXP_STATUS, Size: 24, Number: 51204
< 2025-12-16 17:00:33.599 Status code: 0
. 2025-12-16 17:00:33.600 Preserving timestamp [2025-12-16T02:41:34.000Z]
< 2025-12-16 17:00:33.601 Type: SSH_FXP_STATUS, Size: 24, Number: 50697
< 2025-12-16 17:00:33.601 Status code: 0
. 2025-12-16 17:00:33.601 Transfer done: 'D:\busineshuboffline CHATGTP\TOGETHERSYSTEMS- GITHUB\Nieuwe map (3)\docs\multi-industry-docs\node_modules\.bin\markdown-it' => '/home/u972026836/domains/digitalnotar.in/public_html/node_modules/.bin/markdown-it' [409]
. 2025-12-16 17:00:33.601 File: 'D:\busineshuboffline CHATGTP\TOGETHERSYSTEMS- GITHUB\Nieuwe map (3)\docs\multi-industry-docs\node_modules\.bin\markdown-it.cmd' [2025-12-16T02:41:34.329Z] [335]
. 2025-12-16 17:00:33.651 Copying "D:\busineshuboffline CHATGTP\TOGETHERSYSTEMS- GITHUB\Nieuwe map (3)\docs\multi-industry-docs\node_modules\.bin\markdown-it.cmd" to remote directory started.
. 2025-12-16 17:00:33.651 Binary transfer mode selected.
. 2025-12-16 17:00:33.651 Opening remote file.
> 2025-12-16 17:00:33.651 Type: SSH_FXP_OPEN, Size: 111, Number: 51459
< 2025-12-16 17:00:33.663 Type: SSH_FXP_HANDLE, Size: 13, Number: 51459
> 2025-12-16 17:00:33.663 Type: SSH_FXP_WRITE, Size: 360, Number: 51974
> 2025-12-16 17:00:33.667 Type: SSH_FXP_CLOSE, Size: 13, Number: 52228
> 2025-12-16 17:00:33.667 Type: SSH_FXP_SETSTAT, Size: 107, Number: 51721
< 2025-12-16 17:00:33.678 Type: SSH_FXP_STATUS, Size: 24, Number: 51974
< 2025-12-16 17:00:33.678 Status code: 0
< 2025-12-16 17:00:33.683 Type: SSH_FXP_STATUS, Size: 24, Number: 52228
< 2025-12-16 17:00:33.683 Status code: 0
. 2025-12-16 17:00:33.683 Preserving timestamp [2025-12-16T02:41:34.000Z]
< 2025-12-16 17:00:33.686 Type: SSH_FXP_STATUS, Size: 24, Number: 51721
< 2025-12-16 17:00:33.686 Status code: 0
. 2025-12-16 17:00:33.686 Transfer done: 'D:\busineshuboffline CHATGTP\TOGETHERSYSTEMS- GITHUB\Nieuwe map (3)\docs\multi-industry-docs\node_modules\.bin\markdown-it.cmd' => '/home/u972026836/domains/digitalnotar.in/public_html/node_modules/.bin/markdown-it.cmd' [335]
. 2025-12-16 17:00:33.686 File: 'D:\busineshuboffline CHATGTP\TOGETHERSYSTEMS- GITHUB\Nieuwe map (3)\docs\multi-industry-docs\node_modules\.bin\markdown-it.ps1' [2025-12-16T02:41:34.329Z] [845]
. 2025-12-16 17:00:33.718 Copying "D:\busineshuboffline CHATGTP\TOGETHERSYSTEMS- GITHUB\Nieuwe map (3)\docs\multi-industry-docs\node_modules\.bin\markdown-it.ps1" to remote directory started.
. 2025-12-16 17:00:33.718 Binary transfer mode selected.
. 2025-12-16 17:00:33.718 Opening remote file.
> 2025-12-16 17:00:33.718 Type: SSH_FXP_OPEN, Size: 111, Number: 52483
< 2025-12-16 17:00:33.732 Type: SSH_FXP_HANDLE, Size: 13, Number: 52483
> 2025-12-16 17:00:33.733 Type: SSH_FXP_WRITE, Size: 870, Number: 52998
> 2025-12-16 17:00:33.733 Type: SSH_FXP_CLOSE, Size: 13, Number: 53252
> 2025-12-16 17:00:33.733 Type: SSH_FXP_SETSTAT, Size: 107, Number: 52745
< 2025-12-16 17:00:33.742 Type: SSH_FXP_STATUS, Size: 24, Number: 52998
< 2025-12-16 17:00:33.742 Status code: 0
< 2025-12-16 17:00:33.742 Type: SSH_FXP_STATUS, Size: 24, Number: 53252
< 2025-12-16 17:00:33.742 Status code: 0
. 2025-12-16 17:00:33.742 Preserving timestamp [2025-12-16T02:41:34.000Z]
< 2025-12-16 17:00:33.752 Type: SSH_FXP_STATUS, Size: 24, Number: 52745
< 2025-12-16 17:00:33.752 Status code: 0
. 2025-12-16 17:00:33.752 Transfer done: 'D:\busineshuboffline CHATGTP\TOGETHERSYSTEMS- GITHUB\Nieuwe map (3)\docs\multi-industry-docs\node_modules\.bin\markdown-it.ps1' => '/home/u972026836/domains/digitalnotar.in/public_html/node_modules/.bin/markdown-it.ps1' [845]
. 2025-12-16 17:00:33.752 File: 'D:\busineshuboffline CHATGTP\TOGETHERSYSTEMS- GITHUB\Nieuwe map (3)\docs\multi-industry-docs\node_modules\.bin\mkdirp' [2025-12-16T02:41:34.329Z] [401]
. 2025-12-16 17:00:33.778 Copying "D:\busineshuboffline CHATGTP\TOGETHERSYSTEMS- GITHUB\Nieuwe map (3)\docs\multi-industry-docs\node_modules\.bin\mkdirp" to remote directory started.
. 2025-12-16 17:00:33.782 Binary transfer mode selected.
. 2025-12-16 17:00:33.782 Opening remote file.
> 2025-12-16 17:00:33.782 Type: SSH_FXP_OPEN, Size: 102, Number: 53507
< 2025-12-16 17:00:33.794 Type: SSH_FXP_HANDLE, Size: 13, Number: 53507
> 2025-12-16 17:00:33.794 Type: SSH_FXP_WRITE, Size: 426, Number: 54022
> 2025-12-16 17:00:33.815 Type: SSH_FXP_CLOSE, Size: 13, Number: 54276
> 2025-12-16 17:00:33.815 Type: SSH_FXP_SETSTAT, Size: 98, Number: 53769
< 2025-12-16 17:00:33.826 Type: SSH_FXP_STATUS, Size: 24, Number: 54022
< 2025-12-16 17:00:33.826 Status code: 0
< 2025-12-16 17:00:33.832 Type: SSH_FXP_STATUS, Size: 24, Number: 54276
< 2025-12-16 17:00:33.832 Status code: 0
. 2025-12-16 17:00:33.832 Preserving timestamp [2025-12-16T02:41:34.000Z]
< 2025-12-16 17:00:33.834 Type: SSH_FXP_STATUS, Size: 24, Number: 53769
< 2025-12-16 17:00:33.835 Status code: 0
. 2025-12-16 17:00:33.835 Transfer done: 'D:\busineshuboffline CHATGTP\TOGETHERSYSTEMS- GITHUB\Nieuwe map (3)\docs\multi-industry-docs\node_modules\.bin\mkdirp' => '/home/u972026836/domains/digitalnotar.in/public_html/node_modules/.bin/mkdirp' [401]
. 2025-12-16 17:00:33.835 File: 'D:\busineshuboffline CHATGTP\TOGETHERSYSTEMS- GITHUB\Nieuwe map (3)\docs\multi-industry-docs\node_modules\.bin\mkdirp.cmd' [2025-12-16T02:41:34.329Z] [331]
. 2025-12-16 17:00:33.883 Copying "D:\busineshuboffline CHATGTP\TOGETHERSYSTEMS- GITHUB\Nieuwe map (3)\docs\multi-industry-docs\node_modules\.bin\mkdirp.cmd" to remote directory started.
. 2025-12-16 17:00:33.884 Binary transfer mode selected.
. 2025-12-16 17:00:33.884 Opening remote file.
> 2025-12-16 17:00:33.884 Type: SSH_FXP_OPEN, Size: 106, Number: 54531
< 2025-12-16 17:00:33.892 Type: SSH_FXP_HANDLE, Size: 13, Number: 54531
> 2025-12-16 17:00:33.892 Type: SSH_FXP_WRITE, Size: 356, Number: 55046
> 2025-12-16 17:00:33.895 Type: SSH_FXP_CLOSE, Size: 13, Number: 55300
> 2025-12-16 17:00:33.895 Type: SSH_FXP_SETSTAT, Size: 102, Number: 54793
< 2025-12-16 17:00:33.901 Type: SSH_FXP_STATUS, Size: 24, Number: 55046
< 2025-12-16 17:00:33.901 Status code: 0
< 2025-12-16 17:00:33.903 Type: SSH_FXP_STATUS, Size: 24, Number: 55300
< 2025-12-16 17:00:33.903 Status code: 0
. 2025-12-16 17:00:33.903 Preserving timestamp [2025-12-16T02:41:34.000Z]
< 2025-12-16 17:00:33.911 Type: SSH_FXP_STATUS, Size: 24, Number: 54793
< 2025-12-16 17:00:33.911 Status code: 0
. 2025-12-16 17:00:33.911 Transfer done: 'D:\busineshuboffline CHATGTP\TOGETHERSYSTEMS- GITHUB\Nieuwe map (3)\docs\multi-industry-docs\node_modules\.bin\mkdirp.cmd' => '/home/u972026836/domains/digitalnotar.in/public_html/node_modules/.bin/mkdirp.cmd' [331]
. 2025-12-16 17:00:33.911 File: 'D:\busineshuboffline CHATGTP\TOGETHERSYSTEMS- GITHUB\Nieuwe map (3)\docs\multi-industry-docs\node_modules\.bin\mkdirp.ps1' [2025-12-16T02:41:34.329Z] [829]
. 2025-12-16 17:00:33.948 Copying "D:\busineshuboffline CHATGTP\TOGETHERSYSTEMS- GITHUB\Nieuwe map (3)\docs\multi-industry-docs\node_modules\.bin\mkdirp.ps1" to remote directory started.
. 2025-12-16 17:00:33.949 Binary transfer mode selected.
. 2025-12-16 17:00:33.949 Opening remote file.
> 2025-12-16 17:00:33.949 Type: SSH_FXP_OPEN, Size: 106, Number: 55555
< 2025-12-16 17:00:33.969 Type: SSH_FXP_HANDLE, Size: 13, Number: 55555
> 2025-12-16 17:00:33.969 Type: SSH_FXP_WRITE, Size: 854, Number: 56070
> 2025-12-16 17:00:33.981 Type: SSH_FXP_CLOSE, Size: 13, Number: 56324
> 2025-12-16 17:00:33.981 Type: SSH_FXP_SETSTAT, Size: 102, Number: 55817
< 2025-12-16 17:00:33.989 Type: SSH_FXP_STATUS, Size: 24, Number: 56070
< 2025-12-16 17:00:33.989 Status code: 0
< 2025-12-16 17:00:33.989 Type: SSH_FXP_STATUS, Size: 24, Number: 56324
< 2025-12-16 17:00:33.989 Status code: 0
. 2025-12-16 17:00:33.989 Preserving timestamp [2025-12-16T02:41:34.000Z]
< 2025-12-16 17:00:33.996 Type: SSH_FXP_STATUS, Size: 24, Number: 55817
< 2025-12-16 17:00:33.997 Status code: 0
. 2025-12-16 17:00:33.997 Transfer done: 'D:\busineshuboffline CHATGTP\TOGETHERSYSTEMS- GITHUB\Nieuwe map (3)\docs\multi-industry-docs\node_modules\.bin\mkdirp.ps1' => '/home/u972026836/domains/digitalnotar.in/public_html/node_modules/.bin/mkdirp.ps1' [829]
. 2025-12-16 17:00:33.997 File: 'D:\busineshuboffline CHATGTP\TOGETHERSYSTEMS- GITHUB\Nieuwe map (3)\docs\multi-industry-docs\node_modules\.bin\nanoid' [2025-12-16T02:41:34.329Z] [391]
. 2025-12-16 17:00:34.016 Copying "D:\busineshuboffline CHATGTP\TOGETHERSYSTEMS- GITHUB\Nieuwe map (3)\docs\multi-industry-docs\node_modules\.bin\nanoid" to remote directory started.
. 2025-12-16 17:00:34.016 Binary transfer mode selected.
. 2025-12-16 17:00:34.016 Opening remote file.
> 2025-12-16 17:00:34.016 Type: SSH_FXP_OPEN, Size: 102, Number: 56579
< 2025-12-16 17:00:34.031 Type: SSH_FXP_HANDLE, Size: 13, Number: 56579
> 2025-12-16 17:00:34.032 Type: SSH_FXP_WRITE, Size: 416, Number: 57094
> 2025-12-16 17:00:34.032 Type: SSH_FXP_CLOSE, Size: 13, Number: 57348
> 2025-12-16 17:00:34.032 Type: SSH_FXP_SETSTAT, Size: 98, Number: 56841
< 2025-12-16 17:00:34.046 Type: SSH_FXP_STATUS, Size: 24, Number: 57094
< 2025-12-16 17:00:34.046 Status code: 0
< 2025-12-16 17:00:34.100 Type: SSH_FXP_STATUS, Size: 24, Number: 57348
< 2025-12-16 17:00:34.100 Status code: 0
. 2025-12-16 17:00:34.101 Preserving timestamp [2025-12-16T02:41:34.000Z]
< 2025-12-16 17:00:34.101 Type: SSH_FXP_STATUS, Size: 24, Number: 56841
< 2025-12-16 17:00:34.101 Status code: 0
. 2025-12-16 17:00:34.101 Transfer done: 'D:\busineshuboffline CHATGTP\TOGETHERSYSTEMS- GITHUB\Nieuwe map (3)\docs\multi-industry-docs\node_modules\.bin\nanoid' => '/home/u972026836/domains/digitalnotar.in/public_html/node_modules/.bin/nanoid' [391]
. 2025-12-16 17:00:34.101 File: 'D:\busineshuboffline CHATGTP\TOGETHERSYSTEMS- GITHUB\Nieuwe map (3)\docs\multi-industry-docs\node_modules\.bin\nanoid.cmd' [2025-12-16T02:41:34.329Z] [326]
. 2025-12-16 17:00:34.169 Copying "D:\busineshuboffline CHATGTP\TOGETHERSYSTEMS- GITHUB\Nieuwe map (3)\docs\multi-industry-docs\node_modules\.bin\nanoid.cmd" to remote directory started.
. 2025-12-16 17:00:34.169 Binary transfer mode selected.
. 2025-12-16 17:00:34.169 Opening remote file.
> 2025-12-16 17:00:34.169 Type: SSH_FXP_OPEN, Size: 106, Number: 57603
< 2025-12-16 17:00:34.179 Type: SSH_FXP_HANDLE, Size: 13, Number: 57603
> 2025-12-16 17:00:34.180 Type: SSH_FXP_WRITE, Size: 351, Number: 58118
> 2025-12-16 17:00:34.181 Type: SSH_FXP_CLOSE, Size: 13, Number: 58372
> 2025-12-16 17:00:34.181 Type: SSH_FXP_SETSTAT, Size: 102, Number: 57865
< 2025-12-16 17:00:34.192 Type: SSH_FXP_STATUS, Size: 24, Number: 58118
< 2025-12-16 17:00:34.192 Status code: 0
< 2025-12-16 17:00:34.192 Type: SSH_FXP_STATUS, Size: 24, Number: 58372
< 2025-12-16 17:00:34.192 Status code: 0
. 2025-12-16 17:00:34.192 Preserving timestamp [2025-12-16T02:41:34.000Z]
< 2025-12-16 17:00:34.199 Type: SSH_FXP_STATUS, Size: 24, Number: 57865
< 2025-12-16 17:00:34.199 Status code: 0
. 2025-12-16 17:00:34.199 Transfer done: 'D:\busineshuboffline CHATGTP\TOGETHERSYSTEMS- GITHUB\Nieuwe map (3)\docs\multi-industry-docs\node_modules\.bin\nanoid.cmd' => '/home/u972026836/domains/digitalnotar.in/public_html/node_modules/.bin/nanoid.cmd' [326]
. 2025-12-16 17:00:34.199 File: 'D:\busineshuboffline CHATGTP\TOGETHERSYSTEMS- GITHUB\Nieuwe map (3)\docs\multi-industry-docs\node_modules\.bin\nanoid.ps1' [2025-12-16T02:41:34.329Z] [809]
. 2025-12-16 17:00:34.231 Copying "D:\busineshuboffline CHATGTP\TOGETHERSYSTEMS- GITHUB\Nieuwe map (3)\docs\multi-industry-docs\node_modules\.bin\nanoid.ps1" to remote directory started.
. 2025-12-16 17:00:34.231 Binary transfer mode selected.
. 2025-12-16 17:00:34.231 Opening remote file.
> 2025-12-16 17:00:34.231 Type: SSH_FXP_OPEN, Size: 106, Number: 58627
< 2025-12-16 17:00:34.239 Type: SSH_FXP_HANDLE, Size: 13, Number: 58627
> 2025-12-16 17:00:34.239 Type: SSH_FXP_WRITE, Size: 834, Number: 59142
> 2025-12-16 17:00:34.250 Type: SSH_FXP_CLOSE, Size: 13, Number: 59396
> 2025-12-16 17:00:34.250 Type: SSH_FXP_SETSTAT, Size: 102, Number: 58889
< 2025-12-16 17:00:34.260 Type: SSH_FXP_STATUS, Size: 24, Number: 59142
< 2025-12-16 17:00:34.260 Status code: 0
< 2025-12-16 17:00:34.287 Type: SSH_FXP_STATUS, Size: 24, Number: 59396
< 2025-12-16 17:00:34.288 Status code: 0
. 2025-12-16 17:00:34.304 Preserving timestamp [2025-12-16T02:41:34.000Z]
< 2025-12-16 17:00:34.304 Type: SSH_FXP_STATUS, Size: 24, Number: 58889
< 2025-12-16 17:00:34.304 Status code: 0
. 2025-12-16 17:00:34.304 Transfer done: 'D:\busineshuboffline CHATGTP\TOGETHERSYSTEMS- GITHUB\Nieuwe map (3)\docs\multi-industry-docs\node_modules\.bin\nanoid.ps1' => '/home/u972026836/domains/digitalnotar.in/public_html/node_modules/.bin/nanoid.ps1' [809]
. 2025-12-16 17:00:34.304 File: 'D:\busineshuboffline CHATGTP\TOGETHERSYSTEMS- GITHUB\Nieuwe map (3)\docs\multi-industry-docs\node_modules\.bin\nodemon' [2025-12-16T02:41:34.329Z] [393]
. 2025-12-16 17:00:34.321 Copying "D:\busineshuboffline CHATGTP\TOGETHERSYSTEMS- GITHUB\Nieuwe map (3)\docs\multi-industry-docs\node_modules\.bin\nodemon" to remote directory started.
. 2025-12-16 17:00:34.322 Binary transfer mode selected.
. 2025-12-16 17:00:34.322 Opening remote file.
> 2025-12-16 17:00:34.322 Type: SSH_FXP_OPEN, Size: 103, Number: 59651
< 2025-12-16 17:00:34.330 Type: SSH_FXP_HANDLE, Size: 13, Number: 59651
> 2025-12-16 17:00:34.331 Type: SSH_FXP_WRITE, Size: 418, Number: 60166
> 2025-12-16 17:00:34.331 Type: SSH_FXP_CLOSE, Size: 13, Number: 60420
> 2025-12-16 17:00:34.331 Type: SSH_FXP_SETSTAT, Size: 99, Number: 59913
< 2025-12-16 17:00:34.339 Type: SSH_FXP_STATUS, Size: 24, Number: 60166
< 2025-12-16 17:00:34.339 Status code: 0
< 2025-12-16 17:00:34.339 Type: SSH_FXP_STATUS, Size: 24, Number: 60420
< 2025-12-16 17:00:34.339 Status code: 0
. 2025-12-16 17:00:34.339 Preserving timestamp [2025-12-16T02:41:34.000Z]
< 2025-12-16 17:00:34.346 Type: SSH_FXP_STATUS, Size: 24, Number: 59913
< 2025-12-16 17:00:34.346 Status code: 0
. 2025-12-16 17:00:34.346 Transfer done: 'D:\busineshuboffline CHATGTP\TOGETHERSYSTEMS- GITHUB\Nieuwe map (3)\docs\multi-industry-docs\node_modules\.bin\nodemon' => '/home/u972026836/domains/digitalnotar.in/public_html/node_modules/.bin/nodemon' [393]
. 2025-12-16 17:00:34.346 File: 'D:\busineshuboffline CHATGTP\TOGETHERSYSTEMS- GITHUB\Nieuwe map (3)\docs\multi-industry-docs\node_modules\.bin\nodemon.cmd' [2025-12-16T02:41:34.329Z] [327]
. 2025-12-16 17:00:34.394 Copying "D:\busineshuboffline CHATGTP\TOGETHERSYSTEMS- GITHUB\Nieuwe map (3)\docs\multi-industry-docs\node_modules\.bin\nodemon.cmd" to remote directory started.
. 2025-12-16 17:00:34.396 Binary transfer mode selected.
. 2025-12-16 17:00:34.396 Opening remote file.
> 2025-12-16 17:00:34.396 Type: SSH_FXP_OPEN, Size: 107, Number: 60675
< 2025-12-16 17:00:34.403 Type: SSH_FXP_HANDLE, Size: 13, Number: 60675
> 2025-12-16 17:00:34.403 Type: SSH_FXP_WRITE, Size: 352, Number: 61190
> 2025-12-16 17:00:34.405 Type: SSH_FXP_CLOSE, Size: 13, Number: 61444
> 2025-12-16 17:00:34.405 Type: SSH_FXP_SETSTAT, Size: 103, Number: 60937
< 2025-12-16 17:00:34.415 Type: SSH_FXP_STATUS, Size: 24, Number: 61190
< 2025-12-16 17:00:34.416 Status code: 0
< 2025-12-16 17:00:34.416 Type: SSH_FXP_STATUS, Size: 24, Number: 61444
< 2025-12-16 17:00:34.416 Status code: 0
. 2025-12-16 17:00:34.416 Preserving timestamp [2025-12-16T02:41:34.000Z]
< 2025-12-16 17:00:34.424 Type: SSH_FXP_STATUS, Size: 24, Number: 60937
< 2025-12-16 17:00:34.424 Status code: 0
. 2025-12-16 17:00:34.424 Transfer done: 'D:\busineshuboffline CHATGTP\TOGETHERSYSTEMS- GITHUB\Nieuwe map (3)\docs\multi-industry-docs\node_modules\.bin\nodemon.cmd' => '/home/u972026836/domains/digitalnotar.in/public_html/node_modules/.bin/nodemon.cmd' [327]
. 2025-12-16 17:00:34.424 File: 'D:\busineshuboffline CHATGTP\TOGETHERSYSTEMS- GITHUB\Nieuwe map (3)\docs\multi-industry-docs\node_modules\.bin\nodemon.ps1' [2025-12-16T02:41:34.329Z] [813]
. 2025-12-16 17:00:34.463 Copying "D:\busineshuboffline CHATGTP\TOGETHERSYSTEMS- GITHUB\Nieuwe map (3)\docs\multi-industry-docs\node_modules\.bin\nodemon.ps1" to remote directory started.
. 2025-12-16 17:00:34.463 Binary transfer mode selected.
. 2025-12-16 17:00:34.463 Opening remote file.
> 2025-12-16 17:00:34.463 Type: SSH_FXP_OPEN, Size: 107, Number: 61699
< 2025-12-16 17:00:34.471 Type: SSH_FXP_HANDLE, Size: 13, Number: 61699
> 2025-12-16 17:00:34.471 Type: SSH_FXP_WRITE, Size: 838, Number: 62214
> 2025-12-16 17:00:34.471 Type: SSH_FXP_CLOSE, Size: 13, Number: 62468
> 2025-12-16 17:00:34.471 Type: SSH_FXP_SETSTAT, Size: 103, Number: 61961
< 2025-12-16 17:00:34.480 Type: SSH_FXP_STATUS, Size: 24, Number: 62214
< 2025-12-16 17:00:34.480 Status code: 0
< 2025-12-16 17:00:34.480 Type: SSH_FXP_STATUS, Size: 24, Number: 62468
< 2025-12-16 17:00:34.481 Status code: 0
. 2025-12-16 17:00:34.481 Preserving timestamp [2025-12-16T02:41:34.000Z]
< 2025-12-16 17:00:34.487 Type: SSH_FXP_STATUS, Size: 24, Number: 61961
< 2025-12-16 17:00:34.487 Status code: 0
. 2025-12-16 17:00:34.487 Transfer done: 'D:\busineshuboffline CHATGTP\TOGETHERSYSTEMS- GITHUB\Nieuwe map (3)\docs\multi-industry-docs\node_modules\.bin\nodemon.ps1' => '/home/u972026836/domains/digitalnotar.in/public_html/node_modules/.bin/nodemon.ps1' [813]
. 2025-12-16 17:00:34.487 File: 'D:\busineshuboffline CHATGTP\TOGETHERSYSTEMS- GITHUB\Nieuwe map (3)\docs\multi-industry-docs\node_modules\.bin\nodetouch' [2025-12-16T02:41:34.634Z] [393]
. 2025-12-16 17:00:34.505 Copying "D:\busineshuboffline CHATGTP\TOGETHERSYSTEMS- GITHUB\Nieuwe map (3)\docs\multi-industry-docs\node_modules\.bin\nodetouch" to remote directory started.
. 2025-12-16 17:00:34.505 Binary transfer mode selected.
. 2025-12-16 17:00:34.505 Opening remote file.
> 2025-12-16 17:00:34.505 Type: SSH_FXP_OPEN, Size: 105, Number: 62723
< 2025-12-16 17:00:34.512 Type: SSH_FXP_HANDLE, Size: 13, Number: 62723
> 2025-12-16 17:00:34.513 Type: SSH_FXP_WRITE, Size: 418, Number: 63238
> 2025-12-16 17:00:34.513 Type: SSH_FXP_CLOSE, Size: 13, Number: 63492
> 2025-12-16 17:00:34.513 Type: SSH_FXP_SETSTAT, Size: 101, Number: 62985
< 2025-12-16 17:00:34.521 Type: SSH_FXP_STATUS, Size: 24, Number: 63238
< 2025-12-16 17:00:34.521 Status code: 0
< 2025-12-16 17:00:34.521 Type: SSH_FXP_STATUS, Size: 24, Number: 63492
< 2025-12-16 17:00:34.521 Status code: 0
. 2025-12-16 17:00:34.521 Preserving timestamp [2025-12-16T02:41:34.000Z]
< 2025-12-16 17:00:34.534 Type: SSH_FXP_STATUS, Size: 24, Number: 62985
< 2025-12-16 17:00:34.534 Status code: 0
. 2025-12-16 17:00:34.534 Transfer done: 'D:\busineshuboffline CHATGTP\TOGETHERSYSTEMS- GITHUB\Nieuwe map (3)\docs\multi-industry-docs\node_modules\.bin\nodetouch' => '/home/u972026836/domains/digitalnotar.in/public_html/node_modules/.bin/nodetouch' [393]
. 2025-12-16 17:00:34.535 File: 'D:\busineshuboffline CHATGTP\TOGETHERSYSTEMS- GITHUB\Nieuwe map (3)\docs\multi-industry-docs\node_modules\.bin\nodetouch.cmd' [2025-12-16T02:41:34.634Z] [327]
. 2025-12-16 17:00:34.583 Copying "D:\busineshuboffline CHATGTP\TOGETHERSYSTEMS- GITHUB\Nieuwe map (3)\docs\multi-industry-docs\node_modules\.bin\nodetouch.cmd" to remote directory started.
. 2025-12-16 17:00:34.583 Binary transfer mode selected.
. 2025-12-16 17:00:34.583 Opening remote file.
> 2025-12-16 17:00:34.583 Type: SSH_FXP_OPEN, Size: 109, Number: 63747
< 2025-12-16 17:00:34.593 Type: SSH_FXP_HANDLE, Size: 13, Number: 63747
> 2025-12-16 17:00:34.593 Type: SSH_FXP_WRITE, Size: 352, Number: 64262
> 2025-12-16 17:00:34.602 Type: SSH_FXP_CLOSE, Size: 13, Number: 64516
> 2025-12-16 17:00:34.602 Type: SSH_FXP_SETSTAT, Size: 105, Number: 64009
< 2025-12-16 17:00:34.611 Type: SSH_FXP_STATUS, Size: 24, Number: 64262
< 2025-12-16 17:00:34.611 Status code: 0
< 2025-12-16 17:00:34.617 Type: SSH_FXP_STATUS, Size: 24, Number: 64516
< 2025-12-16 17:00:34.617 Status code: 0
. 2025-12-16 17:00:34.618 Preserving timestamp [2025-12-16T02:41:34.000Z]
< 2025-12-16 17:00:34.618 Type: SSH_FXP_STATUS, Size: 24, Number: 64009
< 2025-12-16 17:00:34.618 Status code: 0
. 2025-12-16 17:00:34.618 Transfer done: 'D:\busineshuboffline CHATGTP\TOGETHERSYSTEMS- GITHUB\Nieuwe map (3)\docs\multi-industry-docs\node_modules\.bin\nodetouch.cmd' => '/home/u972026836/domains/digitalnotar.in/public_html/node_modules/.bin/nodetouch.cmd' [327]
. 2025-12-16 17:00:34.618 File: 'D:\busineshuboffline CHATGTP\TOGETHERSYSTEMS- GITHUB\Nieuwe map (3)\docs\multi-industry-docs\node_modules\.bin\nodetouch.ps1' [2025-12-16T02:41:34.632Z] [813]
. 2025-12-16 17:00:34.654 Copying "D:\busineshuboffline CHATGTP\TOGETHERSYSTEMS- GITHUB\Nieuwe map (3)\docs\multi-industry-docs\node_modules\.bin\nodetouch.ps1" to remote directory started.
. 2025-12-16 17:00:34.654 Binary transfer mode selected.
. 2025-12-16 17:00:34.654 Opening remote file.
> 2025-12-16 17:00:34.655 Type: SSH_FXP_OPEN, Size: 109, Number: 64771
< 2025-12-16 17:00:34.663 Type: SSH_FXP_HANDLE, Size: 13, Number: 64771
> 2025-12-16 17:00:34.663 Type: SSH_FXP_WRITE, Size: 838, Number: 65286
> 2025-12-16 17:00:34.668 Type: SSH_FXP_CLOSE, Size: 13, Number: 65540
> 2025-12-16 17:00:34.668 Type: SSH_FXP_SETSTAT, Size: 105, Number: 65033
< 2025-12-16 17:00:34.680 Type: SSH_FXP_STATUS, Size: 24, Number: 65286
< 2025-12-16 17:00:34.680 Status code: 0
< 2025-12-16 17:00:34.697 Type: SSH_FXP_STATUS, Size: 24, Number: 65540
< 2025-12-16 17:00:34.697 Status code: 0
. 2025-12-16 17:00:34.697 Preserving timestamp [2025-12-16T02:41:34.000Z]
< 2025-12-16 17:00:34.697 Type: SSH_FXP_STATUS, Size: 24, Number: 65033
< 2025-12-16 17:00:34.697 Status code: 0
. 2025-12-16 17:00:34.697 Transfer done: 'D:\busineshuboffline CHATGTP\TOGETHERSYSTEMS- GITHUB\Nieuwe map (3)\docs\multi-industry-docs\node_modules\.bin\nodetouch.ps1' => '/home/u972026836/domains/digitalnotar.in/public_html/node_modules/.bin/nodetouch.ps1' [813]
. 2025-12-16 17:00:34.697 File: 'D:\busineshuboffline CHATGTP\TOGETHERSYSTEMS- GITHUB\Nieuwe map (3)\docs\multi-industry-docs\node_modules\.bin\nunjucks-precompile' [2025-12-16T02:41:34.329Z] [395]
. 2025-12-16 17:00:34.717 Copying "D:\busineshuboffline CHATGTP\TOGETHERSYSTEMS- GITHUB\Nieuwe map (3)\docs\multi-industry-docs\node_modules\.bin\nunjucks-precompile" to remote directory started.
. 2025-12-16 17:00:34.717 Binary transfer mode selected.
. 2025-12-16 17:00:34.717 Opening remote file.
> 2025-12-16 17:00:34.717 Type: SSH_FXP_OPEN, Size: 115, Number: 65795
< 2025-12-16 17:00:34.727 Type: SSH_FXP_HANDLE, Size: 13, Number: 65795
> 2025-12-16 17:00:34.727 Type: SSH_FXP_WRITE, Size: 420, Number: 66310
> 2025-12-16 17:00:34.731 Type: SSH_FXP_CLOSE, Size: 13, Number: 66564
> 2025-12-16 17:00:34.731 Type: SSH_FXP_SETSTAT, Size: 111, Number: 66057
< 2025-12-16 17:00:34.742 Type: SSH_FXP_STATUS, Size: 24, Number: 66310
< 2025-12-16 17:00:34.742 Status code: 0
< 2025-12-16 17:00:34.742 Type: SSH_FXP_STATUS, Size: 24, Number: 66564
< 2025-12-16 17:00:34.742 Status code: 0
. 2025-12-16 17:00:34.742 Preserving timestamp [2025-12-16T02:41:34.000Z]
< 2025-12-16 17:00:34.750 Type: SSH_FXP_STATUS, Size: 24, Number: 66057
< 2025-12-16 17:00:34.750 Status code: 0
. 2025-12-16 17:00:34.750 Transfer done: 'D:\busineshuboffline CHATGTP\TOGETHERSYSTEMS- GITHUB\Nieuwe map (3)\docs\multi-industry-docs\node_modules\.bin\nunjucks-precompile' => '/home/u972026836/domains/digitalnotar.in/public_html/node_modules/.bin/nunjucks-precompile' [395]
. 2025-12-16 17:00:34.750 File: 'D:\busineshuboffline CHATGTP\TOGETHERSYSTEMS- GITHUB\Nieuwe map (3)\docs\multi-industry-docs\node_modules\.bin\nunjucks-precompile.cmd' [2025-12-16T02:41:34.329Z] [328]
. 2025-12-16 17:00:34.962 Copying "D:\busineshuboffline CHATGTP\TOGETHERSYSTEMS- GITHUB\Nieuwe map (3)\docs\multi-industry-docs\node_modules\.bin\nunjucks-precompile.cmd" to remote directory started.
. 2025-12-16 17:00:34.969 Binary transfer mode selected.
. 2025-12-16 17:00:34.969 Opening remote file.
> 2025-12-16 17:00:34.969 Type: SSH_FXP_OPEN, Size: 119, Number: 66819
< 2025-12-16 17:00:34.987 Type: SSH_FXP_HANDLE, Size: 13, Number: 66819
> 2025-12-16 17:00:34.987 Type: SSH_FXP_WRITE, Size: 353, Number: 67334
> 2025-12-16 17:00:35.015 Type: SSH_FXP_CLOSE, Size: 13, Number: 67588
> 2025-12-16 17:00:35.015 Type: SSH_FXP_SETSTAT, Size: 115, Number: 67081
< 2025-12-16 17:00:35.023 Type: SSH_FXP_STATUS, Size: 24, Number: 67334
< 2025-12-16 17:00:35.023 Status code: 0
< 2025-12-16 17:00:35.050 Type: SSH_FXP_STATUS, Size: 24, Number: 67588
< 2025-12-16 17:00:35.050 Status code: 0
. 2025-12-16 17:00:35.050 Preserving timestamp [2025-12-16T02:41:34.000Z]
< 2025-12-16 17:00:35.050 Type: SSH_FXP_STATUS, Size: 24, Number: 67081
< 2025-12-16 17:00:35.050 Status code: 0
. 2025-12-16 17:00:35.050 Transfer done: 'D:\busineshuboffline CHATGTP\TOGETHERSYSTEMS- GITHUB\Nieuwe map (3)\docs\multi-industry-docs\node_modules\.bin\nunjucks-precompile.cmd' => '/home/u972026836/domains/digitalnotar.in/public_html/node_modules/.bin/nunjucks-precompile.cmd' [328]
. 2025-12-16 17:00:35.051 File: 'D:\busineshuboffline CHATGTP\TOGETHERSYSTEMS- GITHUB\Nieuwe map (3)\docs\multi-industry-docs\node_modules\.bin\nunjucks-precompile.ps1' [2025-12-16T02:41:34.329Z] [817]
. 2025-12-16 17:00:35.444 Copying "D:\busineshuboffline CHATGTP\TOGETHERSYSTEMS- GITHUB\Nieuwe map (3)\docs\multi-industry-docs\node_modules\.bin\nunjucks-precompile.ps1" to remote directory started.
. 2025-12-16 17:00:35.555 Binary transfer mode selected.
. 2025-12-16 17:00:35.555 Opening remote file.
> 2025-12-16 17:00:35.555 Type: SSH_FXP_OPEN, Size: 119, Number: 67843
< 2025-12-16 17:00:35.563 Type: SSH_FXP_HANDLE, Size: 13, Number: 67843
> 2025-12-16 17:00:35.563 Type: SSH_FXP_WRITE, Size: 842, Number: 68358
> 2025-12-16 17:00:35.571 Type: SSH_FXP_CLOSE, Size: 13, Number: 68612
> 2025-12-16 17:00:35.571 Type: SSH_FXP_SETSTAT, Size: 115, Number: 68105
< 2025-12-16 17:00:35.578 Type: SSH_FXP_STATUS, Size: 24, Number: 68358
< 2025-12-16 17:00:35.578 Status code: 0
< 2025-12-16 17:00:35.578 Type: SSH_FXP_STATUS, Size: 24, Number: 68612
< 2025-12-16 17:00:35.578 Status code: 0
. 2025-12-16 17:00:35.578 Preserving timestamp [2025-12-16T02:41:34.000Z]
< 2025-12-16 17:00:35.587 Type: SSH_FXP_STATUS, Size: 24, Number: 68105
< 2025-12-16 17:00:35.587 Status code: 0
. 2025-12-16 17:00:35.587 Transfer done: 'D:\busineshuboffline CHATGTP\TOGETHERSYSTEMS- GITHUB\Nieuwe map (3)\docs\multi-industry-docs\node_modules\.bin\nunjucks-precompile.ps1' => '/home/u972026836/domains/digitalnotar.in/public_html/node_modules/.bin/nunjucks-precompile.ps1' [817]
. 2025-12-16 17:00:35.587 File: 'D:\busineshuboffline CHATGTP\TOGETHERSYSTEMS- GITHUB\Nieuwe map (3)\docs\multi-industry-docs\node_modules\.bin\sass' [2025-12-16T02:41:34.330Z] [373]
. 2025-12-16 17:00:35.621 Copying "D:\busineshuboffline CHATGTP\TOGETHERSYSTEMS- GITHUB\Nieuwe map (3)\docs\multi-industry-docs\node_modules\.bin\sass" to remote directory started.
. 2025-12-16 17:00:35.646 Binary transfer mode selected.
. 2025-12-16 17:00:35.646 Opening remote file.
> 2025-12-16 17:00:35.646 Type: SSH_FXP_OPEN, Size: 100, Number: 68867
< 2025-12-16 17:00:35.663 Type: SSH_FXP_HANDLE, Size: 13, Number: 68867
> 2025-12-16 17:00:35.663 Type: SSH_FXP_WRITE, Size: 398, Number: 69382
> 2025-12-16 17:00:35.681 Type: SSH_FXP_CLOSE, Size: 13, Number: 69636
> 2025-12-16 17:00:35.681 Type: SSH_FXP_SETSTAT, Size: 96, Number: 69129
< 2025-12-16 17:00:35.695 Type: SSH_FXP_STATUS, Size: 24, Number: 69382
< 2025-12-16 17:00:35.695 Status code: 0
< 2025-12-16 17:00:35.718 Type: SSH_FXP_STATUS, Size: 24, Number: 69636
< 2025-12-16 17:00:35.718 Status code: 0
. 2025-12-16 17:00:35.730 Preserving timestamp [2025-12-16T02:41:34.000Z]
< 2025-12-16 17:00:35.730 Type: SSH_FXP_STATUS, Size: 24, Number: 69129
< 2025-12-16 17:00:35.730 Status code: 0
. 2025-12-16 17:00:35.730 Transfer done: 'D:\busineshuboffline CHATGTP\TOGETHERSYSTEMS- GITHUB\Nieuwe map (3)\docs\multi-industry-docs\node_modules\.bin\sass' => '/home/u972026836/domains/digitalnotar.in/public_html/node_modules/.bin/sass' [373]
. 2025-12-16 17:00:35.730 File: 'D:\busineshuboffline CHATGTP\TOGETHERSYSTEMS- GITHUB\Nieuwe map (3)\docs\multi-industry-docs\node_modules\.bin\sass.cmd' [2025-12-16T02:41:34.330Z] [317]
. 2025-12-16 17:00:35.900 Copying "D:\busineshuboffline CHATGTP\TOGETHERSYSTEMS- GITHUB\Nieuwe map (3)\docs\multi-industry-docs\node_modules\.bin\sass.cmd" to remote directory started.
. 2025-12-16 17:00:35.915 Binary transfer mode selected.
. 2025-12-16 17:00:35.915 Opening remote file.
> 2025-12-16 17:00:35.915 Type: SSH_FXP_OPEN, Size: 104, Number: 69891
< 2025-12-16 17:00:35.927 Type: SSH_FXP_HANDLE, Size: 13, Number: 69891
> 2025-12-16 17:00:35.927 Type: SSH_FXP_WRITE, Size: 342, Number: 70406
> 2025-12-16 17:00:35.960 Type: SSH_FXP_CLOSE, Size: 13, Number: 70660
> 2025-12-16 17:00:35.960 Type: SSH_FXP_SETSTAT, Size: 100, Number: 70153
< 2025-12-16 17:00:35.968 Type: SSH_FXP_STATUS, Size: 24, Number: 70406
< 2025-12-16 17:00:35.968 Status code: 0
< 2025-12-16 17:00:35.987 Type: SSH_FXP_STATUS, Size: 24, Number: 70660
< 2025-12-16 17:00:35.989 Status code: 0
. 2025-12-16 17:00:35.989 Preserving timestamp [2025-12-16T02:41:34.000Z]
< 2025-12-16 17:00:35.989 Type: SSH_FXP_STATUS, Size: 24, Number: 70153
< 2025-12-16 17:00:35.989 Status code: 0
. 2025-12-16 17:00:35.989 Transfer done: 'D:\busineshuboffline CHATGTP\TOGETHERSYSTEMS- GITHUB\Nieuwe map (3)\docs\multi-industry-docs\node_modules\.bin\sass.cmd' => '/home/u972026836/domains/digitalnotar.in/public_html/node_modules/.bin/sass.cmd' [317]
. 2025-12-16 17:00:35.989 File: 'D:\busineshuboffline CHATGTP\TOGETHERSYSTEMS- GITHUB\Nieuwe map (3)\docs\multi-industry-docs\node_modules\.bin\sass.ps1' [2025-12-16T02:41:34.329Z] [773]
. 2025-12-16 17:00:36.030 Copying "D:\busineshuboffline CHATGTP\TOGETHERSYSTEMS- GITHUB\Nieuwe map (3)\docs\multi-industry-docs\node_modules\.bin\sass.ps1" to remote directory started.
. 2025-12-16 17:00:36.035 Binary transfer mode selected.
. 2025-12-16 17:00:36.035 Opening remote file.
> 2025-12-16 17:00:36.035 Type: SSH_FXP_OPEN, Size: 104, Number: 70915
< 2025-12-16 17:00:36.044 Type: SSH_FXP_HANDLE, Size: 13, Number: 70915
> 2025-12-16 17:00:36.045 Type: SSH_FXP_WRITE, Size: 798, Number: 71430
> 2025-12-16 17:00:36.054 Type: SSH_FXP_CLOSE, Size: 13, Number: 71684
> 2025-12-16 17:00:36.054 Type: SSH_FXP_SETSTAT, Size: 100, Number: 71177
< 2025-12-16 17:00:36.061 Type: SSH_FXP_STATUS, Size: 24, Number: 71430
< 2025-12-16 17:00:36.063 Status code: 0
< 2025-12-16 17:00:36.063 Type: SSH_FXP_STATUS, Size: 24, Number: 71684
< 2025-12-16 17:00:36.063 Status code: 0
. 2025-12-16 17:00:36.063 Preserving timestamp [2025-12-16T02:41:34.000Z]
< 2025-12-16 17:00:36.069 Type: SSH_FXP_STATUS, Size: 24, Number: 71177
< 2025-12-16 17:00:36.069 Status code: 0
. 2025-12-16 17:00:36.069 Transfer done: 'D:\busineshuboffline CHATGTP\TOGETHERSYSTEMS- GITHUB\Nieuwe map (3)\docs\multi-industry-docs\node_modules\.bin\sass.ps1' => '/home/u972026836/domains/digitalnotar.in/public_html/node_modules/.bin/sass.ps1' [773]
. 2025-12-16 17:00:36.069 File: 'D:\busineshuboffline CHATGTP\TOGETHERSYSTEMS- GITHUB\Nieuwe map (3)\docs\multi-industry-docs\node_modules\.bin\semver' [2025-12-16T02:41:34.330Z] [389]
. 2025-12-16 17:00:36.102 Copying "D:\busineshuboffline CHATGTP\TOGETHERSYSTEMS- GITHUB\Nieuwe map (3)\docs\multi-industry-docs\node_modules\.bin\semver" to remote directory started.
. 2025-12-16 17:00:36.102 Binary transfer mode selected.
. 2025-12-16 17:00:36.102 Opening remote file.
> 2025-12-16 17:00:36.102 Type: SSH_FXP_OPEN, Size: 102, Number: 71939
< 2025-12-16 17:00:36.112 Type: SSH_FXP_HANDLE, Size: 13, Number: 71939
> 2025-12-16 17:00:36.113 Type: SSH_FXP_WRITE, Size: 414, Number: 72454
> 2025-12-16 17:00:36.146 Type: SSH_FXP_CLOSE, Size: 13, Number: 72708
> 2025-12-16 17:00:36.146 Type: SSH_FXP_SETSTAT, Size: 98, Number: 72201
< 2025-12-16 17:00:36.157 Type: SSH_FXP_STATUS, Size: 24, Number: 72454
< 2025-12-16 17:00:36.157 Status code: 0
< 2025-12-16 17:00:36.171 Type: SSH_FXP_STATUS, Size: 24, Number: 72708
< 2025-12-16 17:00:36.171 Status code: 0
. 2025-12-16 17:00:36.171 Preserving timestamp [2025-12-16T02:41:34.000Z]
< 2025-12-16 17:00:36.171 Type: SSH_FXP_STATUS, Size: 24, Number: 72201
< 2025-12-16 17:00:36.171 Status code: 0
. 2025-12-16 17:00:36.171 Transfer done: 'D:\busineshuboffline CHATGTP\TOGETHERSYSTEMS- GITHUB\Nieuwe map (3)\docs\multi-industry-docs\node_modules\.bin\semver' => '/home/u972026836/domains/digitalnotar.in/public_html/node_modules/.bin/semver' [389]
. 2025-12-16 17:00:36.171 File: 'D:\busineshuboffline CHATGTP\TOGETHERSYSTEMS- GITHUB\Nieuwe map (3)\docs\multi-industry-docs\node_modules\.bin\semver.cmd' [2025-12-16T02:41:34.330Z] [325]
. 2025-12-16 17:00:36.284 Copying "D:\busineshuboffline CHATGTP\TOGETHERSYSTEMS- GITHUB\Nieuwe map (3)\docs\multi-industry-docs\node_modules\.bin\semver.cmd" to remote directory started.
. 2025-12-16 17:00:36.298 Binary transfer mode selected.
. 2025-12-16 17:00:36.298 Opening remote file.
> 2025-12-16 17:00:36.298 Type: SSH_FXP_OPEN, Size: 106, Number: 72963
< 2025-12-16 17:00:36.311 Type: SSH_FXP_HANDLE, Size: 13, Number: 72963
> 2025-12-16 17:00:36.311 Type: SSH_FXP_WRITE, Size: 350, Number: 73478
> 2025-12-16 17:00:36.332 Type: SSH_FXP_CLOSE, Size: 13, Number: 73732
> 2025-12-16 17:00:36.332 Type: SSH_FXP_SETSTAT, Size: 102, Number: 73225
< 2025-12-16 17:00:36.343 Type: SSH_FXP_STATUS, Size: 24, Number: 73478
< 2025-12-16 17:00:36.343 Status code: 0
< 2025-12-16 17:00:36.382 Type: SSH_FXP_STATUS, Size: 24, Number: 73732
< 2025-12-16 17:00:36.382 Status code: 0
. 2025-12-16 17:00:36.400 Preserving timestamp [2025-12-16T02:41:34.000Z]
< 2025-12-16 17:00:36.400 Type: SSH_FXP_STATUS, Size: 24, Number: 73225
< 2025-12-16 17:00:36.400 Status code: 0
. 2025-12-16 17:00:36.400 Transfer done: 'D:\busineshuboffline CHATGTP\TOGETHERSYSTEMS- GITHUB\Nieuwe map (3)\docs\multi-industry-docs\node_modules\.bin\semver.cmd' => '/home/u972026836/domains/digitalnotar.in/public_html/node_modules/.bin/semver.cmd' [325]
. 2025-12-16 17:00:36.401 File: 'D:\busineshuboffline CHATGTP\TOGETHERSYSTEMS- GITHUB\Nieuwe map (3)\docs\multi-industry-docs\node_modules\.bin\semver.ps1' [2025-12-16T02:41:34.330Z] [805]
. 2025-12-16 17:00:36.530 Copying "D:\busineshuboffline CHATGTP\TOGETHERSYSTEMS- GITHUB\Nieuwe map (3)\docs\multi-industry-docs\node_modules\.bin\semver.ps1" to remote directory started.
. 2025-12-16 17:00:36.638 Binary transfer mode selected.
. 2025-12-16 17:00:36.638 Opening remote file.
> 2025-12-16 17:00:36.638 Type: SSH_FXP_OPEN, Size: 106, Number: 73987
< 2025-12-16 17:00:36.646 Type: SSH_FXP_HANDLE, Size: 13, Number: 73987
> 2025-12-16 17:00:36.647 Type: SSH_FXP_WRITE, Size: 830, Number: 74502
> 2025-12-16 17:00:36.719 Type: SSH_FXP_CLOSE, Size: 13, Number: 74756
> 2025-12-16 17:00:36.719 Type: SSH_FXP_SETSTAT, Size: 102, Number: 74249
< 2025-12-16 17:00:36.730 Type: SSH_FXP_STATUS, Size: 24, Number: 74502
< 2025-12-16 17:00:36.730 Status code: 0
< 2025-12-16 17:00:36.751 Type: SSH_FXP_STATUS, Size: 24, Number: 74756
< 2025-12-16 17:00:36.751 Status code: 0
. 2025-12-16 17:00:36.751 Preserving timestamp [2025-12-16T02:41:34.000Z]
< 2025-12-16 17:00:36.751 Type: SSH_FXP_STATUS, Size: 24, Number: 74249
< 2025-12-16 17:00:36.751 Status code: 0
. 2025-12-16 17:00:36.751 Transfer done: 'D:\busineshuboffline CHATGTP\TOGETHERSYSTEMS- GITHUB\Nieuwe map (3)\docs\multi-industry-docs\node_modules\.bin\semver.ps1' => '/home/u972026836/domains/digitalnotar.in/public_html/node_modules/.bin/semver.ps1' [805]
. 2025-12-16 17:00:36.751 File: 'D:\busineshuboffline CHATGTP\TOGETHERSYSTEMS- GITHUB\Nieuwe map (3)\docs\multi-industry-docs\node_modules\.bin\svgo' [2025-12-16T02:41:34.330Z] [375]
. 2025-12-16 17:00:36.799 Copying "D:\busineshuboffline CHATGTP\TOGETHERSYSTEMS- GITHUB\Nieuwe map (3)\docs\multi-industry-docs\node_modules\.bin\svgo" to remote directory started.
. 2025-12-16 17:00:36.799 Binary transfer mode selected.
. 2025-12-16 17:00:36.799 Opening remote file.
> 2025-12-16 17:00:36.799 Type: SSH_FXP_OPEN, Size: 100, Number: 75011
< 2025-12-16 17:00:36.806 Type: SSH_FXP_HANDLE, Size: 13, Number: 75011
> 2025-12-16 17:00:36.806 Type: SSH_FXP_WRITE, Size: 400, Number: 75526
> 2025-12-16 17:00:36.904 Type: SSH_FXP_CLOSE, Size: 13, Number: 75780
> 2025-12-16 17:00:36.904 Type: SSH_FXP_SETSTAT, Size: 96, Number: 75273
< 2025-12-16 17:00:36.912 Type: SSH_FXP_STATUS, Size: 24, Number: 75526
< 2025-12-16 17:00:36.912 Status code: 0
< 2025-12-16 17:00:36.928 Type: SSH_FXP_STATUS, Size: 24, Number: 75780
< 2025-12-16 17:00:36.928 Status code: 0
. 2025-12-16 17:00:36.928 Preserving timestamp [2025-12-16T02:41:34.000Z]
< 2025-12-16 17:00:36.928 Type: SSH_FXP_STATUS, Size: 24, Number: 75273
< 2025-12-16 17:00:36.928 Status code: 0
. 2025-12-16 17:00:36.930 Transfer done: 'D:\busineshuboffline CHATGTP\TOGETHERSYSTEMS- GITHUB\Nieuwe map (3)\docs\multi-industry-docs\node_modules\.bin\svgo' => '/home/u972026836/domains/digitalnotar.in/public_html/node_modules/.bin/svgo' [375]
. 2025-12-16 17:00:36.930 File: 'D:\busineshuboffline CHATGTP\TOGETHERSYSTEMS- GITHUB\Nieuwe map (3)\docs\multi-industry-docs\node_modules\.bin\svgo.cmd' [2025-12-16T02:41:34.330Z] [318]
. 2025-12-16 17:00:37.098 Copying "D:\busineshuboffline CHATGTP\TOGETHERSYSTEMS- GITHUB\Nieuwe map (3)\docs\multi-industry-docs\node_modules\.bin\svgo.cmd" to remote directory started.
. 2025-12-16 17:00:37.160 Binary transfer mode selected.
. 2025-12-16 17:00:37.161 Opening remote file.
> 2025-12-16 17:00:37.161 Type: SSH_FXP_OPEN, Size: 104, Number: 76035
< 2025-12-16 17:00:37.169 Type: SSH_FXP_HANDLE, Size: 13, Number: 76035
> 2025-12-16 17:00:37.169 Type: SSH_FXP_WRITE, Size: 343, Number: 76550
> 2025-12-16 17:00:37.187 Type: SSH_FXP_CLOSE, Size: 13, Number: 76804
> 2025-12-16 17:00:37.187 Type: SSH_FXP_SETSTAT, Size: 100, Number: 76297
< 2025-12-16 17:00:37.196 Type: SSH_FXP_STATUS, Size: 24, Number: 76550
< 2025-12-16 17:00:37.196 Status code: 0
< 2025-12-16 17:00:37.196 Type: SSH_FXP_STATUS, Size: 24, Number: 76804
< 2025-12-16 17:00:37.196 Status code: 0
. 2025-12-16 17:00:37.196 Preserving timestamp [2025-12-16T02:41:34.000Z]
< 2025-12-16 17:00:37.203 Type: SSH_FXP_STATUS, Size: 24, Number: 76297
< 2025-12-16 17:00:37.203 Status code: 0
. 2025-12-16 17:00:37.203 Transfer done: 'D:\busineshuboffline CHATGTP\TOGETHERSYSTEMS- GITHUB\Nieuwe map (3)\docs\multi-industry-docs\node_modules\.bin\svgo.cmd' => '/home/u972026836/domains/digitalnotar.in/public_html/node_modules/.bin/svgo.cmd' [318]
. 2025-12-16 17:00:37.203 File: 'D:\busineshuboffline CHATGTP\TOGETHERSYSTEMS- GITHUB\Nieuwe map (3)\docs\multi-industry-docs\node_modules\.bin\svgo.ps1' [2025-12-16T02:41:34.330Z] [777]
. 2025-12-16 17:00:37.237 Copying "D:\busineshuboffline CHATGTP\TOGETHERSYSTEMS- GITHUB\Nieuwe map (3)\docs\multi-industry-docs\node_modules\.bin\svgo.ps1" to remote directory started.
. 2025-12-16 17:00:37.237 Binary transfer mode selected.
. 2025-12-16 17:00:37.237 Opening remote file.
> 2025-12-16 17:00:37.237 Type: SSH_FXP_OPEN, Size: 104, Number: 77059
< 2025-12-16 17:00:37.246 Type: SSH_FXP_HANDLE, Size: 13, Number: 77059
> 2025-12-16 17:00:37.246 Type: SSH_FXP_WRITE, Size: 802, Number: 77574
> 2025-12-16 17:00:37.263 Type: SSH_FXP_CLOSE, Size: 13, Number: 77828
> 2025-12-16 17:00:37.263 Type: SSH_FXP_SETSTAT, Size: 100, Number: 77321
< 2025-12-16 17:00:37.272 Type: SSH_FXP_STATUS, Size: 24, Number: 77574
< 2025-12-16 17:00:37.272 Status code: 0
< 2025-12-16 17:00:37.272 Type: SSH_FXP_STATUS, Size: 24, Number: 77828
< 2025-12-16 17:00:37.272 Status code: 0
. 2025-12-16 17:00:37.272 Preserving timestamp [2025-12-16T02:41:34.000Z]
< 2025-12-16 17:00:37.286 Type: SSH_FXP_STATUS, Size: 24, Number: 77321
< 2025-12-16 17:00:37.286 Status code: 0
. 2025-12-16 17:00:37.286 Transfer done: 'D:\busineshuboffline CHATGTP\TOGETHERSYSTEMS- GITHUB\Nieuwe map (3)\docs\multi-industry-docs\node_modules\.bin\svgo.ps1' => '/home/u972026836/domains/digitalnotar.in/public_html/node_modules/.bin/svgo.ps1' [777]
. 2025-12-16 17:00:37.287 File: 'D:\busineshuboffline CHATGTP\TOGETHERSYSTEMS- GITHUB\Nieuwe map (3)\docs\multi-industry-docs\node_modules\.bin\terser' [2025-12-16T02:41:34.329Z] [383]
. 2025-12-16 17:00:37.336 Copying "D:\busineshuboffline CHATGTP\TOGETHERSYSTEMS- GITHUB\Nieuwe map (3)\docs\multi-industry-docs\node_modules\.bin\terser" to remote directory started.
. 2025-12-16 17:00:37.347 Binary transfer mode selected.
. 2025-12-16 17:00:37.347 Opening remote file.
> 2025-12-16 17:00:37.347 Type: SSH_FXP_OPEN, Size: 102, Number: 78083
< 2025-12-16 17:00:37.359 Type: SSH_FXP_HANDLE, Size: 13, Number: 78083
> 2025-12-16 17:00:37.359 Type: SSH_FXP_WRITE, Size: 408, Number: 78598
> 2025-12-16 17:00:37.394 Type: SSH_FXP_CLOSE, Size: 13, Number: 78852
> 2025-12-16 17:00:37.394 Type: SSH_FXP_SETSTAT, Size: 98, Number: 78345
< 2025-12-16 17:00:37.411 Type: SSH_FXP_STATUS, Size: 24, Number: 78598
< 2025-12-16 17:00:37.411 Status code: 0
< 2025-12-16 17:00:37.411 Type: SSH_FXP_STATUS, Size: 24, Number: 78852
< 2025-12-16 17:00:37.411 Status code: 0
. 2025-12-16 17:00:37.411 Preserving timestamp [2025-12-16T02:41:34.000Z]
< 2025-12-16 17:00:37.417 Type: SSH_FXP_STATUS, Size: 24, Number: 78345
< 2025-12-16 17:00:37.417 Status code: 0
. 2025-12-16 17:00:37.417 Transfer done: 'D:\busineshuboffline CHATGTP\TOGETHERSYSTEMS- GITHUB\Nieuwe map (3)\docs\multi-industry-docs\node_modules\.bin\terser' => '/home/u972026836/domains/digitalnotar.in/public_html/node_modules/.bin/terser' [383]
. 2025-12-16 17:00:37.418 File: 'D:\busineshuboffline CHATGTP\TOGETHERSYSTEMS- GITHUB\Nieuwe map (3)\docs\multi-industry-docs\node_modules\.bin\terser.cmd' [2025-12-16T02:41:34.329Z] [322]
. 2025-12-16 17:00:37.467 Copying "D:\busineshuboffline CHATGTP\TOGETHERSYSTEMS- GITHUB\Nieuwe map (3)\docs\multi-industry-docs\node_modules\.bin\terser.cmd" to remote directory started.
. 2025-12-16 17:00:37.467 Binary transfer mode selected.
. 2025-12-16 17:00:37.467 Opening remote file.
> 2025-12-16 17:00:37.467 Type: SSH_FXP_OPEN, Size: 106, Number: 79107
< 2025-12-16 17:00:37.476 Type: SSH_FXP_HANDLE, Size: 13, Number: 79107
> 2025-12-16 17:00:37.476 Type: SSH_FXP_WRITE, Size: 347, Number: 79622
> 2025-12-16 17:00:37.493 Type: SSH_FXP_CLOSE, Size: 13, Number: 79876
> 2025-12-16 17:00:37.493 Type: SSH_FXP_SETSTAT, Size: 102, Number: 79369
< 2025-12-16 17:00:37.502 Type: SSH_FXP_STATUS, Size: 24, Number: 79622
< 2025-12-16 17:00:37.502 Status code: 0
< 2025-12-16 17:00:37.582 Type: SSH_FXP_STATUS, Size: 24, Number: 79876
< 2025-12-16 17:00:37.583 Status code: 0
. 2025-12-16 17:00:37.588 Preserving timestamp [2025-12-16T02:41:34.000Z]
< 2025-12-16 17:00:37.588 Type: SSH_FXP_STATUS, Size: 24, Number: 79369
< 2025-12-16 17:00:37.588 Status code: 0
. 2025-12-16 17:00:37.588 Transfer done: 'D:\busineshuboffline CHATGTP\TOGETHERSYSTEMS- GITHUB\Nieuwe map (3)\docs\multi-industry-docs\node_modules\.bin\terser.cmd' => '/home/u972026836/domains/digitalnotar.in/public_html/node_modules/.bin/terser.cmd' [322]
. 2025-12-16 17:00:37.588 File: 'D:\busineshuboffline CHATGTP\TOGETHERSYSTEMS- GITHUB\Nieuwe map (3)\docs\multi-industry-docs\node_modules\.bin\terser.ps1' [2025-12-16T02:41:34.329Z] [793]
. 2025-12-16 17:00:37.645 Copying "D:\busineshuboffline CHATGTP\TOGETHERSYSTEMS- GITHUB\Nieuwe map (3)\docs\multi-industry-docs\node_modules\.bin\terser.ps1" to remote directory started.
. 2025-12-16 17:00:37.645 Binary transfer mode selected.
. 2025-12-16 17:00:37.645 Opening remote file.
> 2025-12-16 17:00:37.645 Type: SSH_FXP_OPEN, Size: 106, Number: 80131
< 2025-12-16 17:00:37.651 Type: SSH_FXP_HANDLE, Size: 13, Number: 80131
> 2025-12-16 17:00:37.651 Type: SSH_FXP_WRITE, Size: 818, Number: 80646
> 2025-12-16 17:00:37.665 Type: SSH_FXP_CLOSE, Size: 13, Number: 80900
> 2025-12-16 17:00:37.665 Type: SSH_FXP_SETSTAT, Size: 102, Number: 80393
< 2025-12-16 17:00:37.675 Type: SSH_FXP_STATUS, Size: 24, Number: 80646
< 2025-12-16 17:00:37.675 Status code: 0
< 2025-12-16 17:00:37.697 Type: SSH_FXP_STATUS, Size: 24, Number: 80900
< 2025-12-16 17:00:37.697 Status code: 0
. 2025-12-16 17:00:37.697 Preserving timestamp [2025-12-16T02:41:34.000Z]
< 2025-12-16 17:00:37.697 Type: SSH_FXP_STATUS, Size: 24, Number: 80393
< 2025-12-16 17:00:37.697 Status code: 0
. 2025-12-16 17:00:37.697 Transfer done: 'D:\busineshuboffline CHATGTP\TOGETHERSYSTEMS- GITHUB\Nieuwe map (3)\docs\multi-industry-docs\node_modules\.bin\terser.ps1' => '/home/u972026836/domains/digitalnotar.in/public_html/node_modules/.bin/terser.ps1' [793]
. 2025-12-16 17:00:37.698 File: 'D:\busineshuboffline CHATGTP\TOGETHERSYSTEMS- GITHUB\Nieuwe map (3)\docs\multi-industry-docs\node_modules\.bin\tree-kill' [2025-12-16T02:41:34.632Z] [381]
. 2025-12-16 17:00:37.730 Copying "D:\busineshuboffline CHATGTP\TOGETHERSYSTEMS- GITHUB\Nieuwe map (3)\docs\multi-industry-docs\node_modules\.bin\tree-kill" to remote directory started.
. 2025-12-16 17:00:37.730 Binary transfer mode selected.
. 2025-12-16 17:00:37.730 Opening remote file.
> 2025-12-16 17:00:37.730 Type: SSH_FXP_OPEN, Size: 105, Number: 81155
< 2025-12-16 17:00:37.740 Type: SSH_FXP_HANDLE, Size: 13, Number: 81155
> 2025-12-16 17:00:37.740 Type: SSH_FXP_WRITE, Size: 406, Number: 81670
> 2025-12-16 17:00:37.750 Type: SSH_FXP_CLOSE, Size: 13, Number: 81924
> 2025-12-16 17:00:37.750 Type: SSH_FXP_SETSTAT, Size: 101, Number: 81417
< 2025-12-16 17:00:37.758 Type: SSH_FXP_STATUS, Size: 24, Number: 81670
< 2025-12-16 17:00:37.758 Status code: 0
< 2025-12-16 17:00:37.787 Type: SSH_FXP_STATUS, Size: 24, Number: 81924
< 2025-12-16 17:00:37.787 Status code: 0
. 2025-12-16 17:00:37.787 Preserving timestamp [2025-12-16T02:41:34.000Z]
< 2025-12-16 17:00:37.787 Type: SSH_FXP_STATUS, Size: 24, Number: 81417
< 2025-12-16 17:00:37.787 Status code: 0
. 2025-12-16 17:00:37.787 Transfer done: 'D:\busineshuboffline CHATGTP\TOGETHERSYSTEMS- GITHUB\Nieuwe map (3)\docs\multi-industry-docs\node_modules\.bin\tree-kill' => '/home/u972026836/domains/digitalnotar.in/public_html/node_modules/.bin/tree-kill' [381]
. 2025-12-16 17:00:37.787 File: 'D:\busineshuboffline CHATGTP\TOGETHERSYSTEMS- GITHUB\Nieuwe map (3)\docs\multi-industry-docs\node_modules\.bin\tree-kill.cmd' [2025-12-16T02:41:34.632Z] [321]
. 2025-12-16 17:00:37.846 Copying "D:\busineshuboffline CHATGTP\TOGETHERSYSTEMS- GITHUB\Nieuwe map (3)\docs\multi-industry-docs\node_modules\.bin\tree-kill.cmd" to remote directory started.
. 2025-12-16 17:00:37.846 Binary transfer mode selected.
. 2025-12-16 17:00:37.846 Opening remote file.
> 2025-12-16 17:00:37.847 Type: SSH_FXP_OPEN, Size: 109, Number: 82179
< 2025-12-16 17:00:37.864 Type: SSH_FXP_HANDLE, Size: 13, Number: 82179
> 2025-12-16 17:00:37.864 Type: SSH_FXP_WRITE, Size: 346, Number: 82694
> 2025-12-16 17:00:37.871 Type: SSH_FXP_CLOSE, Size: 13, Number: 82948
> 2025-12-16 17:00:37.871 Type: SSH_FXP_SETSTAT, Size: 105, Number: 82441
< 2025-12-16 17:00:37.886 Type: SSH_FXP_STATUS, Size: 24, Number: 82694
< 2025-12-16 17:00:37.886 Status code: 0
< 2025-12-16 17:00:37.900 Type: SSH_FXP_STATUS, Size: 24, Number: 82948
< 2025-12-16 17:00:37.900 Status code: 0
. 2025-12-16 17:00:37.900 Preserving timestamp [2025-12-16T02:41:34.000Z]
< 2025-12-16 17:00:37.900 Type: SSH_FXP_STATUS, Size: 24, Number: 82441
< 2025-12-16 17:00:37.900 Status code: 0
. 2025-12-16 17:00:37.900 Transfer done: 'D:\busineshuboffline CHATGTP\TOGETHERSYSTEMS- GITHUB\Nieuwe map (3)\docs\multi-industry-docs\node_modules\.bin\tree-kill.cmd' => '/home/u972026836/domains/digitalnotar.in/public_html/node_modules/.bin/tree-kill.cmd' [321]
. 2025-12-16 17:00:37.900 File: 'D:\busineshuboffline CHATGTP\TOGETHERSYSTEMS- GITHUB\Nieuwe map (3)\docs\multi-industry-docs\node_modules\.bin\tree-kill.ps1' [2025-12-16T02:41:34.632Z] [789]
. 2025-12-16 17:00:37.949 Copying "D:\busineshuboffline CHATGTP\TOGETHERSYSTEMS- GITHUB\Nieuwe map (3)\docs\multi-industry-docs\node_modules\.bin\tree-kill.ps1" to remote directory started.
. 2025-12-16 17:00:37.951 Binary transfer mode selected.
. 2025-12-16 17:00:37.951 Opening remote file.
> 2025-12-16 17:00:37.951 Type: SSH_FXP_OPEN, Size: 109, Number: 83203
< 2025-12-16 17:00:37.958 Type: SSH_FXP_HANDLE, Size: 13, Number: 83203
> 2025-12-16 17:00:37.958 Type: SSH_FXP_WRITE, Size: 814, Number: 83718
> 2025-12-16 17:00:38.066 Type: SSH_FXP_CLOSE, Size: 13, Number: 83972
> 2025-12-16 17:00:38.066 Type: SSH_FXP_SETSTAT, Size: 105, Number: 83465
< 2025-12-16 17:00:38.077 Type: SSH_FXP_STATUS, Size: 24, Number: 83718
< 2025-12-16 17:00:38.077 Status code: 0
< 2025-12-16 17:00:38.138 Type: SSH_FXP_STATUS, Size: 24, Number: 83972
< 2025-12-16 17:00:38.143 Status code: 0
. 2025-12-16 17:00:38.203 Preserving timestamp [2025-12-16T02:41:34.000Z]
< 2025-12-16 17:00:38.203 Type: SSH_FXP_STATUS, Size: 24, Number: 83465
< 2025-12-16 17:00:38.203 Status code: 0
. 2025-12-16 17:00:38.203 Transfer done: 'D:\busineshuboffline CHATGTP\TOGETHERSYSTEMS- GITHUB\Nieuwe map (3)\docs\multi-industry-docs\node_modules\.bin\tree-kill.ps1' => '/home/u972026836/domains/digitalnotar.in/public_html/node_modules/.bin/tree-kill.ps1' [789]
. 2025-12-16 17:00:38.203 File: 'D:\busineshuboffline CHATGTP\TOGETHERSYSTEMS- GITHUB\Nieuwe map (3)\docs\multi-industry-docs\node_modules\.bin\update-browserslist-db' [2025-12-16T02:41:34.634Z] [407]
. 2025-12-16 17:00:38.281 Copying "D:\busineshuboffline CHATGTP\TOGETHERSYSTEMS- GITHUB\Nieuwe map (3)\docs\multi-industry-docs\node_modules\.bin\update-browserslist-db" to remote directory started.
. 2025-12-16 17:00:38.294 Binary transfer mode selected.
. 2025-12-16 17:00:38.294 Opening remote file.
> 2025-12-16 17:00:38.294 Type: SSH_FXP_OPEN, Size: 118, Number: 84227
< 2025-12-16 17:00:38.302 Type: SSH_FXP_HANDLE, Size: 13, Number: 84227
> 2025-12-16 17:00:38.302 Type: SSH_FXP_WRITE, Size: 432, Number: 84742
> 2025-12-16 17:00:38.336 Type: SSH_FXP_CLOSE, Size: 13, Number: 84996
> 2025-12-16 17:00:38.336 Type: SSH_FXP_SETSTAT, Size: 114, Number: 84489
< 2025-12-16 17:00:38.346 Type: SSH_FXP_STATUS, Size: 24, Number: 84742
< 2025-12-16 17:00:38.346 Status code: 0
< 2025-12-16 17:00:38.346 Type: SSH_FXP_STATUS, Size: 24, Number: 84996
< 2025-12-16 17:00:38.346 Status code: 0
. 2025-12-16 17:00:38.346 Preserving timestamp [2025-12-16T02:41:34.000Z]
< 2025-12-16 17:00:38.352 Type: SSH_FXP_STATUS, Size: 24, Number: 84489
< 2025-12-16 17:00:38.352 Status code: 0
. 2025-12-16 17:00:38.352 Transfer done: 'D:\busineshuboffline CHATGTP\TOGETHERSYSTEMS- GITHUB\Nieuwe map (3)\docs\multi-industry-docs\node_modules\.bin\update-browserslist-db' => '/home/u972026836/domains/digitalnotar.in/public_html/node_modules/.bin/update-browserslist-db' [407]
. 2025-12-16 17:00:38.353 File: 'D:\busineshuboffline CHATGTP\TOGETHERSYSTEMS- GITHUB\Nieuwe map (3)\docs\multi-industry-docs\node_modules\.bin\update-browserslist-db.cmd' [2025-12-16T02:41:34.634Z] [334]
. 2025-12-16 17:00:38.411 Copying "D:\busineshuboffline CHATGTP\TOGETHERSYSTEMS- GITHUB\Nieuwe map (3)\docs\multi-industry-docs\node_modules\.bin\update-browserslist-db.cmd" to remote directory started.
. 2025-12-16 17:00:38.411 Binary transfer mode selected.
. 2025-12-16 17:00:38.411 Opening remote file.
> 2025-12-16 17:00:38.411 Type: SSH_FXP_OPEN, Size: 122, Number: 85251
< 2025-12-16 17:00:38.420 Type: SSH_FXP_HANDLE, Size: 13, Number: 85251
> 2025-12-16 17:00:38.420 Type: SSH_FXP_WRITE, Size: 359, Number: 85766
> 2025-12-16 17:00:38.438 Type: SSH_FXP_CLOSE, Size: 13, Number: 86020
> 2025-12-16 17:00:38.438 Type: SSH_FXP_SETSTAT, Size: 118, Number: 85513
< 2025-12-16 17:00:38.444 Type: SSH_FXP_STATUS, Size: 24, Number: 85766
< 2025-12-16 17:00:38.444 Status code: 0
< 2025-12-16 17:00:38.445 Type: SSH_FXP_STATUS, Size: 24, Number: 86020
< 2025-12-16 17:00:38.445 Status code: 0
. 2025-12-16 17:00:38.445 Preserving timestamp [2025-12-16T02:41:34.000Z]
< 2025-12-16 17:00:38.453 Type: SSH_FXP_STATUS, Size: 24, Number: 85513
< 2025-12-16 17:00:38.453 Status code: 0
. 2025-12-16 17:00:38.453 Transfer done: 'D:\busineshuboffline CHATGTP\TOGETHERSYSTEMS- GITHUB\Nieuwe map (3)\docs\multi-industry-docs\node_modules\.bin\update-browserslist-db.cmd' => '/home/u972026836/domains/digitalnotar.in/public_html/node_modules/.bin/update-browserslist-db.cmd' [334]
. 2025-12-16 17:00:38.453 File: 'D:\busineshuboffline CHATGTP\TOGETHERSYSTEMS- GITHUB\Nieuwe map (3)\docs\multi-industry-docs\node_modules\.bin\update-browserslist-db.ps1' [2025-12-16T02:41:34.634Z] [841]
. 2025-12-16 17:00:38.519 Copying "D:\busineshuboffline CHATGTP\TOGETHERSYSTEMS- GITHUB\Nieuwe map (3)\docs\multi-industry-docs\node_modules\.bin\update-browserslist-db.ps1" to remote directory started.
. 2025-12-16 17:00:38.519 Binary transfer mode selected.
. 2025-12-16 17:00:38.519 Opening remote file.
> 2025-12-16 17:00:38.519 Type: SSH_FXP_OPEN, Size: 122, Number: 86275
< 2025-12-16 17:00:38.528 Type: SSH_FXP_HANDLE, Size: 13, Number: 86275
> 2025-12-16 17:00:38.528 Type: SSH_FXP_WRITE, Size: 866, Number: 86790
> 2025-12-16 17:00:38.544 Type: SSH_FXP_CLOSE, Size: 13, Number: 87044
> 2025-12-16 17:00:38.544 Type: SSH_FXP_SETSTAT, Size: 118, Number: 86537
< 2025-12-16 17:00:38.552 Type: SSH_FXP_STATUS, Size: 24, Number: 86790
< 2025-12-16 17:00:38.552 Status code: 0
< 2025-12-16 17:00:38.552 Type: SSH_FXP_STATUS, Size: 24, Number: 87044
< 2025-12-16 17:00:38.552 Status code: 0
. 2025-12-16 17:00:38.552 Preserving timestamp [2025-12-16T02:41:34.000Z]
< 2025-12-16 17:00:38.565 Type: SSH_FXP_STATUS, Size: 24, Number: 86537
< 2025-12-16 17:00:38.565 Status code: 0
. 2025-12-16 17:00:38.565 Transfer done: 'D:\busineshuboffline CHATGTP\TOGETHERSYSTEMS- GITHUB\Nieuwe map (3)\docs\multi-industry-docs\node_modules\.bin\update-browserslist-db.ps1' => '/home/u972026836/domains/digitalnotar.in/public_html/node_modules/.bin/update-browserslist-db.ps1' [841]
. 2025-12-16 17:00:38.565 File: 'D:\busineshuboffline CHATGTP\TOGETHERSYSTEMS- GITHUB\Nieuwe map (3)\docs\multi-industry-docs\node_modules\.package-lock.json' [2025-12-16T07:50:50.249Z] [79515]
. 2025-12-16 17:00:38.650 Copying "D:\busineshuboffline CHATGTP\TOGETHERSYSTEMS- GITHUB\Nieuwe map (3)\docs\multi-industry-docs\node_modules\.package-lock.json" to remote directory started.
. 2025-12-16 17:00:38.650 Binary transfer mode selected.
. 2025-12-16 17:00:38.650 Opening remote file.
> 2025-12-16 17:00:38.650 Type: SSH_FXP_OPEN, Size: 109, Number: 87299
< 2025-12-16 17:00:38.661 Type: SSH_FXP_HANDLE, Size: 13, Number: 87299
> 2025-12-16 17:00:38.661 Type: SSH_FXP_WRITE, Size: 32761, Number: 87814
. 2025-12-16 17:00:38.750 Skipped 2 SSH_FXP_WRITE packets
> 2025-12-16 17:00:38.750 Type: SSH_FXP_CLOSE, Size: 13, Number: 88580
> 2025-12-16 17:00:38.750 Type: SSH_FXP_SETSTAT, Size: 105, Number: 87561
< 2025-12-16 17:00:38.759 Type: SSH_FXP_STATUS, Size: 24, Number: 87814
< 2025-12-16 17:00:38.759 Status code: 0
. 2025-12-16 17:00:38.779 Skipped 2 SSH_FXP_STATUS packets
< 2025-12-16 17:00:38.779 Type: SSH_FXP_STATUS, Size: 24, Number: 88580
< 2025-12-16 17:00:38.779 Status code: 0
. 2025-12-16 17:00:38.779 Preserving timestamp [2025-12-16T07:50:50.000Z]
< 2025-12-16 17:00:38.779 Type: SSH_FXP_STATUS, Size: 24, Number: 87561
< 2025-12-16 17:00:38.779 Status code: 0
. 2025-12-16 17:00:38.779 Transfer done: 'D:\busineshuboffline CHATGTP\TOGETHERSYSTEMS- GITHUB\Nieuwe map (3)\docs\multi-industry-docs\node_modules\.package-lock.json' => '/home/u972026836/domains/digitalnotar.in/public_html/node_modules/.package-lock.json' [79515]
. 2025-12-16 17:00:38.779 File: 'D:\busineshuboffline CHATGTP\TOGETHERSYSTEMS- GITHUB\Nieuwe map (3)\docs\multi-industry-docs\node_modules\@babel' [2025-12-16T02:40:46.339Z] [0]
. 2025-12-16 17:00:38.803 Listing file "/home/u972026836/domains/digitalnotar.in/public_html/node_modules/@babel".
> 2025-12-16 17:00:38.803 Type: SSH_FXP_LSTAT, Size: 81, Number: 88839
< 2025-12-16 17:00:38.812 Type: SSH_FXP_STATUS, Size: 29, Number: 88839
< 2025-12-16 17:00:38.812 Status code: 2, Message: 88839, Server: No such file, Language:  
. 2025-12-16 17:00:38.821 Creating directory "/home/u972026836/domains/digitalnotar.in/public_html/node_modules/@babel".
. 2025-12-16 17:00:38.821 Canonifying: "/home/u972026836/domains/digitalnotar.in/public_html/node_modules/@babel"
. 2025-12-16 17:00:38.821 Getting real path for '/home/u972026836/domains/digitalnotar.in/public_html/node_modules/@babel'
> 2025-12-16 17:00:38.821 Type: SSH_FXP_REALPATH, Size: 81, Number: 89360
< 2025-12-16 17:00:38.830 Type: SSH_FXP_NAME, Size: 165, Number: 89360
. 2025-12-16 17:00:38.830 Real path is '/home/u972026836/domains/digitalnotar.in/public_html/node_modules/@babel'
. 2025-12-16 17:00:38.830 Canonified: "/home/u972026836/domains/digitalnotar.in/public_html/node_modules/@babel"
> 2025-12-16 17:00:38.830 Type: SSH_FXP_MKDIR, Size: 85, Number: 89102
< 2025-12-16 17:00:38.838 Type: SSH_FXP_STATUS, Size: 24, Number: 89102
< 2025-12-16 17:00:38.838 Status code: 0
. 2025-12-16 17:00:38.838 File: 'D:\busineshuboffline CHATGTP\TOGETHERSYSTEMS- GITHUB\Nieuwe map (3)\docs\multi-industry-docs\node_modules\@babel\runtime' [2025-12-16T02:41:03.492Z] [0]
. 2025-12-16 17:00:38.883 Listing file "/home/u972026836/domains/digitalnotar.in/public_html/node_modules/@babel/runtime".
> 2025-12-16 17:00:38.883 Type: SSH_FXP_LSTAT, Size: 89, Number: 89607
< 2025-12-16 17:00:38.896 Type: SSH_FXP_STATUS, Size: 29, Number: 89607
< 2025-12-16 17:00:38.896 Status code: 2, Message: 89607, Server: No such file, Language:  
. 2025-12-16 17:00:38.906 Creating directory "/home/u972026836/domains/digitalnotar.in/public_html/node_modules/@babel/runtime".
. 2025-12-16 17:00:38.906 Canonifying: "/home/u972026836/domains/digitalnotar.in/public_html/node_modules/@babel/runtime"
. 2025-12-16 17:00:38.906 Getting real path for '/home/u972026836/domains/digitalnotar.in/public_html/node_modules/@babel/runtime'
> 2025-12-16 17:00:38.906 Type: SSH_FXP_REALPATH, Size: 89, Number: 90128
< 2025-12-16 17:00:38.913 Type: SSH_FXP_NAME, Size: 181, Number: 90128
. 2025-12-16 17:00:38.913 Real path is '/home/u972026836/domains/digitalnotar.in/public_html/node_modules/@babel/runtime'
. 2025-12-16 17:00:38.913 Canonified: "/home/u972026836/domains/digitalnotar.in/public_html/node_modules/@babel/runtime"
> 2025-12-16 17:00:38.913 Type: SSH_FXP_MKDIR, Size: 93, Number: 89870
< 2025-12-16 17:00:38.930 Type: SSH_FXP_STATUS, Size: 24, Number: 89870
< 2025-12-16 17:00:38.930 Status code: 0
. 2025-12-16 17:00:38.932 File: 'D:\busineshuboffline CHATGTP\TOGETHERSYSTEMS- GITHUB\Nieuwe map (3)\docs\multi-industry-docs\node_modules\@babel\runtime\helpers' [2025-12-16T02:41:03.490Z] [0]
. 2025-12-16 17:00:39.117 Listing file "/home/u972026836/domains/digitalnotar.in/public_html/node_modules/@babel/runtime/helpers".
> 2025-12-16 17:00:39.117 Type: SSH_FXP_LSTAT, Size: 97, Number: 90375
< 2025-12-16 17:00:39.129 Type: SSH_FXP_STATUS, Size: 29, Number: 90375
< 2025-12-16 17:00:39.129 Status code: 2, Message: 90375, Server: No such file, Language:  
. 2025-12-16 17:00:39.139 Creating directory "/home/u972026836/domains/digitalnotar.in/public_html/node_modules/@babel/runtime/helpers".
. 2025-12-16 17:00:39.139 Canonifying: "/home/u972026836/domains/digitalnotar.in/public_html/node_modules/@babel/runtime/helpers"
. 2025-12-16 17:00:39.139 Getting real path for '/home/u972026836/domains/digitalnotar.in/public_html/node_modules/@babel/runtime/helpers'
> 2025-12-16 17:00:39.139 Type: SSH_FXP_REALPATH, Size: 97, Number: 90896
< 2025-12-16 17:00:39.146 Type: SSH_FXP_NAME, Size: 197, Number: 90896
. 2025-12-16 17:00:39.146 Real path is '/home/u972026836/domains/digitalnotar.in/public_html/node_modules/@babel/runtime/helpers'
. 2025-12-16 17:00:39.146 Canonified: "/home/u972026836/domains/digitalnotar.in/public_html/node_modules/@babel/runtime/helpers"
> 2025-12-16 17:00:39.146 Type: SSH_FXP_MKDIR, Size: 101, Number: 90638
< 2025-12-16 17:00:39.154 Type: SSH_FXP_STATUS, Size: 24, Number: 90638
< 2025-12-16 17:00:39.154 Status code: 0
. 2025-12-16 17:00:39.154 File: 'D:\busineshuboffline CHATGTP\TOGETHERSYSTEMS- GITHUB\Nieuwe map (3)\docs\multi-industry-docs\node_modules\@babel\runtime\helpers\applyDecoratedDescriptor.js' [2025-12-16T02:40:50.606Z] [653]
. 2025-12-16 17:00:39.214 Copying "D:\busineshuboffline CHATGTP\TOGETHERSYSTEMS- GITHUB\Nieuwe map (3)\docs\multi-industry-docs\node_modules\@babel\runtime\helpers\applyDecoratedDescriptor.js" to remote directory started.
. 2025-12-16 17:00:39.214 Binary transfer mode selected.
. 2025-12-16 17:00:39.214 Opening remote file.
> 2025-12-16 17:00:39.214 Type: SSH_FXP_OPEN, Size: 141, Number: 91139
< 2025-12-16 17:00:39.226 Type: SSH_FXP_HANDLE, Size: 13, Number: 91139
> 2025-12-16 17:00:39.226 Type: SSH_FXP_WRITE, Size: 678, Number: 91654
> 2025-12-16 17:00:39.234 Type: SSH_FXP_CLOSE, Size: 13, Number: 91908
> 2025-12-16 17:00:39.234 Type: SSH_FXP_SETSTAT, Size: 137, Number: 91401
< 2025-12-16 17:00:39.245 Type: SSH_FXP_STATUS, Size: 24, Number: 91654
< 2025-12-16 17:00:39.245 Status code: 0
< 2025-12-16 17:00:39.245 Type: SSH_FXP_STATUS, Size: 24, Number: 91908
< 2025-12-16 17:00:39.245 Status code: 0
. 2025-12-16 17:00:39.245 Preserving timestamp [2025-12-16T02:40:50.000Z]
< 2025-12-16 17:00:39.251 Type: SSH_FXP_STATUS, Size: 24, Number: 91401
< 2025-12-16 17:00:39.251 Status code: 0
. 2025-12-16 17:00:39.251 Transfer done: 'D:\busineshuboffline CHATGTP\TOGETHERSYSTEMS- GITHUB\Nieuwe map (3)\docs\multi-industry-docs\node_modules\@babel\runtime\helpers\applyDecoratedDescriptor.js' => '/home/u972026836/domains/digitalnotar.in/public_html/node_modules/@babel/runtime/helpers/applyDecoratedDescriptor.js' [653]
. 2025-12-16 17:00:39.251 File: 'D:\busineshuboffline CHATGTP\TOGETHERSYSTEMS- GITHUB\Nieuwe map (3)\docs\multi-industry-docs\node_modules\@babel\runtime\helpers\applyDecs.js' [2025-12-16T02:40:51.206Z] [8360]
. 2025-12-16 17:00:39.330 Copying "D:\busineshuboffline CHATGTP\TOGETHERSYSTEMS- GITHUB\Nieuwe map (3)\docs\multi-industry-docs\node_modules\@babel\runtime\helpers\applyDecs.js" to remote directory started.
. 2025-12-16 17:00:39.330 Binary transfer mode selected.
. 2025-12-16 17:00:39.331 Opening remote file.
> 2025-12-16 17:00:39.331 Type: SSH_FXP_OPEN, Size: 126, Number: 92163
< 2025-12-16 17:00:39.338 Type: SSH_FXP_HANDLE, Size: 13, Number: 92163
> 2025-12-16 17:00:39.338 Type: SSH_FXP_WRITE, Size: 8385, Number: 92678
> 2025-12-16 17:00:39.366 Type: SSH_FXP_CLOSE, Size: 13, Number: 92932
> 2025-12-16 17:00:39.366 Type: SSH_FXP_SETSTAT, Size: 122, Number: 92425
< 2025-12-16 17:00:39.380 Type: SSH_FXP_STATUS, Size: 24, Number: 92678
< 2025-12-16 17:00:39.380 Status code: 0
< 2025-12-16 17:00:39.383 Type: SSH_FXP_STATUS, Size: 24, Number: 92932
< 2025-12-16 17:00:39.383 Status code: 0
. 2025-12-16 17:00:39.383 Preserving timestamp [2025-12-16T02:40:51.000Z]
< 2025-12-16 17:00:39.387 Type: SSH_FXP_STATUS, Size: 24, Number: 92425
< 2025-12-16 17:00:39.387 Status code: 0
. 2025-12-16 17:00:39.387 Transfer done: 'D:\busineshuboffline CHATGTP\TOGETHERSYSTEMS- GITHUB\Nieuwe map (3)\docs\multi-industry-docs\node_modules\@babel\runtime\helpers\applyDecs.js' => '/home/u972026836/domains/digitalnotar.in/public_html/node_modules/@babel/runtime/helpers/applyDecs.js' [8360]
. 2025-12-16 17:00:39.387 File: 'D:\busineshuboffline CHATGTP\TOGETHERSYSTEMS- GITHUB\Nieuwe map (3)\docs\multi-industry-docs\node_modules\@babel\runtime\helpers\applyDecs2203.js' [2025-12-16T02:40:51.622Z] [6128]
. 2025-12-16 17:00:39.464 Copying "D:\busineshuboffline CHATGTP\TOGETHERSYSTEMS- GITHUB\Nieuwe map (3)\docs\multi-industry-docs\node_modules\@babel\runtime\helpers\applyDecs2203.js" to remote directory started.
. 2025-12-16 17:00:39.480 Binary transfer mode selected.
. 2025-12-16 17:00:39.480 Opening remote file.
> 2025-12-16 17:00:39.480 Type: SSH_FXP_OPEN, Size: 130, Number: 93187
< 2025-12-16 17:00:39.487 Type: SSH_FXP_HANDLE, Size: 13, Number: 93187
> 2025-12-16 17:00:39.487 Type: SSH_FXP_WRITE, Size: 6153, Number: 93702
> 2025-12-16 17:00:39.531 Type: SSH_FXP_CLOSE, Size: 13, Number: 93956
> 2025-12-16 17:00:39.531 Type: SSH_FXP_SETSTAT, Size: 126, Number: 93449
< 2025-12-16 17:00:39.539 Type: SSH_FXP_STATUS, Size: 24, Number: 93702
< 2025-12-16 17:00:39.539 Status code: 0
< 2025-12-16 17:00:39.546 Type: SSH_FXP_STATUS, Size: 24, Number: 93956
< 2025-12-16 17:00:39.546 Status code: 0
. 2025-12-16 17:00:39.546 Preserving timestamp [2025-12-16T02:40:51.000Z]
< 2025-12-16 17:00:39.549 Type: SSH_FXP_STATUS, Size: 24, Number: 93449
< 2025-12-16 17:00:39.549 Status code: 0
. 2025-12-16 17:00:39.549 Transfer done: 'D:\busineshuboffline CHATGTP\TOGETHERSYSTEMS- GITHUB\Nieuwe map (3)\docs\multi-industry-docs\node_modules\@babel\runtime\helpers\applyDecs2203.js' => '/home/u972026836/domains/digitalnotar.in/public_html/node_modules/@babel/runtime/helpers/applyDecs2203.js' [6128]
. 2025-12-16 17:00:39.549 File: 'D:\busineshuboffline CHATGTP\TOGETHERSYSTEMS- GITHUB\Nieuwe map (3)\docs\multi-industry-docs\node_modules\@babel\runtime\helpers\applyDecs2203R.js' [2025-12-16T02:40:52.142Z] [6583]
. 2025-12-16 17:00:39.616 Copying "D:\busineshuboffline CHATGTP\TOGETHERSYSTEMS- GITHUB\Nieuwe map (3)\docs\multi-industry-docs\node_modules\@babel\runtime\helpers\applyDecs2203R.js" to remote directory started.
. 2025-12-16 17:00:39.616 Binary transfer mode selected.
. 2025-12-16 17:00:39.616 Opening remote file.
> 2025-12-16 17:00:39.616 Type: SSH_FXP_OPEN, Size: 131, Number: 94211
< 2025-12-16 17:00:39.629 Type: SSH_FXP_HANDLE, Size: 13, Number: 94211
> 2025-12-16 17:00:39.629 Type: SSH_FXP_WRITE, Size: 6608, Number: 94726
> 2025-12-16 17:00:39.686 Type: SSH_FXP_CLOSE, Size: 13, Number: 94980
> 2025-12-16 17:00:39.686 Type: SSH_FXP_SETSTAT, Size: 127, Number: 94473
< 2025-12-16 17:00:39.702 Type: SSH_FXP_STATUS, Size: 24, Number: 94726
< 2025-12-16 17:00:39.702 Status code: 0
< 2025-12-16 17:00:39.816 Type: SSH_FXP_STATUS, Size: 24, Number: 94980
< 2025-12-16 17:00:39.816 Status code: 0
. 2025-12-16 17:00:39.899 Preserving timestamp [2025-12-16T02:40:52.000Z]
< 2025-12-16 17:00:39.899 Type: SSH_FXP_STATUS, Size: 24, Number: 94473
< 2025-12-16 17:00:39.900 Status code: 0
. 2025-12-16 17:00:39.900 Transfer done: 'D:\busineshuboffline CHATGTP\TOGETHERSYSTEMS- GITHUB\Nieuwe map (3)\docs\multi-industry-docs\node_modules\@babel\runtime\helpers\applyDecs2203R.js' => '/home/u972026836/domains/digitalnotar.in/public_html/node_modules/@babel/runtime/helpers/applyDecs2203R.js' [6583]
. 2025-12-16 17:00:39.900 File: 'D:\busineshuboffline CHATGTP\TOGETHERSYSTEMS- GITHUB\Nieuwe map (3)\docs\multi-industry-docs\node_modules\@babel\runtime\helpers\applyDecs2301.js' [2025-12-16T02:40:52.727Z] [7486]
. 2025-12-16 17:00:40.053 Copying "D:\busineshuboffline CHATGTP\TOGETHERSYSTEMS- GITHUB\Nieuwe map (3)\docs\multi-industry-docs\node_modules\@babel\runtime\helpers\applyDecs2301.js" to remote directory started.
. 2025-12-16 17:00:40.053 Binary transfer mode selected.
. 2025-12-16 17:00:40.053 Opening remote file.
> 2025-12-16 17:00:40.053 Type: SSH_FXP_OPEN, Size: 130, Number: 95235
< 2025-12-16 17:00:40.064 Type: SSH_FXP_HANDLE, Size: 13, Number: 95235
> 2025-12-16 17:00:40.066 Type: SSH_FXP_WRITE, Size: 7511, Number: 95750
> 2025-12-16 17:00:40.095 Type: SSH_FXP_CLOSE, Size: 13, Number: 96004
> 2025-12-16 17:00:40.095 Type: SSH_FXP_SETSTAT, Size: 126, Number: 95497
< 2025-12-16 17:00:40.110 Type: SSH_FXP_STATUS, Size: 24, Number: 95750
< 2025-12-16 17:00:40.110 Status code: 0
< 2025-12-16 17:00:40.150 Type: SSH_FXP_STATUS, Size: 24, Number: 96004
< 2025-12-16 17:00:40.150 Status code: 0
. 2025-12-16 17:00:40.151 Preserving timestamp [2025-12-16T02:40:52.000Z]
< 2025-12-16 17:00:40.151 Type: SSH_FXP_STATUS, Size: 24, Number: 95497
< 2025-12-16 17:00:40.151 Status code: 0
. 2025-12-16 17:00:40.151 Transfer done: 'D:\busineshuboffline CHATGTP\TOGETHERSYSTEMS- GITHUB\Nieuwe map (3)\docs\multi-industry-docs\node_modules\@babel\runtime\helpers\applyDecs2301.js' => '/home/u972026836/domains/digitalnotar.in/public_html/node_modules/@babel/runtime/helpers/applyDecs2301.js' [7486]
. 2025-12-16 17:00:40.151 File: 'D:\busineshuboffline CHATGTP\TOGETHERSYSTEMS- GITHUB\Nieuwe map (3)\docs\multi-industry-docs\node_modules\@babel\runtime\helpers\applyDecs2305.js' [2025-12-16T02:40:53.123Z] [5087]
. 2025-12-16 17:00:40.252 Copying "D:\busineshuboffline CHATGTP\TOGETHERSYSTEMS- GITHUB\Nieuwe map (3)\docs\multi-industry-docs\node_modules\@babel\runtime\helpers\applyDecs2305.js" to remote directory started.
. 2025-12-16 17:00:40.252 Binary transfer mode selected.
. 2025-12-16 17:00:40.252 Opening remote file.
> 2025-12-16 17:00:40.252 Type: SSH_FXP_OPEN, Size: 130, Number: 96259
< 2025-12-16 17:00:40.260 Type: SSH_FXP_HANDLE, Size: 13, Number: 96259
> 2025-12-16 17:00:40.260 Type: SSH_FXP_WRITE, Size: 5112, Number: 96774
> 2025-12-16 17:00:40.287 Type: SSH_FXP_CLOSE, Size: 13, Number: 97028
> 2025-12-16 17:00:40.287 Type: SSH_FXP_SETSTAT, Size: 126, Number: 96521
< 2025-12-16 17:00:40.295 Type: SSH_FXP_STATUS, Size: 24, Number: 96774
< 2025-12-16 17:00:40.295 Status code: 0
< 2025-12-16 17:00:40.318 Type: SSH_FXP_STATUS, Size: 24, Number: 97028
< 2025-12-16 17:00:40.318 Status code: 0
. 2025-12-16 17:00:40.318 Preserving timestamp [2025-12-16T02:40:53.000Z]
< 2025-12-16 17:00:40.318 Type: SSH_FXP_STATUS, Size: 24, Number: 96521
< 2025-12-16 17:00:40.318 Status code: 0
. 2025-12-16 17:00:40.318 Transfer done: 'D:\busineshuboffline CHATGTP\TOGETHERSYSTEMS- GITHUB\Nieuwe map (3)\docs\multi-industry-docs\node_modules\@babel\runtime\helpers\applyDecs2305.js' => '/home/u972026836/domains/digitalnotar.in/public_html/node_modules/@babel/runtime/helpers/applyDecs2305.js' [5087]
. 2025-12-16 17:00:40.318 File: 'D:\busineshuboffline CHATGTP\TOGETHERSYSTEMS- GITHUB\Nieuwe map (3)\docs\multi-industry-docs\node_modules\@babel\runtime\helpers\applyDecs2311.js' [2025-12-16T02:40:53.370Z] [4589]
. 2025-12-16 17:00:40.385 Copying "D:\busineshuboffline CHATGTP\TOGETHERSYSTEMS- GITHUB\Nieuwe map (3)\docs\multi-industry-docs\node_modules\@babel\runtime\helpers\applyDecs2311.js" to remote directory started.
. 2025-12-16 17:00:40.386 Binary transfer mode selected.
. 2025-12-16 17:00:40.386 Opening remote file.
> 2025-12-16 17:00:40.386 Type: SSH_FXP_OPEN, Size: 130, Number: 97283
< 2025-12-16 17:00:40.394 Type: SSH_FXP_HANDLE, Size: 13, Number: 97283
> 2025-12-16 17:00:40.394 Type: SSH_FXP_WRITE, Size: 4614, Number: 97798
> 2025-12-16 17:00:40.499 Type: SSH_FXP_CLOSE, Size: 13, Number: 98052
> 2025-12-16 17:00:40.499 Type: SSH_FXP_SETSTAT, Size: 126, Number: 97545
< 2025-12-16 17:00:40.508 Type: SSH_FXP_STATUS, Size: 24, Number: 97798
< 2025-12-16 17:00:40.508 Status code: 0
< 2025-12-16 17:00:40.533 Type: SSH_FXP_STATUS, Size: 24, Number: 98052
< 2025-12-16 17:00:40.533 Status code: 0
. 2025-12-16 17:00:40.533 Preserving timestamp [2025-12-16T02:40:53.000Z]
< 2025-12-16 17:00:40.533 Type: SSH_FXP_STATUS, Size: 24, Number: 97545
< 2025-12-16 17:00:40.533 Status code: 0
. 2025-12-16 17:00:40.533 Transfer done: 'D:\busineshuboffline CHATGTP\TOGETHERSYSTEMS- GITHUB\Nieuwe map (3)\docs\multi-industry-docs\node_modules\@babel\runtime\helpers\applyDecs2311.js' => '/home/u972026836/domains/digitalnotar.in/public_html/node_modules/@babel/runtime/helpers/applyDecs2311.js' [4589]
. 2025-12-16 17:00:40.533 File: 'D:\busineshuboffline CHATGTP\TOGETHERSYSTEMS- GITHUB\Nieuwe map (3)\docs\multi-industry-docs\node_modules\@babel\runtime\helpers\arrayLikeToArray.js' [2025-12-16T02:40:53.490Z] [268]
. 2025-12-16 17:00:40.579 Copying "D:\busineshuboffline CHATGTP\TOGETHERSYSTEMS- GITHUB\Nieuwe map (3)\docs\multi-industry-docs\node_modules\@babel\runtime\helpers\arrayLikeToArray.js" to remote directory started.
. 2025-12-16 17:00:40.579 Binary transfer mode selected.
. 2025-12-16 17:00:40.579 Opening remote file.
> 2025-12-16 17:00:40.579 Type: SSH_FXP_OPEN, Size: 133, Number: 98307
< 2025-12-16 17:00:40.587 Type: SSH_FXP_HANDLE, Size: 13, Number: 98307
> 2025-12-16 17:00:40.587 Type: SSH_FXP_WRITE, Size: 293, Number: 98822
> 2025-12-16 17:00:40.601 Type: SSH_FXP_CLOSE, Size: 13, Number: 99076
> 2025-12-16 17:00:40.601 Type: SSH_FXP_SETSTAT, Size: 129, Number: 98569
< 2025-12-16 17:00:40.610 Type: SSH_FXP_STATUS, Size: 24, Number: 98822
< 2025-12-16 17:00:40.610 Status code: 0
< 2025-12-16 17:00:40.610 Type: SSH_FXP_STATUS, Size: 24, Number: 99076
< 2025-12-16 17:00:40.610 Status code: 0
. 2025-12-16 17:00:40.610 Preserving timestamp [2025-12-16T02:40:53.000Z]
< 2025-12-16 17:00:40.618 Type: SSH_FXP_STATUS, Size: 24, Number: 98569
< 2025-12-16 17:00:40.618 Status code: 0
. 2025-12-16 17:00:40.618 Transfer done: 'D:\busineshuboffline CHATGTP\TOGETHERSYSTEMS- GITHUB\Nieuwe map (3)\docs\multi-industry-docs\node_modules\@babel\runtime\helpers\arrayLikeToArray.js' => '/home/u972026836/domains/digitalnotar.in/public_html/node_modules/@babel/runtime/helpers/arrayLikeToArray.js' [268]
. 2025-12-16 17:00:40.618 File: 'D:\busineshuboffline CHATGTP\TOGETHERSYSTEMS- GITHUB\Nieuwe map (3)\docs\multi-industry-docs\node_modules\@babel\runtime\helpers\arrayWithHoles.js' [2025-12-16T02:40:53.571Z] [177]
. 2025-12-16 17:00:40.718 Copying "D:\busineshuboffline CHATGTP\TOGETHERSYSTEMS- GITHUB\Nieuwe map (3)\docs\multi-industry-docs\node_modules\@babel\runtime\helpers\arrayWithHoles.js" to remote directory started.
. 2025-12-16 17:00:40.847 Binary transfer mode selected.
. 2025-12-16 17:00:40.847 Opening remote file.
> 2025-12-16 17:00:40.847 Type: SSH_FXP_OPEN, Size: 131, Number: 99331
< 2025-12-16 17:00:40.853 Type: SSH_FXP_HANDLE, Size: 13, Number: 99331
> 2025-12-16 17:00:40.853 Type: SSH_FXP_WRITE, Size: 202, Number: 99846
> 2025-12-16 17:00:40.950 Type: SSH_FXP_CLOSE, Size: 13, Number: 100100
> 2025-12-16 17:00:40.950 Type: SSH_FXP_SETSTAT, Size: 127, Number: 99593
< 2025-12-16 17:00:40.959 Type: SSH_FXP_STATUS, Size: 24, Number: 99846
< 2025-12-16 17:00:40.959 Status code: 0
< 2025-12-16 17:00:40.975 Type: SSH_FXP_STATUS, Size: 24, Number: 100100
< 2025-12-16 17:00:40.975 Status code: 0
. 2025-12-16 17:00:40.975 Preserving timestamp [2025-12-16T02:40:53.000Z]
< 2025-12-16 17:00:40.975 Type: SSH_FXP_STATUS, Size: 24, Number: 99593
< 2025-12-16 17:00:40.975 Status code: 0
. 2025-12-16 17:00:40.975 Transfer done: 'D:\busineshuboffline CHATGTP\TOGETHERSYSTEMS- GITHUB\Nieuwe map (3)\docs\multi-industry-docs\node_modules\@babel\runtime\helpers\arrayWithHoles.js' => '/home/u972026836/domains/digitalnotar.in/public_html/node_modules/@babel/runtime/helpers/arrayWithHoles.js' [177]
. 2025-12-16 17:00:40.977 File: 'D:\busineshuboffline CHATGTP\TOGETHERSYSTEMS- GITHUB\Nieuwe map (3)\docs\multi-industry-docs\node_modules\@babel\runtime\helpers\arrayWithoutHoles.js' [2025-12-16T02:40:53.682Z] [258]
. 2025-12-16 17:00:41.033 Copying "D:\busineshuboffline CHATGTP\TOGETHERSYSTEMS- GITHUB\Nieuwe map (3)\docs\multi-industry-docs\node_modules\@babel\runtime\helpers\arrayWithoutHoles.js" to remote directory started.
. 2025-12-16 17:00:41.036 Binary transfer mode selected.
. 2025-12-16 17:00:41.036 Opening remote file.
> 2025-12-16 17:00:41.036 Type: SSH_FXP_OPEN, Size: 134, Number: 100355
< 2025-12-16 17:00:41.047 Type: SSH_FXP_HANDLE, Size: 13, Number: 100355
> 2025-12-16 17:00:41.047 Type: SSH_FXP_WRITE, Size: 283, Number: 100870
> 2025-12-16 17:00:41.054 Type: SSH_FXP_CLOSE, Size: 13, Number: 101124
> 2025-12-16 17:00:41.054 Type: SSH_FXP_SETSTAT, Size: 130, Number: 100617
< 2025-12-16 17:00:41.066 Type: SSH_FXP_STATUS, Size: 24, Number: 100870
< 2025-12-16 17:00:41.066 Status code: 0
< 2025-12-16 17:00:41.066 Type: SSH_FXP_STATUS, Size: 24, Number: 101124
< 2025-12-16 17:00:41.066 Status code: 0
. 2025-12-16 17:00:41.066 Preserving timestamp [2025-12-16T02:40:53.000Z]
< 2025-12-16 17:00:41.074 Type: SSH_FXP_STATUS, Size: 24, Number: 100617
< 2025-12-16 17:00:41.074 Status code: 0
. 2025-12-16 17:00:41.074 Transfer done: 'D:\busineshuboffline CHATGTP\TOGETHERSYSTEMS- GITHUB\Nieuwe map (3)\docs\multi-industry-docs\node_modules\@babel\runtime\helpers\arrayWithoutHoles.js' => '/home/u972026836/domains/digitalnotar.in/public_html/node_modules/@babel/runtime/helpers/arrayWithoutHoles.js' [258]
. 2025-12-16 17:00:41.078 File: 'D:\busineshuboffline CHATGTP\TOGETHERSYSTEMS- GITHUB\Nieuwe map (3)\docs\multi-industry-docs\node_modules\@babel\runtime\helpers\assertClassBrand.js' [2025-12-16T02:40:53.765Z] [313]
. 2025-12-16 17:00:41.130 Copying "D:\busineshuboffline CHATGTP\TOGETHERSYSTEMS- GITHUB\Nieuwe map (3)\docs\multi-industry-docs\node_modules\@babel\runtime\helpers\assertClassBrand.js" to remote directory started.
. 2025-12-16 17:00:41.130 Binary transfer mode selected.
. 2025-12-16 17:00:41.130 Opening remote file.
> 2025-12-16 17:00:41.130 Type: SSH_FXP_OPEN, Size: 133, Number: 101379
< 2025-12-16 17:00:41.144 Type: SSH_FXP_HANDLE, Size: 13, Number: 101379
> 2025-12-16 17:00:41.144 Type: SSH_FXP_WRITE, Size: 338, Number: 101894
> 2025-12-16 17:00:41.147 Type: SSH_FXP_CLOSE, Size: 13, Number: 102148
> 2025-12-16 17:00:41.147 Type: SSH_FXP_SETSTAT, Size: 129, Number: 101641
< 2025-12-16 17:00:41.163 Type: SSH_FXP_STATUS, Size: 24, Number: 101894
< 2025-12-16 17:00:41.163 Status code: 0
< 2025-12-16 17:00:41.163 Type: SSH_FXP_STATUS, Size: 24, Number: 102148
< 2025-12-16 17:00:41.163 Status code: 0
. 2025-12-16 17:00:41.163 Preserving timestamp [2025-12-16T02:40:53.000Z]
< 2025-12-16 17:00:41.171 Type: SSH_FXP_STATUS, Size: 24, Number: 101641
< 2025-12-16 17:00:41.171 Status code: 0
. 2025-12-16 17:00:41.171 Transfer done: 'D:\busineshuboffline CHATGTP\TOGETHERSYSTEMS- GITHUB\Nieuwe map (3)\docs\multi-industry-docs\node_modules\@babel\runtime\helpers\assertClassBrand.js' => '/home/u972026836/domains/digitalnotar.in/public_html/node_modules/@babel/runtime/helpers/assertClassBrand.js' [313]
. 2025-12-16 17:00:41.171 File: 'D:\busineshuboffline CHATGTP\TOGETHERSYSTEMS- GITHUB\Nieuwe map (3)\docs\multi-industry-docs\node_modules\@babel\runtime\helpers\assertThisInitialized.js' [2025-12-16T02:40:53.843Z] [276]
. 2025-12-16 17:00:41.218 Copying "D:\busineshuboffline CHATGTP\TOGETHERSYSTEMS- GITHUB\Nieuwe map (3)\docs\multi-industry-docs\node_modules\@babel\runtime\helpers\assertThisInitialized.js" to remote directory started.
. 2025-12-16 17:00:41.219 Binary transfer mode selected.
. 2025-12-16 17:00:41.219 Opening remote file.
> 2025-12-16 17:00:41.219 Type: SSH_FXP_OPEN, Size: 138, Number: 102403
< 2025-12-16 17:00:41.226 Type: SSH_FXP_HANDLE, Size: 13, Number: 102403
> 2025-12-16 17:00:41.227 Type: SSH_FXP_WRITE, Size: 301, Number: 102918
> 2025-12-16 17:00:41.235 Type: SSH_FXP_CLOSE, Size: 13, Number: 103172
> 2025-12-16 17:00:41.235 Type: SSH_FXP_SETSTAT, Size: 134, Number: 102665
< 2025-12-16 17:00:41.248 Type: SSH_FXP_STATUS, Size: 24, Number: 102918
< 2025-12-16 17:00:41.248 Status code: 0
< 2025-12-16 17:00:41.262 Type: SSH_FXP_STATUS, Size: 24, Number: 103172
< 2025-12-16 17:00:41.262 Status code: 0
. 2025-12-16 17:00:41.262 Preserving timestamp [2025-12-16T02:40:53.000Z]
< 2025-12-16 17:00:41.262 Type: SSH_FXP_STATUS, Size: 24, Number: 102665
< 2025-12-16 17:00:41.262 Status code: 0
. 2025-12-16 17:00:41.262 Transfer done: 'D:\busineshuboffline CHATGTP\TOGETHERSYSTEMS- GITHUB\Nieuwe map (3)\docs\multi-industry-docs\node_modules\@babel\runtime\helpers\assertThisInitialized.js' => '/home/u972026836/domains/digitalnotar.in/public_html/node_modules/@babel/runtime/helpers/assertThisInitialized.js' [276]
. 2025-12-16 17:00:41.262 File: 'D:\busineshuboffline CHATGTP\TOGETHERSYSTEMS- GITHUB\Nieuwe map (3)\docs\multi-industry-docs\node_modules\@babel\runtime\helpers\asyncGeneratorDelegate.js' [2025-12-16T02:40:53.987Z] [841]
. 2025-12-16 17:00:41.314 Copying "D:\busineshuboffline CHATGTP\TOGETHERSYSTEMS- GITHUB\Nieuwe map (3)\docs\multi-industry-docs\node_modules\@babel\runtime\helpers\asyncGeneratorDelegate.js" to remote directory started.
. 2025-12-16 17:00:41.314 Binary transfer mode selected.
. 2025-12-16 17:00:41.314 Opening remote file.
> 2025-12-16 17:00:41.314 Type: SSH_FXP_OPEN, Size: 139, Number: 103427
< 2025-12-16 17:00:41.323 Type: SSH_FXP_HANDLE, Size: 13, Number: 103427
> 2025-12-16 17:00:41.323 Type: SSH_FXP_WRITE, Size: 866, Number: 103942
> 2025-12-16 17:00:41.337 Type: SSH_FXP_CLOSE, Size: 13, Number: 104196
> 2025-12-16 17:00:41.338 Type: SSH_FXP_SETSTAT, Size: 135, Number: 103689
< 2025-12-16 17:00:41.345 Type: SSH_FXP_STATUS, Size: 24, Number: 103942
< 2025-12-16 17:00:41.345 Status code: 0
< 2025-12-16 17:00:41.345 Type: SSH_FXP_STATUS, Size: 24, Number: 104196
< 2025-12-16 17:00:41.345 Status code: 0
. 2025-12-16 17:00:41.345 Preserving timestamp [2025-12-16T02:40:53.000Z]
< 2025-12-16 17:00:41.353 Type: SSH_FXP_STATUS, Size: 24, Number: 103689
< 2025-12-16 17:00:41.353 Status code: 0
. 2025-12-16 17:00:41.353 Transfer done: 'D:\busineshuboffline CHATGTP\TOGETHERSYSTEMS- GITHUB\Nieuwe map (3)\docs\multi-industry-docs\node_modules\@babel\runtime\helpers\asyncGeneratorDelegate.js' => '/home/u972026836/domains/digitalnotar.in/public_html/node_modules/@babel/runtime/helpers/asyncGeneratorDelegate.js' [841]
. 2025-12-16 17:00:41.353 File: 'D:\busineshuboffline CHATGTP\TOGETHERSYSTEMS- GITHUB\Nieuwe map (3)\docs\multi-industry-docs\node_modules\@babel\runtime\helpers\asyncIterator.js' [2025-12-16T02:40:54.139Z] [1560]
. 2025-12-16 17:00:41.399 Copying "D:\busineshuboffline CHATGTP\TOGETHERSYSTEMS- GITHUB\Nieuwe map (3)\docs\multi-industry-docs\node_modules\@babel\runtime\helpers\asyncIterator.js" to remote directory started.
. 2025-12-16 17:00:41.400 Binary transfer mode selected.
. 2025-12-16 17:00:41.400 Opening remote file.
> 2025-12-16 17:00:41.400 Type: SSH_FXP_OPEN, Size: 130, Number: 104451
< 2025-12-16 17:00:41.411 Type: SSH_FXP_HANDLE, Size: 13, Number: 104451
> 2025-12-16 17:00:41.411 Type: SSH_FXP_WRITE, Size: 1585, Number: 104966
> 2025-12-16 17:00:41.464 Type: SSH_FXP_CLOSE, Size: 13, Number: 105220
> 2025-12-16 17:00:41.464 Type: SSH_FXP_SETSTAT, Size: 126, Number: 104713
< 2025-12-16 17:00:41.478 Type: SSH_FXP_STATUS, Size: 24, Number: 104966
< 2025-12-16 17:00:41.478 Status code: 0
< 2025-12-16 17:00:41.499 Type: SSH_FXP_STATUS, Size: 24, Number: 105220
< 2025-12-16 17:00:41.499 Status code: 0
. 2025-12-16 17:00:41.499 Preserving timestamp [2025-12-16T02:40:54.000Z]
< 2025-12-16 17:00:41.499 Type: SSH_FXP_STATUS, Size: 24, Number: 104713
< 2025-12-16 17:00:41.499 Status code: 0
. 2025-12-16 17:00:41.499 Transfer done: 'D:\busineshuboffline CHATGTP\TOGETHERSYSTEMS- GITHUB\Nieuwe map (3)\docs\multi-industry-docs\node_modules\@babel\runtime\helpers\asyncIterator.js' => '/home/u972026836/domains/digitalnotar.in/public_html/node_modules/@babel/runtime/helpers/asyncIterator.js' [1560]
. 2025-12-16 17:00:41.499 File: 'D:\busineshuboffline CHATGTP\TOGETHERSYSTEMS- GITHUB\Nieuwe map (3)\docs\multi-industry-docs\node_modules\@babel\runtime\helpers\asyncToGenerator.js' [2025-12-16T02:40:54.276Z] [701]
. 2025-12-16 17:00:41.566 Copying "D:\busineshuboffline CHATGTP\TOGETHERSYSTEMS- GITHUB\Nieuwe map (3)\docs\multi-industry-docs\node_modules\@babel\runtime\helpers\asyncToGenerator.js" to remote directory started.
. 2025-12-16 17:00:41.566 Binary transfer mode selected.
. 2025-12-16 17:00:41.566 Opening remote file.
> 2025-12-16 17:00:41.566 Type: SSH_FXP_OPEN, Size: 133, Number: 105475
< 2025-12-16 17:00:41.579 Type: SSH_FXP_HANDLE, Size: 13, Number: 105475
> 2025-12-16 17:00:41.579 Type: SSH_FXP_WRITE, Size: 726, Number: 105990
> 2025-12-16 17:00:41.585 Type: SSH_FXP_CLOSE, Size: 13, Number: 106244
> 2025-12-16 17:00:41.585 Type: SSH_FXP_SETSTAT, Size: 129, Number: 105737
< 2025-12-16 17:00:41.598 Type: SSH_FXP_STATUS, Size: 24, Number: 105990
< 2025-12-16 17:00:41.598 Status code: 0
< 2025-12-16 17:00:41.598 Type: SSH_FXP_STATUS, Size: 24, Number: 106244
< 2025-12-16 17:00:41.598 Status code: 0
. 2025-12-16 17:00:41.598 Preserving timestamp [2025-12-16T02:40:54.000Z]
< 2025-12-16 17:00:41.613 Type: SSH_FXP_STATUS, Size: 24, Number: 105737
< 2025-12-16 17:00:41.613 Status code: 0
. 2025-12-16 17:00:41.613 Transfer done: 'D:\busineshuboffline CHATGTP\TOGETHERSYSTEMS- GITHUB\Nieuwe map (3)\docs\multi-industry-docs\node_modules\@babel\runtime\helpers\asyncToGenerator.js' => '/home/u972026836/domains/digitalnotar.in/public_html/node_modules/@babel/runtime/helpers/asyncToGenerator.js' [701]
. 2025-12-16 17:00:41.613 File: 'D:\busineshuboffline CHATGTP\TOGETHERSYSTEMS- GITHUB\Nieuwe map (3)\docs\multi-industry-docs\node_modules\@babel\runtime\helpers\awaitAsyncGenerator.js' [2025-12-16T02:40:54.341Z] [238]
. 2025-12-16 17:00:41.662 Copying "D:\busineshuboffline CHATGTP\TOGETHERSYSTEMS- GITHUB\Nieuwe map (3)\docs\multi-industry-docs\node_modules\@babel\runtime\helpers\awaitAsyncGenerator.js" to remote directory started.
. 2025-12-16 17:00:41.662 Binary transfer mode selected.
. 2025-12-16 17:00:41.662 Opening remote file.
> 2025-12-16 17:00:41.662 Type: SSH_FXP_OPEN, Size: 136, Number: 106499
< 2025-12-16 17:00:41.679 Type: SSH_FXP_HANDLE, Size: 13, Number: 106499
> 2025-12-16 17:00:41.679 Type: SSH_FXP_WRITE, Size: 263, Number: 107014
> 2025-12-16 17:00:41.695 Type: SSH_FXP_CLOSE, Size: 13, Number: 107268
> 2025-12-16 17:00:41.695 Type: SSH_FXP_SETSTAT, Size: 132, Number: 106761
< 2025-12-16 17:00:41.704 Type: SSH_FXP_STATUS, Size: 24, Number: 107014
< 2025-12-16 17:00:41.704 Status code: 0
< 2025-12-16 17:00:41.733 Type: SSH_FXP_STATUS, Size: 24, Number: 107268
< 2025-12-16 17:00:41.733 Status code: 0
. 2025-12-16 17:00:41.733 Preserving timestamp [2025-12-16T02:40:54.000Z]
< 2025-12-16 17:00:41.733 Type: SSH_FXP_STATUS, Size: 24, Number: 106761
< 2025-12-16 17:00:41.733 Status code: 0
. 2025-12-16 17:00:41.733 Transfer done: 'D:\busineshuboffline CHATGTP\TOGETHERSYSTEMS- GITHUB\Nieuwe map (3)\docs\multi-industry-docs\node_modules\@babel\runtime\helpers\awaitAsyncGenerator.js' => '/home/u972026836/domains/digitalnotar.in/public_html/node_modules/@babel/runtime/helpers/awaitAsyncGenerator.js' [238]
. 2025-12-16 17:00:41.734 File: 'D:\busineshuboffline CHATGTP\TOGETHERSYSTEMS- GITHUB\Nieuwe map (3)\docs\multi-industry-docs\node_modules\@babel\runtime\helpers\AwaitValue.js' [2025-12-16T02:40:49.114Z] [155]
. 2025-12-16 17:00:42.018 Copying "D:\busineshuboffline CHATGTP\TOGETHERSYSTEMS- GITHUB\Nieuwe map (3)\docs\multi-industry-docs\node_modules\@babel\runtime\helpers\AwaitValue.js" to remote directory started.
. 2025-12-16 17:00:42.101 Binary transfer mode selected.
. 2025-12-16 17:00:42.101 Opening remote file.
> 2025-12-16 17:00:42.101 Type: SSH_FXP_OPEN, Size: 127, Number: 107523
< 2025-12-16 17:00:42.110 Type: SSH_FXP_HANDLE, Size: 13, Number: 107523
> 2025-12-16 17:00:42.110 Type: SSH_FXP_WRITE, Size: 180, Number: 108038
> 2025-12-16 17:00:42.203 Type: SSH_FXP_CLOSE, Size: 13, Number: 108292
> 2025-12-16 17:00:42.203 Type: SSH_FXP_SETSTAT, Size: 123, Number: 107785
< 2025-12-16 17:00:42.210 Type: SSH_FXP_STATUS, Size: 24, Number: 108038
< 2025-12-16 17:00:42.210 Status code: 0
< 2025-12-16 17:00:42.282 Type: SSH_FXP_STATUS, Size: 24, Number: 108292
< 2025-12-16 17:00:42.282 Status code: 0
. 2025-12-16 17:00:42.298 Preserving timestamp [2025-12-16T02:40:49.000Z]
< 2025-12-16 17:00:42.298 Type: SSH_FXP_STATUS, Size: 24, Number: 107785
< 2025-12-16 17:00:42.298 Status code: 0
. 2025-12-16 17:00:42.298 Transfer done: 'D:\busineshuboffline CHATGTP\TOGETHERSYSTEMS- GITHUB\Nieuwe map (3)\docs\multi-industry-docs\node_modules\@babel\runtime\helpers\AwaitValue.js' => '/home/u972026836/domains/digitalnotar.in/public_html/node_modules/@babel/runtime/helpers/AwaitValue.js' [155]
. 2025-12-16 17:00:42.298 File: 'D:\busineshuboffline CHATGTP\TOGETHERSYSTEMS- GITHUB\Nieuwe map (3)\docs\multi-industry-docs\node_modules\@babel\runtime\helpers\callSuper.js' [2025-12-16T02:40:54.445Z] [509]
. 2025-12-16 17:00:42.349 Copying "D:\busineshuboffline CHATGTP\TOGETHERSYSTEMS- GITHUB\Nieuwe map (3)\docs\multi-industry-docs\node_modules\@babel\runtime\helpers\callSuper.js" to remote directory started.
. 2025-12-16 17:00:42.349 Binary transfer mode selected.
. 2025-12-16 17:00:42.349 Opening remote file.
> 2025-12-16 17:00:42.349 Type: SSH_FXP_OPEN, Size: 126, Number: 108547
< 2025-12-16 17:00:42.361 Type: SSH_FXP_HANDLE, Size: 13, Number: 108547
> 2025-12-16 17:00:42.362 Type: SSH_FXP_WRITE, Size: 534, Number: 109062
> 2025-12-16 17:00:42.377 Type: SSH_FXP_CLOSE, Size: 13, Number: 109316
> 2025-12-16 17:00:42.377 Type: SSH_FXP_SETSTAT, Size: 122, Number: 108809
< 2025-12-16 17:00:42.384 Type: SSH_FXP_STATUS, Size: 24, Number: 109062
< 2025-12-16 17:00:42.384 Status code: 0
< 2025-12-16 17:00:42.384 Type: SSH_FXP_STATUS, Size: 24, Number: 109316
< 2025-12-16 17:00:42.384 Status code: 0
. 2025-12-16 17:00:42.384 Preserving timestamp [2025-12-16T02:40:54.000Z]
< 2025-12-16 17:00:42.393 Type: SSH_FXP_STATUS, Size: 24, Number: 108809
< 2025-12-16 17:00:42.393 Status code: 0
. 2025-12-16 17:00:42.394 Transfer done: 'D:\busineshuboffline CHATGTP\TOGETHERSYSTEMS- GITHUB\Nieuwe map (3)\docs\multi-industry-docs\node_modules\@babel\runtime\helpers\callSuper.js' => '/home/u972026836/domains/digitalnotar.in/public_html/node_modules/@babel/runtime/helpers/callSuper.js' [509]
. 2025-12-16 17:00:42.394 File: 'D:\busineshuboffline CHATGTP\TOGETHERSYSTEMS- GITHUB\Nieuwe map (3)\docs\multi-industry-docs\node_modules\@babel\runtime\helpers\checkInRHS.js' [2025-12-16T02:40:54.508Z] [326]
. 2025-12-16 17:00:42.501 Copying "D:\busineshuboffline CHATGTP\TOGETHERSYSTEMS- GITHUB\Nieuwe map (3)\docs\multi-industry-docs\node_modules\@babel\runtime\helpers\checkInRHS.js" to remote directory started.
. 2025-12-16 17:00:42.567 Binary transfer mode selected.
. 2025-12-16 17:00:42.567 Opening remote file.
> 2025-12-16 17:00:42.567 Type: SSH_FXP_OPEN, Size: 127, Number: 109571
< 2025-12-16 17:00:42.578 Type: SSH_FXP_HANDLE, Size: 13, Number: 109571
> 2025-12-16 17:00:42.578 Type: SSH_FXP_WRITE, Size: 351, Number: 110086
> 2025-12-16 17:00:42.651 Type: SSH_FXP_CLOSE, Size: 13, Number: 110340
> 2025-12-16 17:00:42.651 Type: SSH_FXP_SETSTAT, Size: 123, Number: 109833
< 2025-12-16 17:00:42.660 Type: SSH_FXP_STATUS, Size: 24, Number: 110086
< 2025-12-16 17:00:42.660 Status code: 0
< 2025-12-16 17:00:42.784 Type: SSH_FXP_STATUS, Size: 24, Number: 110340
< 2025-12-16 17:00:42.784 Status code: 0
. 2025-12-16 17:00:42.802 Preserving timestamp [2025-12-16T02:40:54.000Z]
< 2025-12-16 17:00:42.802 Type: SSH_FXP_STATUS, Size: 24, Number: 109833
< 2025-12-16 17:00:42.802 Status code: 0
. 2025-12-16 17:00:42.802 Transfer done: 'D:\busineshuboffline CHATGTP\TOGETHERSYSTEMS- GITHUB\Nieuwe map (3)\docs\multi-industry-docs\node_modules\@babel\runtime\helpers\checkInRHS.js' => '/home/u972026836/domains/digitalnotar.in/public_html/node_modules/@babel/runtime/helpers/checkInRHS.js' [326]
. 2025-12-16 17:00:42.802 File: 'D:\busineshuboffline CHATGTP\TOGETHERSYSTEMS- GITHUB\Nieuwe map (3)\docs\multi-industry-docs\node_modules\@babel\runtime\helpers\checkPrivateRedeclaration.js' [2025-12-16T02:40:54.581Z] [271]
. 2025-12-16 17:00:42.879 Copying "D:\busineshuboffline CHATGTP\TOGETHERSYSTEMS- GITHUB\Nieuwe map (3)\docs\multi-industry-docs\node_modules\@babel\runtime\helpers\checkPrivateRedeclaration.js" to remote directory started.
. 2025-12-16 17:00:42.879 Binary transfer mode selected.
. 2025-12-16 17:00:42.879 Opening remote file.
> 2025-12-16 17:00:42.880 Type: SSH_FXP_OPEN, Size: 142, Number: 110595
< 2025-12-16 17:00:42.886 Type: SSH_FXP_HANDLE, Size: 13, Number: 110595
> 2025-12-16 17:00:42.888 Type: SSH_FXP_WRITE, Size: 296, Number: 111110
> 2025-12-16 17:00:42.919 Type: SSH_FXP_CLOSE, Size: 13, Number: 111364
> 2025-12-16 17:00:42.919 Type: SSH_FXP_SETSTAT, Size: 138, Number: 110857
< 2025-12-16 17:00:42.927 Type: SSH_FXP_STATUS, Size: 24, Number: 111110
< 2025-12-16 17:00:42.927 Status code: 0
< 2025-12-16 17:00:42.936 Type: SSH_FXP_STATUS, Size: 24, Number: 111364
< 2025-12-16 17:00:42.937 Status code: 0
. 2025-12-16 17:00:42.937 Preserving timestamp [2025-12-16T02:40:54.000Z]
< 2025-12-16 17:00:42.937 Type: SSH_FXP_STATUS, Size: 24, Number: 110857
< 2025-12-16 17:00:42.937 Status code: 0
. 2025-12-16 17:00:42.937 Transfer done: 'D:\busineshuboffline CHATGTP\TOGETHERSYSTEMS- GITHUB\Nieuwe map (3)\docs\multi-industry-docs\node_modules\@babel\runtime\helpers\checkPrivateRedeclaration.js' => '/home/u972026836/domains/digitalnotar.in/public_html/node_modules/@babel/runtime/helpers/checkPrivateRedeclaration.js' [271]
. 2025-12-16 17:00:42.937 File: 'D:\busineshuboffline CHATGTP\TOGETHERSYSTEMS- GITHUB\Nieuwe map (3)\docs\multi-industry-docs\node_modules\@babel\runtime\helpers\classApplyDescriptorDestructureSet.js' [2025-12-16T02:40:54.699Z] [410]
. 2025-12-16 17:00:42.998 Copying "D:\busineshuboffline CHATGTP\TOGETHERSYSTEMS- GITHUB\Nieuwe map (3)\docs\multi-industry-docs\node_modules\@babel\runtime\helpers\classApplyDescriptorDestructureSet.js" to remote directory started.
. 2025-12-16 17:00:43.217 Binary transfer mode selected.
. 2025-12-16 17:00:43.217 Opening remote file.
> 2025-12-16 17:00:43.217 Type: SSH_FXP_OPEN, Size: 151, Number: 111619
< 2025-12-16 17:00:43.227 Type: SSH_FXP_HANDLE, Size: 13, Number: 111619
> 2025-12-16 17:00:43.227 Type: SSH_FXP_WRITE, Size: 435, Number: 112134
> 2025-12-16 17:00:43.256 Type: SSH_FXP_CLOSE, Size: 13, Number: 112388
> 2025-12-16 17:00:43.256 Type: SSH_FXP_SETSTAT, Size: 147, Number: 111881
< 2025-12-16 17:00:43.266 Type: SSH_FXP_STATUS, Size: 24, Number: 112134
< 2025-12-16 17:00:43.266 Status code: 0
< 2025-12-16 17:00:43.346 Type: SSH_FXP_STATUS, Size: 24, Number: 112388
< 2025-12-16 17:00:43.346 Status code: 0
. 2025-12-16 17:00:43.362 Preserving timestamp [2025-12-16T02:40:54.000Z]
< 2025-12-16 17:00:43.362 Type: SSH_FXP_STATUS, Size: 24, Number: 111881
< 2025-12-16 17:00:43.362 Status code: 0
. 2025-12-16 17:00:43.362 Transfer done: 'D:\busineshuboffline CHATGTP\TOGETHERSYSTEMS- GITHUB\Nieuwe map (3)\docs\multi-industry-docs\node_modules\@babel\runtime\helpers\classApplyDescriptorDestructureSet.js' => '/home/u972026836/domains/digitalnotar.in/public_html/node_modules/@babel/runtime/helpers/classApplyDescriptorDestructureSet.js' [410]
. 2025-12-16 17:00:43.362 File: 'D:\busineshuboffline CHATGTP\TOGETHERSYSTEMS- GITHUB\Nieuwe map (3)\docs\multi-industry-docs\node_modules\@babel\runtime\helpers\classApplyDescriptorGet.js' [2025-12-16T02:40:54.781Z] [206]
. 2025-12-16 17:00:43.464 Copying "D:\busineshuboffline CHATGTP\TOGETHERSYSTEMS- GITHUB\Nieuwe map (3)\docs\multi-industry-docs\node_modules\@babel\runtime\helpers\classApplyDescriptorGet.js" to remote directory started.
. 2025-12-16 17:00:43.464 Binary transfer mode selected.
. 2025-12-16 17:00:43.464 Opening remote file.
> 2025-12-16 17:00:43.464 Type: SSH_FXP_OPEN, Size: 140, Number: 112643
< 2025-12-16 17:00:43.473 Type: SSH_FXP_HANDLE, Size: 13, Number: 112643
> 2025-12-16 17:00:43.473 Type: SSH_FXP_WRITE, Size: 231, Number: 113158
> 2025-12-16 17:00:43.502 Type: SSH_FXP_CLOSE, Size: 13, Number: 113412
> 2025-12-16 17:00:43.502 Type: SSH_FXP_SETSTAT, Size: 136, Number: 112905
< 2025-12-16 17:00:43.510 Type: SSH_FXP_STATUS, Size: 24, Number: 113158
< 2025-12-16 17:00:43.510 Status code: 0
< 2025-12-16 17:00:43.533 Type: SSH_FXP_STATUS, Size: 24, Number: 113412
< 2025-12-16 17:00:43.533 Status code: 0
. 2025-12-16 17:00:43.533 Preserving timestamp [2025-12-16T02:40:54.000Z]
< 2025-12-16 17:00:43.534 Type: SSH_FXP_STATUS, Size: 24, Number: 112905
< 2025-12-16 17:00:43.534 Status code: 0
. 2025-12-16 17:00:43.534 Transfer done: 'D:\busineshuboffline CHATGTP\TOGETHERSYSTEMS- GITHUB\Nieuwe map (3)\docs\multi-industry-docs\node_modules\@babel\runtime\helpers\classApplyDescriptorGet.js' => '/home/u972026836/domains/digitalnotar.in/public_html/node_modules/@babel/runtime/helpers/classApplyDescriptorGet.js' [206]
. 2025-12-16 17:00:43.534 File: 'D:\busineshuboffline CHATGTP\TOGETHERSYSTEMS- GITHUB\Nieuwe map (3)\docs\multi-industry-docs\node_modules\@babel\runtime\helpers\classApplyDescriptorSet.js' [2025-12-16T02:40:54.875Z] [311]
. 2025-12-16 17:00:43.628 Copying "D:\busineshuboffline CHATGTP\TOGETHERSYSTEMS- GITHUB\Nieuwe map (3)\docs\multi-industry-docs\node_modules\@babel\runtime\helpers\classApplyDescriptorSet.js" to remote directory started.
. 2025-12-16 17:00:43.628 Binary transfer mode selected.
. 2025-12-16 17:00:43.628 Opening remote file.
> 2025-12-16 17:00:43.628 Type: SSH_FXP_OPEN, Size: 140, Number: 113667
< 2025-12-16 17:00:43.635 Type: SSH_FXP_HANDLE, Size: 13, Number: 113667
> 2025-12-16 17:00:43.636 Type: SSH_FXP_WRITE, Size: 336, Number: 114182
> 2025-12-16 17:00:43.669 Type: SSH_FXP_CLOSE, Size: 13, Number: 114436
> 2025-12-16 17:00:43.669 Type: SSH_FXP_SETSTAT, Size: 136, Number: 113929
< 2025-12-16 17:00:43.677 Type: SSH_FXP_STATUS, Size: 24, Number: 114182
< 2025-12-16 17:00:43.677 Status code: 0
< 2025-12-16 17:00:43.752 Type: SSH_FXP_STATUS, Size: 24, Number: 114436
< 2025-12-16 17:00:43.753 Status code: 0
. 2025-12-16 17:00:43.815 Preserving timestamp [2025-12-16T02:40:54.000Z]
< 2025-12-16 17:00:43.815 Type: SSH_FXP_STATUS, Size: 24, Number: 113929
< 2025-12-16 17:00:43.815 Status code: 0
. 2025-12-16 17:00:43.815 Transfer done: 'D:\busineshuboffline CHATGTP\TOGETHERSYSTEMS- GITHUB\Nieuwe map (3)\docs\multi-industry-docs\node_modules\@babel\runtime\helpers\classApplyDescriptorSet.js' => '/home/u972026836/domains/digitalnotar.in/public_html/node_modules/@babel/runtime/helpers/classApplyDescriptorSet.js' [311]
. 2025-12-16 17:00:43.815 File: 'D:\busineshuboffline CHATGTP\TOGETHERSYSTEMS- GITHUB\Nieuwe map (3)\docs\multi-industry-docs\node_modules\@babel\runtime\helpers\classCallCheck.js' [2025-12-16T02:40:54.952Z] [229]
. 2025-12-16 17:00:43.879 Copying "D:\busineshuboffline CHATGTP\TOGETHERSYSTEMS- GITHUB\Nieuwe map (3)\docs\multi-industry-docs\node_modules\@babel\runtime\helpers\classCallCheck.js" to remote directory started.
. 2025-12-16 17:00:43.881 Binary transfer mode selected.
. 2025-12-16 17:00:43.881 Opening remote file.
> 2025-12-16 17:00:43.881 Type: SSH_FXP_OPEN, Size: 131, Number: 114691
< 2025-12-16 17:00:43.888 Type: SSH_FXP_HANDLE, Size: 13, Number: 114691
> 2025-12-16 17:00:43.888 Type: SSH_FXP_WRITE, Size: 254, Number: 115206
> 2025-12-16 17:00:43.929 Type: SSH_FXP_CLOSE, Size: 13, Number: 115460
> 2025-12-16 17:00:43.929 Type: SSH_FXP_SETSTAT, Size: 127, Number: 114953
< 2025-12-16 17:00:43.936 Type: SSH_FXP_STATUS, Size: 24, Number: 115206
< 2025-12-16 17:00:43.936 Status code: 0
< 2025-12-16 17:00:43.937 Type: SSH_FXP_STATUS, Size: 24, Number: 115460
< 2025-12-16 17:00:43.937 Status code: 0
. 2025-12-16 17:00:43.937 Preserving timestamp [2025-12-16T02:40:54.000Z]
< 2025-12-16 17:00:43.943 Type: SSH_FXP_STATUS, Size: 24, Number: 114953
< 2025-12-16 17:00:43.943 Status code: 0
. 2025-12-16 17:00:43.943 Transfer done: 'D:\busineshuboffline CHATGTP\TOGETHERSYSTEMS- GITHUB\Nieuwe map (3)\docs\multi-industry-docs\node_modules\@babel\runtime\helpers\classCallCheck.js' => '/home/u972026836/domains/digitalnotar.in/public_html/node_modules/@babel/runtime/helpers/classCallCheck.js' [229]
. 2025-12-16 17:00:43.943 File: 'D:\busineshuboffline CHATGTP\TOGETHERSYSTEMS- GITHUB\Nieuwe map (3)\docs\multi-industry-docs\node_modules\@babel\runtime\helpers\classCheckPrivateStaticAccess.js' [2025-12-16T02:40:55.023Z] [272]
. 2025-12-16 17:00:44.003 Copying "D:\busineshuboffline CHATGTP\TOGETHERSYSTEMS- GITHUB\Nieuwe map (3)\docs\multi-industry-docs\node_modules\@babel\runtime\helpers\classCheckPrivateStaticAccess.js" to remote directory started.
. 2025-12-16 17:00:44.003 Binary transfer mode selected.
. 2025-12-16 17:00:44.003 Opening remote file.
> 2025-12-16 17:00:44.003 Type: SSH_FXP_OPEN, Size: 146, Number: 115715
< 2025-12-16 17:00:44.013 Type: SSH_FXP_HANDLE, Size: 13, Number: 115715
> 2025-12-16 17:00:44.013 Type: SSH_FXP_WRITE, Size: 297, Number: 116230
> 2025-12-16 17:00:44.035 Type: SSH_FXP_CLOSE, Size: 13, Number: 116484
> 2025-12-16 17:00:44.035 Type: SSH_FXP_SETSTAT, Size: 142, Number: 115977
< 2025-12-16 17:00:44.043 Type: SSH_FXP_STATUS, Size: 24, Number: 116230
< 2025-12-16 17:00:44.043 Status code: 0
< 2025-12-16 17:00:44.045 Type: SSH_FXP_STATUS, Size: 24, Number: 116484
< 2025-12-16 17:00:44.045 Status code: 0
. 2025-12-16 17:00:44.045 Preserving timestamp [2025-12-16T02:40:55.000Z]
< 2025-12-16 17:00:44.051 Type: SSH_FXP_STATUS, Size: 24, Number: 115977
< 2025-12-16 17:00:44.051 Status code: 0
. 2025-12-16 17:00:44.051 Transfer done: 'D:\busineshuboffline CHATGTP\TOGETHERSYSTEMS- GITHUB\Nieuwe map (3)\docs\multi-industry-docs\node_modules\@babel\runtime\helpers\classCheckPrivateStaticAccess.js' => '/home/u972026836/domains/digitalnotar.in/public_html/node_modules/@babel/runtime/helpers/classCheckPrivateStaticAccess.js' [272]
. 2025-12-16 17:00:44.051 File: 'D:\busineshuboffline CHATGTP\TOGETHERSYSTEMS- GITHUB\Nieuwe map (3)\docs\multi-industry-docs\node_modules\@babel\runtime\helpers\classCheckPrivateStaticFieldDescriptor.js' [2025-12-16T02:40:55.113Z] [305]
. 2025-12-16 17:00:44.107 Copying "D:\busineshuboffline CHATGTP\TOGETHERSYSTEMS- GITHUB\Nieuwe map (3)\docs\multi-industry-docs\node_modules\@babel\runtime\helpers\classCheckPrivateStaticFieldDescriptor.js" to remote directory started.
. 2025-12-16 17:00:44.107 Binary transfer mode selected.
. 2025-12-16 17:00:44.107 Opening remote file.
> 2025-12-16 17:00:44.109 Type: SSH_FXP_OPEN, Size: 155, Number: 116739
< 2025-12-16 17:00:44.120 Type: SSH_FXP_HANDLE, Size: 13, Number: 116739
> 2025-12-16 17:00:44.120 Type: SSH_FXP_WRITE, Size: 330, Number: 117254
> 2025-12-16 17:00:44.199 Type: SSH_FXP_CLOSE, Size: 13, Number: 117508
> 2025-12-16 17:00:44.199 Type: SSH_FXP_SETSTAT, Size: 151, Number: 117001
< 2025-12-16 17:00:44.207 Type: SSH_FXP_STATUS, Size: 24, Number: 117254
< 2025-12-16 17:00:44.207 Status code: 0
< 2025-12-16 17:00:44.282 Type: SSH_FXP_STATUS, Size: 24, Number: 117508
< 2025-12-16 17:00:44.282 Status code: 0
. 2025-12-16 17:00:44.297 Preserving timestamp [2025-12-16T02:40:55.000Z]
< 2025-12-16 17:00:44.297 Type: SSH_FXP_STATUS, Size: 24, Number: 117001
< 2025-12-16 17:00:44.297 Status code: 0
. 2025-12-16 17:00:44.297 Transfer done: 'D:\busineshuboffline CHATGTP\TOGETHERSYSTEMS- GITHUB\Nieuwe map (3)\docs\multi-industry-docs\node_modules\@babel\runtime\helpers\classCheckPrivateStaticFieldDescriptor.js' => '/home/u972026836/domains/digitalnotar.in/public_html/node_modules/@babel/runtime/helpers/classCheckPrivateStaticFieldDescriptor.js' [305]
. 2025-12-16 17:00:44.297 File: 'D:\busineshuboffline CHATGTP\TOGETHERSYSTEMS- GITHUB\Nieuwe map (3)\docs\multi-industry-docs\node_modules\@babel\runtime\helpers\classExtractFieldDescriptor.js' [2025-12-16T02:40:55.253Z] [277]
. 2025-12-16 17:00:44.353 Copying "D:\busineshuboffline CHATGTP\TOGETHERSYSTEMS- GITHUB\Nieuwe map (3)\docs\multi-industry-docs\node_modules\@babel\runtime\helpers\classExtractFieldDescriptor.js" to remote directory started.
. 2025-12-16 17:00:44.353 Binary transfer mode selected.
. 2025-12-16 17:00:44.353 Opening remote file.
> 2025-12-16 17:00:44.353 Type: SSH_FXP_OPEN, Size: 144, Number: 117763
< 2025-12-16 17:00:44.361 Type: SSH_FXP_HANDLE, Size: 13, Number: 117763
> 2025-12-16 17:00:44.361 Type: SSH_FXP_WRITE, Size: 302, Number: 118278
> 2025-12-16 17:00:44.435 Type: SSH_FXP_CLOSE, Size: 13, Number: 118532
> 2025-12-16 17:00:44.435 Type: SSH_FXP_SETSTAT, Size: 140, Number: 118025
< 2025-12-16 17:00:44.445 Type: SSH_FXP_STATUS, Size: 24, Number: 118278
< 2025-12-16 17:00:44.445 Status code: 0
< 2025-12-16 17:00:44.460 Type: SSH_FXP_STATUS, Size: 24, Number: 118532
< 2025-12-16 17:00:44.460 Status code: 0
. 2025-12-16 17:00:44.460 Preserving timestamp [2025-12-16T02:40:55.000Z]
< 2025-12-16 17:00:44.460 Type: SSH_FXP_STATUS, Size: 24, Number: 118025
< 2025-12-16 17:00:44.460 Status code: 0
. 2025-12-16 17:00:44.460 Transfer done: 'D:\busineshuboffline CHATGTP\TOGETHERSYSTEMS- GITHUB\Nieuwe map (3)\docs\multi-industry-docs\node_modules\@babel\runtime\helpers\classExtractFieldDescriptor.js' => '/home/u972026836/domains/digitalnotar.in/public_html/node_modules/@babel/runtime/helpers/classExtractFieldDescriptor.js' [277]
. 2025-12-16 17:00:44.460 File: 'D:\busineshuboffline CHATGTP\TOGETHERSYSTEMS- GITHUB\Nieuwe map (3)\docs\multi-industry-docs\node_modules\@babel\runtime\helpers\classNameTDZError.js' [2025-12-16T02:40:55.353Z] [246]
. 2025-12-16 17:00:44.633 Copying "D:\busineshuboffline CHATGTP\TOGETHERSYSTEMS- GITHUB\Nieuwe map (3)\docs\multi-industry-docs\node_modules\@babel\runtime\helpers\classNameTDZError.js" to remote directory started.
. 2025-12-16 17:00:44.651 Binary transfer mode selected.
. 2025-12-16 17:00:44.651 Opening remote file.
> 2025-12-16 17:00:44.651 Type: SSH_FXP_OPEN, Size: 134, Number: 118787
< 2025-12-16 17:00:44.667 Type: SSH_FXP_HANDLE, Size: 13, Number: 118787
> 2025-12-16 17:00:44.667 Type: SSH_FXP_WRITE, Size: 271, Number: 119302
> 2025-12-16 17:00:44.693 Type: SSH_FXP_CLOSE, Size: 13, Number: 119556
> 2025-12-16 17:00:44.695 Type: SSH_FXP_SETSTAT, Size: 130, Number: 119049
< 2025-12-16 17:00:44.703 Type: SSH_FXP_STATUS, Size: 24, Number: 119302
< 2025-12-16 17:00:44.703 Status code: 0
< 2025-12-16 17:00:44.786 Type: SSH_FXP_STATUS, Size: 24, Number: 119556
< 2025-12-16 17:00:44.786 Status code: 0
. 2025-12-16 17:00:44.869 Preserving timestamp [2025-12-16T02:40:55.000Z]
< 2025-12-16 17:00:44.869 Type: SSH_FXP_STATUS, Size: 24, Number: 119049
< 2025-12-16 17:00:44.869 Status code: 0
. 2025-12-16 17:00:44.869 Transfer done: 'D:\busineshuboffline CHATGTP\TOGETHERSYSTEMS- GITHUB\Nieuwe map (3)\docs\multi-industry-docs\node_modules\@babel\runtime\helpers\classNameTDZError.js' => '/home/u972026836/domains/digitalnotar.in/public_html/node_modules/@babel/runtime/helpers/classNameTDZError.js' [246]
. 2025-12-16 17:00:44.870 File: 'D:\busineshuboffline CHATGTP\TOGETHERSYSTEMS- GITHUB\Nieuwe map (3)\docs\multi-industry-docs\node_modules\@babel\runtime\helpers\classPrivateFieldDestructureSet.js' [2025-12-16T02:40:55.491Z] [430]
. 2025-12-16 17:00:44.951 Copying "D:\busineshuboffline CHATGTP\TOGETHERSYSTEMS- GITHUB\Nieuwe map (3)\docs\multi-industry-docs\node_modules\@babel\runtime\helpers\classPrivateFieldDestructureSet.js" to remote directory started.
. 2025-12-16 17:00:44.951 Binary transfer mode selected.
. 2025-12-16 17:00:44.951 Opening remote file.
> 2025-12-16 17:00:44.951 Type: SSH_FXP_OPEN, Size: 148, Number: 119811
< 2025-12-16 17:00:44.956 Type: SSH_FXP_HANDLE, Size: 13, Number: 119811
> 2025-12-16 17:00:44.956 Type: SSH_FXP_WRITE, Size: 455, Number: 120326
> 2025-12-16 17:00:45.152 Type: SSH_FXP_CLOSE, Size: 13, Number: 120580
> 2025-12-16 17:00:45.152 Type: SSH_FXP_SETSTAT, Size: 144, Number: 120073
< 2025-12-16 17:00:45.161 Type: SSH_FXP_STATUS, Size: 24, Number: 120326
< 2025-12-16 17:00:45.161 Status code: 0
< 2025-12-16 17:00:45.267 Type: SSH_FXP_STATUS, Size: 24, Number: 120580
< 2025-12-16 17:00:45.267 Status code: 0
. 2025-12-16 17:00:45.367 Preserving timestamp [2025-12-16T02:40:55.000Z]
< 2025-12-16 17:00:45.367 Type: SSH_FXP_STATUS, Size: 24, Number: 120073
< 2025-12-16 17:00:45.367 Status code: 0
. 2025-12-16 17:00:45.367 Transfer done: 'D:\busineshuboffline CHATGTP\TOGETHERSYSTEMS- GITHUB\Nieuwe map (3)\docs\multi-industry-docs\node_modules\@babel\runtime\helpers\classPrivateFieldDestructureSet.js' => '/home/u972026836/domains/digitalnotar.in/public_html/node_modules/@babel/runtime/helpers/classPrivateFieldDestructureSet.js' [430]
. 2025-12-16 17:00:45.367 File: 'D:\busineshuboffline CHATGTP\TOGETHERSYSTEMS- GITHUB\Nieuwe map (3)\docs\multi-industry-docs\node_modules\@babel\runtime\helpers\classPrivateFieldGet.js' [2025-12-16T02:40:55.576Z] [375]
. 2025-12-16 17:00:45.529 Copying "D:\busineshuboffline CHATGTP\TOGETHERSYSTEMS- GITHUB\Nieuwe map (3)\docs\multi-industry-docs\node_modules\@babel\runtime\helpers\classPrivateFieldGet.js" to remote directory started.
. 2025-12-16 17:00:45.660 Binary transfer mode selected.
. 2025-12-16 17:00:45.660 Opening remote file.
> 2025-12-16 17:00:45.660 Type: SSH_FXP_OPEN, Size: 137, Number: 120835
< 2025-12-16 17:00:45.669 Type: SSH_FXP_HANDLE, Size: 13, Number: 120835
> 2025-12-16 17:00:45.669 Type: SSH_FXP_WRITE, Size: 400, Number: 121350
> 2025-12-16 17:00:45.692 Type: SSH_FXP_CLOSE, Size: 13, Number: 121604
> 2025-12-16 17:00:45.692 Type: SSH_FXP_SETSTAT, Size: 133, Number: 121097
< 2025-12-16 17:00:45.701 Type: SSH_FXP_STATUS, Size: 24, Number: 121350
< 2025-12-16 17:00:45.701 Status code: 0
< 2025-12-16 17:00:45.712 Type: SSH_FXP_STATUS, Size: 24, Number: 121604
< 2025-12-16 17:00:45.712 Status code: 0
. 2025-12-16 17:00:45.712 Preserving timestamp [2025-12-16T02:40:55.000Z]
< 2025-12-16 17:00:45.712 Type: SSH_FXP_STATUS, Size: 24, Number: 121097
< 2025-12-16 17:00:45.712 Status code: 0
. 2025-12-16 17:00:45.712 Transfer done: 'D:\busineshuboffline CHATGTP\TOGETHERSYSTEMS- GITHUB\Nieuwe map (3)\docs\multi-industry-docs\node_modules\@babel\runtime\helpers\classPrivateFieldGet.js' => '/home/u972026836/domains/digitalnotar.in/public_html/node_modules/@babel/runtime/helpers/classPrivateFieldGet.js' [375]
. 2025-12-16 17:00:45.714 File: 'D:\busineshuboffline CHATGTP\TOGETHERSYSTEMS- GITHUB\Nieuwe map (3)\docs\multi-industry-docs\node_modules\@babel\runtime\helpers\classPrivateFieldGet2.js' [2025-12-16T02:40:55.817Z] [257]
. 2025-12-16 17:00:45.851 Copying "D:\busineshuboffline CHATGTP\TOGETHERSYSTEMS- GITHUB\Nieuwe map (3)\docs\multi-industry-docs\node_modules\@babel\runtime\helpers\classPrivateFieldGet2.js" to remote directory started.
. 2025-12-16 17:00:45.982 Binary transfer mode selected.
. 2025-12-16 17:00:45.982 Opening remote file.
> 2025-12-16 17:00:45.982 Type: SSH_FXP_OPEN, Size: 138, Number: 121859
< 2025-12-16 17:00:45.996 Type: SSH_FXP_HANDLE, Size: 13, Number: 121859
> 2025-12-16 17:00:45.996 Type: SSH_FXP_WRITE, Size: 282, Number: 122374
> 2025-12-16 17:00:46.020 Type: SSH_FXP_CLOSE, Size: 13, Number: 122628
> 2025-12-16 17:00:46.020 Type: SSH_FXP_SETSTAT, Size: 134, Number: 122121
< 2025-12-16 17:00:46.027 Type: SSH_FXP_STATUS, Size: 24, Number: 122374
< 2025-12-16 17:00:46.027 Status code: 0
< 2025-12-16 17:00:46.029 Type: SSH_FXP_STATUS, Size: 24, Number: 122628
< 2025-12-16 17:00:46.029 Status code: 0
. 2025-12-16 17:00:46.029 Preserving timestamp [2025-12-16T02:40:55.000Z]
< 2025-12-16 17:00:46.035 Type: SSH_FXP_STATUS, Size: 24, Number: 122121
< 2025-12-16 17:00:46.035 Status code: 0
. 2025-12-16 17:00:46.035 Transfer done: 'D:\busineshuboffline CHATGTP\TOGETHERSYSTEMS- GITHUB\Nieuwe map (3)\docs\multi-industry-docs\node_modules\@babel\runtime\helpers\classPrivateFieldGet2.js' => '/home/u972026836/domains/digitalnotar.in/public_html/node_modules/@babel/runtime/helpers/classPrivateFieldGet2.js' [257]
. 2025-12-16 17:00:46.035 File: 'D:\busineshuboffline CHATGTP\TOGETHERSYSTEMS- GITHUB\Nieuwe map (3)\docs\multi-industry-docs\node_modules\@babel\runtime\helpers\classPrivateFieldInitSpec.js' [2025-12-16T02:40:56.101Z] [294]
. 2025-12-16 17:00:46.454 Copying "D:\busineshuboffline CHATGTP\TOGETHERSYSTEMS- GITHUB\Nieuwe map (3)\docs\multi-industry-docs\node_modules\@babel\runtime\helpers\classPrivateFieldInitSpec.js" to remote directory started.
. 2025-12-16 17:00:46.614 Binary transfer mode selected.
. 2025-12-16 17:00:46.614 Opening remote file.
> 2025-12-16 17:00:46.614 Type: SSH_FXP_OPEN, Size: 142, Number: 122883
< 2025-12-16 17:00:46.622 Type: SSH_FXP_HANDLE, Size: 13, Number: 122883
> 2025-12-16 17:00:46.623 Type: SSH_FXP_WRITE, Size: 319, Number: 123398
> 2025-12-16 17:00:46.658 Type: SSH_FXP_CLOSE, Size: 13, Number: 123652
> 2025-12-16 17:00:46.658 Type: SSH_FXP_SETSTAT, Size: 138, Number: 123145
< 2025-12-16 17:00:46.670 Type: SSH_FXP_STATUS, Size: 24, Number: 123398
< 2025-12-16 17:00:46.670 Status code: 0
< 2025-12-16 17:00:46.779 Type: SSH_FXP_STATUS, Size: 24, Number: 123652
< 2025-12-16 17:00:46.779 Status code: 0
. 2025-12-16 17:00:46.810 Preserving timestamp [2025-12-16T02:40:56.000Z]
< 2025-12-16 17:00:46.810 Type: SSH_FXP_STATUS, Size: 24, Number: 123145
< 2025-12-16 17:00:46.810 Status code: 0
. 2025-12-16 17:00:46.810 Transfer done: 'D:\busineshuboffline CHATGTP\TOGETHERSYSTEMS- GITHUB\Nieuwe map (3)\docs\multi-industry-docs\node_modules\@babel\runtime\helpers\classPrivateFieldInitSpec.js' => '/home/u972026836/domains/digitalnotar.in/public_html/node_modules/@babel/runtime/helpers/classPrivateFieldInitSpec.js' [294]
. 2025-12-16 17:00:46.816 File: 'D:\busineshuboffline CHATGTP\TOGETHERSYSTEMS- GITHUB\Nieuwe map (3)\docs\multi-industry-docs\node_modules\@babel\runtime\helpers\classPrivateFieldLooseBase.js' [2025-12-16T02:40:56.146Z] [280]
. 2025-12-16 17:00:46.884 Copying "D:\busineshuboffline CHATGTP\TOGETHERSYSTEMS- GITHUB\Nieuwe map (3)\docs\multi-industry-docs\node_modules\@babel\runtime\helpers\classPrivateFieldLooseBase.js" to remote directory started.
. 2025-12-16 17:00:46.884 Binary transfer mode selected.
. 2025-12-16 17:00:46.884 Opening remote file.
> 2025-12-16 17:00:46.884 Type: SSH_FXP_OPEN, Size: 143, Number: 123907
< 2025-12-16 17:00:46.892 Type: SSH_FXP_HANDLE, Size: 13, Number: 123907
> 2025-12-16 17:00:46.893 Type: SSH_FXP_WRITE, Size: 305, Number: 124422
> 2025-12-16 17:00:46.902 Type: SSH_FXP_CLOSE, Size: 13, Number: 124676
> 2025-12-16 17:00:46.902 Type: SSH_FXP_SETSTAT, Size: 139, Number: 124169
< 2025-12-16 17:00:46.917 Type: SSH_FXP_STATUS, Size: 24, Number: 124422
< 2025-12-16 17:00:46.917 Status code: 0
< 2025-12-16 17:00:46.932 Type: SSH_FXP_STATUS, Size: 24, Number: 124676
< 2025-12-16 17:00:46.932 Status code: 0
. 2025-12-16 17:00:46.932 Preserving timestamp [2025-12-16T02:40:56.000Z]
< 2025-12-16 17:00:46.932 Type: SSH_FXP_STATUS, Size: 24, Number: 124169
< 2025-12-16 17:00:46.932 Status code: 0
. 2025-12-16 17:00:46.932 Transfer done: 'D:\busineshuboffline CHATGTP\TOGETHERSYSTEMS- GITHUB\Nieuwe map (3)\docs\multi-industry-docs\node_modules\@babel\runtime\helpers\classPrivateFieldLooseBase.js' => '/home/u972026836/domains/digitalnotar.in/public_html/node_modules/@babel/runtime/helpers/classPrivateFieldLooseBase.js' [280]
. 2025-12-16 17:00:46.932 File: 'D:\busineshuboffline CHATGTP\TOGETHERSYSTEMS- GITHUB\Nieuwe map (3)\docs\multi-industry-docs\node_modules\@babel\runtime\helpers\classPrivateFieldLooseKey.js' [2025-12-16T02:40:56.310Z] [207]
. 2025-12-16 17:00:46.985 Copying "D:\busineshuboffline CHATGTP\TOGETHERSYSTEMS- GITHUB\Nieuwe map (3)\docs\multi-industry-docs\node_modules\@babel\runtime\helpers\classPrivateFieldLooseKey.js" to remote directory started.
. 2025-12-16 17:00:46.986 Binary transfer mode selected.
. 2025-12-16 17:00:46.986 Opening remote file.
> 2025-12-16 17:00:46.986 Type: SSH_FXP_OPEN, Size: 142, Number: 124931
< 2025-12-16 17:00:46.999 Type: SSH_FXP_HANDLE, Size: 13, Number: 124931
> 2025-12-16 17:00:46.999 Type: SSH_FXP_WRITE, Size: 232, Number: 125446
> 2025-12-16 17:00:47.011 Type: SSH_FXP_CLOSE, Size: 13, Number: 125700
> 2025-12-16 17:00:47.011 Type: SSH_FXP_SETSTAT, Size: 138, Number: 125193
< 2025-12-16 17:00:47.025 Type: SSH_FXP_STATUS, Size: 24, Number: 125446
< 2025-12-16 17:00:47.025 Status code: 0
< 2025-12-16 17:00:47.025 Type: SSH_FXP_STATUS, Size: 24, Number: 125700
< 2025-12-16 17:00:47.025 Status code: 0
. 2025-12-16 17:00:47.025 Preserving timestamp [2025-12-16T02:40:56.000Z]
< 2025-12-16 17:00:47.034 Type: SSH_FXP_STATUS, Size: 24, Number: 125193
< 2025-12-16 17:00:47.034 Status code: 0
. 2025-12-16 17:00:47.034 Transfer done: 'D:\busineshuboffline CHATGTP\TOGETHERSYSTEMS- GITHUB\Nieuwe map (3)\docs\multi-industry-docs\node_modules\@babel\runtime\helpers\classPrivateFieldLooseKey.js' => '/home/u972026836/domains/digitalnotar.in/public_html/node_modules/@babel/runtime/helpers/classPrivateFieldLooseKey.js' [207]
. 2025-12-16 17:00:47.034 File: 'D:\busineshuboffline CHATGTP\TOGETHERSYSTEMS- GITHUB\Nieuwe map (3)\docs\multi-industry-docs\node_modules\@babel\runtime\helpers\classPrivateFieldSet.js' [2025-12-16T02:40:56.382Z] [384]
. 2025-12-16 17:00:47.085 Copying "D:\busineshuboffline CHATGTP\TOGETHERSYSTEMS- GITHUB\Nieuwe map (3)\docs\multi-industry-docs\node_modules\@babel\runtime\helpers\classPrivateFieldSet.js" to remote directory started.
. 2025-12-16 17:00:47.085 Binary transfer mode selected.
. 2025-12-16 17:00:47.085 Opening remote file.
> 2025-12-16 17:00:47.085 Type: SSH_FXP_OPEN, Size: 137, Number: 125955
< 2025-12-16 17:00:47.096 Type: SSH_FXP_HANDLE, Size: 13, Number: 125955
> 2025-12-16 17:00:47.097 Type: SSH_FXP_WRITE, Size: 409, Number: 126470
> 2025-12-16 17:00:47.202 Type: SSH_FXP_CLOSE, Size: 13, Number: 126724
> 2025-12-16 17:00:47.202 Type: SSH_FXP_SETSTAT, Size: 133, Number: 126217
< 2025-12-16 17:00:47.217 Type: SSH_FXP_STATUS, Size: 24, Number: 126470
< 2025-12-16 17:00:47.217 Status code: 0
< 2025-12-16 17:00:47.264 Type: SSH_FXP_STATUS, Size: 24, Number: 126724
< 2025-12-16 17:00:47.264 Status code: 0
. 2025-12-16 17:00:47.264 Preserving timestamp [2025-12-16T02:40:56.000Z]
< 2025-12-16 17:00:47.264 Type: SSH_FXP_STATUS, Size: 24, Number: 126217
< 2025-12-16 17:00:47.264 Status code: 0
. 2025-12-16 17:00:47.264 Transfer done: 'D:\busineshuboffline CHATGTP\TOGETHERSYSTEMS- GITHUB\Nieuwe map (3)\docs\multi-industry-docs\node_modules\@babel\runtime\helpers\classPrivateFieldSet.js' => '/home/u972026836/domains/digitalnotar.in/public_html/node_modules/@babel/runtime/helpers/classPrivateFieldSet.js' [384]
. 2025-12-16 17:00:47.264 File: 'D:\busineshuboffline CHATGTP\TOGETHERSYSTEMS- GITHUB\Nieuwe map (3)\docs\multi-industry-docs\node_modules\@babel\runtime\helpers\classPrivateFieldSet2.js' [2025-12-16T02:40:56.476Z] [266]
. 2025-12-16 17:00:47.397 Copying "D:\busineshuboffline CHATGTP\TOGETHERSYSTEMS- GITHUB\Nieuwe map (3)\docs\multi-industry-docs\node_modules\@babel\runtime\helpers\classPrivateFieldSet2.js" to remote directory started.
. 2025-12-16 17:00:47.485 Binary transfer mode selected.
. 2025-12-16 17:00:47.485 Opening remote file.
> 2025-12-16 17:00:47.485 Type: SSH_FXP_OPEN, Size: 138, Number: 126979
< 2025-12-16 17:00:47.493 Type: SSH_FXP_HANDLE, Size: 13, Number: 126979
> 2025-12-16 17:00:47.493 Type: SSH_FXP_WRITE, Size: 291, Number: 127494
> 2025-12-16 17:00:47.534 Type: SSH_FXP_CLOSE, Size: 13, Number: 127748
> 2025-12-16 17:00:47.534 Type: SSH_FXP_SETSTAT, Size: 134, Number: 127241
< 2025-12-16 17:00:47.542 Type: SSH_FXP_STATUS, Size: 24, Number: 127494
< 2025-12-16 17:00:47.542 Status code: 0
< 2025-12-16 17:00:47.542 Type: SSH_FXP_STATUS, Size: 24, Number: 127748
< 2025-12-16 17:00:47.542 Status code: 0
. 2025-12-16 17:00:47.542 Preserving timestamp [2025-12-16T02:40:56.000Z]
< 2025-12-16 17:00:47.551 Type: SSH_FXP_STATUS, Size: 24, Number: 127241
< 2025-12-16 17:00:47.551 Status code: 0
. 2025-12-16 17:00:47.551 Transfer done: 'D:\busineshuboffline CHATGTP\TOGETHERSYSTEMS- GITHUB\Nieuwe map (3)\docs\multi-industry-docs\node_modules\@babel\runtime\helpers\classPrivateFieldSet2.js' => '/home/u972026836/domains/digitalnotar.in/public_html/node_modules/@babel/runtime/helpers/classPrivateFieldSet2.js' [266]
. 2025-12-16 17:00:47.551 File: 'D:\busineshuboffline CHATGTP\TOGETHERSYSTEMS- GITHUB\Nieuwe map (3)\docs\multi-industry-docs\node_modules\@babel\runtime\helpers\classPrivateGetter.js' [2025-12-16T02:40:56.535Z] [250]
. 2025-12-16 17:00:47.681 Copying "D:\busineshuboffline CHATGTP\TOGETHERSYSTEMS- GITHUB\Nieuwe map (3)\docs\multi-industry-docs\node_modules\@babel\runtime\helpers\classPrivateGetter.js" to remote directory started.
. 2025-12-16 17:00:47.709 Binary transfer mode selected.
. 2025-12-16 17:00:47.709 Opening remote file.
> 2025-12-16 17:00:47.709 Type: SSH_FXP_OPEN, Size: 135, Number: 128003
< 2025-12-16 17:00:47.718 Type: SSH_FXP_HANDLE, Size: 13, Number: 128003
> 2025-12-16 17:00:47.718 Type: SSH_FXP_WRITE, Size: 275, Number: 128518
> 2025-12-16 17:00:47.733 Type: SSH_FXP_CLOSE, Size: 13, Number: 128772
> 2025-12-16 17:00:47.733 Type: SSH_FXP_SETSTAT, Size: 131, Number: 128265
< 2025-12-16 17:00:47.747 Type: SSH_FXP_STATUS, Size: 24, Number: 128518
< 2025-12-16 17:00:47.747 Status code: 0
< 2025-12-16 17:00:47.775 Type: SSH_FXP_STATUS, Size: 24, Number: 128772
< 2025-12-16 17:00:47.775 Status code: 0
. 2025-12-16 17:00:47.776 Preserving timestamp [2025-12-16T02:40:56.000Z]
< 2025-12-16 17:00:47.776 Type: SSH_FXP_STATUS, Size: 24, Number: 128265
< 2025-12-16 17:00:47.776 Status code: 0
. 2025-12-16 17:00:47.776 Transfer done: 'D:\busineshuboffline CHATGTP\TOGETHERSYSTEMS- GITHUB\Nieuwe map (3)\docs\multi-industry-docs\node_modules\@babel\runtime\helpers\classPrivateGetter.js' => '/home/u972026836/domains/digitalnotar.in/public_html/node_modules/@babel/runtime/helpers/classPrivateGetter.js' [250]
. 2025-12-16 17:00:47.779 File: 'D:\busineshuboffline CHATGTP\TOGETHERSYSTEMS- GITHUB\Nieuwe map (3)\docs\multi-industry-docs\node_modules\@babel\runtime\helpers\classPrivateMethodGet.js' [2025-12-16T02:40:56.672Z] [256]
. 2025-12-16 17:00:47.846 Copying "D:\busineshuboffline CHATGTP\TOGETHERSYSTEMS- GITHUB\Nieuwe map (3)\docs\multi-industry-docs\node_modules\@babel\runtime\helpers\classPrivateMethodGet.js" to remote directory started.
. 2025-12-16 17:00:47.863 Binary transfer mode selected.
. 2025-12-16 17:00:47.863 Opening remote file.
> 2025-12-16 17:00:47.863 Type: SSH_FXP_OPEN, Size: 138, Number: 129027
< 2025-12-16 17:00:47.872 Type: SSH_FXP_HANDLE, Size: 13, Number: 129027
> 2025-12-16 17:00:47.872 Type: SSH_FXP_WRITE, Size: 281, Number: 129542
> 2025-12-16 17:00:47.966 Type: SSH_FXP_CLOSE, Size: 13, Number: 129796
> 2025-12-16 17:00:47.966 Type: SSH_FXP_SETSTAT, Size: 134, Number: 129289
< 2025-12-16 17:00:47.975 Type: SSH_FXP_STATUS, Size: 24, Number: 129542
< 2025-12-16 17:00:47.975 Status code: 0
< 2025-12-16 17:00:48.065 Type: SSH_FXP_STATUS, Size: 24, Number: 129796
< 2025-12-16 17:00:48.065 Status code: 0
. 2025-12-16 17:00:48.147 Preserving timestamp [2025-12-16T02:40:56.000Z]
< 2025-12-16 17:00:48.147 Type: SSH_FXP_STATUS, Size: 24, Number: 129289
< 2025-12-16 17:00:48.147 Status code: 0
. 2025-12-16 17:00:48.147 Transfer done: 'D:\busineshuboffline CHATGTP\TOGETHERSYSTEMS- GITHUB\Nieuwe map (3)\docs\multi-industry-docs\node_modules\@babel\runtime\helpers\classPrivateMethodGet.js' => '/home/u972026836/domains/digitalnotar.in/public_html/node_modules/@babel/runtime/helpers/classPrivateMethodGet.js' [256]
. 2025-12-16 17:00:48.147 File: 'D:\busineshuboffline CHATGTP\TOGETHERSYSTEMS- GITHUB\Nieuwe map (3)\docs\multi-industry-docs\node_modules\@babel\runtime\helpers\classPrivateMethodInitSpec.js' [2025-12-16T02:40:56.764Z] [290]
. 2025-12-16 17:00:48.177 Copying "D:\busineshuboffline CHATGTP\TOGETHERSYSTEMS- GITHUB\Nieuwe map (3)\docs\multi-industry-docs\node_modules\@babel\runtime\helpers\classPrivateMethodInitSpec.js" to remote directory started.
. 2025-12-16 17:00:48.178 Binary transfer mode selected.
. 2025-12-16 17:00:48.178 Opening remote file.
> 2025-12-16 17:00:48.178 Type: SSH_FXP_OPEN, Size: 143, Number: 130051
< 2025-12-16 17:00:48.184 Type: SSH_FXP_HANDLE, Size: 13, Number: 130051
> 2025-12-16 17:00:48.184 Type: SSH_FXP_WRITE, Size: 315, Number: 130566
> 2025-12-16 17:00:48.201 Type: SSH_FXP_CLOSE, Size: 13, Number: 130820
> 2025-12-16 17:00:48.201 Type: SSH_FXP_SETSTAT, Size: 139, Number: 130313
< 2025-12-16 17:00:48.209 Type: SSH_FXP_STATUS, Size: 24, Number: 130566
< 2025-12-16 17:00:48.209 Status code: 0
< 2025-12-16 17:00:48.209 Type: SSH_FXP_STATUS, Size: 24, Number: 130820
< 2025-12-16 17:00:48.209 Status code: 0
. 2025-12-16 17:00:48.209 Preserving timestamp [2025-12-16T02:40:56.000Z]
< 2025-12-16 17:00:48.216 Type: SSH_FXP_STATUS, Size: 24, Number: 130313
< 2025-12-16 17:00:48.216 Status code: 0
. 2025-12-16 17:00:48.216 Transfer done: 'D:\busineshuboffline CHATGTP\TOGETHERSYSTEMS- GITHUB\Nieuwe map (3)\docs\multi-industry-docs\node_modules\@babel\runtime\helpers\classPrivateMethodInitSpec.js' => '/home/u972026836/domains/digitalnotar.in/public_html/node_modules/@babel/runtime/helpers/classPrivateMethodInitSpec.js' [290]
. 2025-12-16 17:00:48.216 File: 'D:\busineshuboffline CHATGTP\TOGETHERSYSTEMS- GITHUB\Nieuwe map (3)\docs\multi-industry-docs\node_modules\@babel\runtime\helpers\classPrivateMethodSet.js' [2025-12-16T02:40:56.796Z] [219]
. 2025-12-16 17:00:48.278 Copying "D:\busineshuboffline CHATGTP\TOGETHERSYSTEMS- GITHUB\Nieuwe map (3)\docs\multi-industry-docs\node_modules\@babel\runtime\helpers\classPrivateMethodSet.js" to remote directory started.
. 2025-12-16 17:00:48.279 Binary transfer mode selected.
. 2025-12-16 17:00:48.279 Opening remote file.
> 2025-12-16 17:00:48.279 Type: SSH_FXP_OPEN, Size: 138, Number: 131075
< 2025-12-16 17:00:48.292 Type: SSH_FXP_HANDLE, Size: 13, Number: 131075
> 2025-12-16 17:00:48.292 Type: SSH_FXP_WRITE, Size: 244, Number: 131590
> 2025-12-16 17:00:48.302 Type: SSH_FXP_CLOSE, Size: 13, Number: 131844
> 2025-12-16 17:00:48.302 Type: SSH_FXP_SETSTAT, Size: 134, Number: 131337
< 2025-12-16 17:00:48.309 Type: SSH_FXP_STATUS, Size: 24, Number: 131590
< 2025-12-16 17:00:48.309 Status code: 0
< 2025-12-16 17:00:48.309 Type: SSH_FXP_STATUS, Size: 24, Number: 131844
< 2025-12-16 17:00:48.309 Status code: 0
. 2025-12-16 17:00:48.309 Preserving timestamp [2025-12-16T02:40:56.000Z]
< 2025-12-16 17:00:48.319 Type: SSH_FXP_STATUS, Size: 24, Number: 131337
< 2025-12-16 17:00:48.319 Status code: 0
. 2025-12-16 17:00:48.319 Transfer done: 'D:\busineshuboffline CHATGTP\TOGETHERSYSTEMS- GITHUB\Nieuwe map (3)\docs\multi-industry-docs\node_modules\@babel\runtime\helpers\classPrivateMethodSet.js' => '/home/u972026836/domains/digitalnotar.in/public_html/node_modules/@babel/runtime/helpers/classPrivateMethodSet.js' [219]
. 2025-12-16 17:00:48.319 File: 'D:\busineshuboffline CHATGTP\TOGETHERSYSTEMS- GITHUB\Nieuwe map (3)\docs\multi-industry-docs\node_modules\@babel\runtime\helpers\classPrivateSetter.js' [2025-12-16T02:40:56.881Z] [259]
. 2025-12-16 17:00:48.455 Copying "D:\busineshuboffline CHATGTP\TOGETHERSYSTEMS- GITHUB\Nieuwe map (3)\docs\multi-industry-docs\node_modules\@babel\runtime\helpers\classPrivateSetter.js" to remote directory started.
. 2025-12-16 17:00:48.501 Binary transfer mode selected.
. 2025-12-16 17:00:48.501 Opening remote file.
> 2025-12-16 17:00:48.501 Type: SSH_FXP_OPEN, Size: 135, Number: 132099
< 2025-12-16 17:00:48.510 Type: SSH_FXP_HANDLE, Size: 13, Number: 132099
> 2025-12-16 17:00:48.510 Type: SSH_FXP_WRITE, Size: 284, Number: 132614
> 2025-12-16 17:00:48.599 Type: SSH_FXP_CLOSE, Size: 13, Number: 132868
> 2025-12-16 17:00:48.599 Type: SSH_FXP_SETSTAT, Size: 131, Number: 132361
< 2025-12-16 17:00:48.609 Type: SSH_FXP_STATUS, Size: 24, Number: 132614
< 2025-12-16 17:00:48.609 Status code: 0
< 2025-12-16 17:00:48.634 Type: SSH_FXP_STATUS, Size: 24, Number: 132868
< 2025-12-16 17:00:48.634 Status code: 0
. 2025-12-16 17:00:48.634 Preserving timestamp [2025-12-16T02:40:56.000Z]
< 2025-12-16 17:00:48.634 Type: SSH_FXP_STATUS, Size: 24, Number: 132361
< 2025-12-16 17:00:48.634 Status code: 0
. 2025-12-16 17:00:48.634 Transfer done: 'D:\busineshuboffline CHATGTP\TOGETHERSYSTEMS- GITHUB\Nieuwe map (3)\docs\multi-industry-docs\node_modules\@babel\runtime\helpers\classPrivateSetter.js' => '/home/u972026836/domains/digitalnotar.in/public_html/node_modules/@babel/runtime/helpers/classPrivateSetter.js' [259]
. 2025-12-16 17:00:48.634 File: 'D:\busineshuboffline CHATGTP\TOGETHERSYSTEMS- GITHUB\Nieuwe map (3)\docs\multi-industry-docs\node_modules\@babel\runtime\helpers\classStaticPrivateFieldDestructureSet.js' [2025-12-16T02:40:56.930Z] [571]
. 2025-12-16 17:00:48.783 Copying "D:\busineshuboffline CHATGTP\TOGETHERSYSTEMS- GITHUB\Nieuwe map (3)\docs\multi-industry-docs\node_modules\@babel\runtime\helpers\classStaticPrivateFieldDestructureSet.js" to remote directory started.
. 2025-12-16 17:00:48.783 Binary transfer mode selected.
. 2025-12-16 17:00:48.783 Opening remote file.
> 2025-12-16 17:00:48.783 Type: SSH_FXP_OPEN, Size: 154, Number: 133123
< 2025-12-16 17:00:48.799 Type: SSH_FXP_HANDLE, Size: 13, Number: 133123
> 2025-12-16 17:00:48.801 Type: SSH_FXP_WRITE, Size: 596, Number: 133638
> 2025-12-16 17:00:48.977 Type: SSH_FXP_CLOSE, Size: 13, Number: 133892
> 2025-12-16 17:00:48.977 Type: SSH_FXP_SETSTAT, Size: 150, Number: 133385
< 2025-12-16 17:00:48.992 Type: SSH_FXP_STATUS, Size: 24, Number: 133638
< 2025-12-16 17:00:48.992 Status code: 0
< 2025-12-16 17:00:49.009 Type: SSH_FXP_STATUS, Size: 24, Number: 133892
< 2025-12-16 17:00:49.009 Status code: 0
. 2025-12-16 17:00:49.009 Preserving timestamp [2025-12-16T02:40:56.000Z]
< 2025-12-16 17:00:49.009 Type: SSH_FXP_STATUS, Size: 24, Number: 133385
< 2025-12-16 17:00:49.009 Status code: 0
. 2025-12-16 17:00:49.009 Transfer done: 'D:\busineshuboffline CHATGTP\TOGETHERSYSTEMS- GITHUB\Nieuwe map (3)\docs\multi-industry-docs\node_modules\@babel\runtime\helpers\classStaticPrivateFieldDestructureSet.js' => '/home/u972026836/domains/digitalnotar.in/public_html/node_modules/@babel/runtime/helpers/classStaticPrivateFieldDestructureSet.js' [571]
. 2025-12-16 17:00:49.011 File: 'D:\busineshuboffline CHATGTP\TOGETHERSYSTEMS- GITHUB\Nieuwe map (3)\docs\multi-industry-docs\node_modules\@babel\runtime\helpers\classStaticPrivateFieldSpecGet.js' [2025-12-16T02:40:57.051Z] [524]
. 2025-12-16 17:00:49.063 Copying "D:\busineshuboffline CHATGTP\TOGETHERSYSTEMS- GITHUB\Nieuwe map (3)\docs\multi-industry-docs\node_modules\@babel\runtime\helpers\classStaticPrivateFieldSpecGet.js" to remote directory started.
. 2025-12-16 17:00:49.063 Binary transfer mode selected.
. 2025-12-16 17:00:49.063 Opening remote file.
> 2025-12-16 17:00:49.063 Type: SSH_FXP_OPEN, Size: 147, Number: 134147
< 2025-12-16 17:00:49.073 Type: SSH_FXP_HANDLE, Size: 13, Number: 134147
> 2025-12-16 17:00:49.073 Type: SSH_FXP_WRITE, Size: 549, Number: 134662
> 2025-12-16 17:00:49.100 Type: SSH_FXP_CLOSE, Size: 13, Number: 134916
> 2025-12-16 17:00:49.100 Type: SSH_FXP_SETSTAT, Size: 143, Number: 134409
< 2025-12-16 17:00:49.110 Type: SSH_FXP_STATUS, Size: 24, Number: 134662
< 2025-12-16 17:00:49.110 Status code: 0
< 2025-12-16 17:00:49.110 Type: SSH_FXP_STATUS, Size: 24, Number: 134916
< 2025-12-16 17:00:49.110 Status code: 0
. 2025-12-16 17:00:49.110 Preserving timestamp [2025-12-16T02:40:57.000Z]
< 2025-12-16 17:00:49.117 Type: SSH_FXP_STATUS, Size: 24, Number: 134409
< 2025-12-16 17:00:49.117 Status code: 0
. 2025-12-16 17:00:49.117 Transfer done: 'D:\busineshuboffline CHATGTP\TOGETHERSYSTEMS- GITHUB\Nieuwe map (3)\docs\multi-industry-docs\node_modules\@babel\runtime\helpers\classStaticPrivateFieldSpecGet.js' => '/home/u972026836/domains/digitalnotar.in/public_html/node_modules/@babel/runtime/helpers/classStaticPrivateFieldSpecGet.js' [524]
. 2025-12-16 17:00:49.117 File: 'D:\busineshuboffline CHATGTP\TOGETHERSYSTEMS- GITHUB\Nieuwe map (3)\docs\multi-industry-docs\node_modules\@babel\runtime\helpers\classStaticPrivateFieldSpecSet.js' [2025-12-16T02:40:57.168Z] [533]
. 2025-12-16 17:00:49.219 Copying "D:\busineshuboffline CHATGTP\TOGETHERSYSTEMS- GITHUB\Nieuwe map (3)\docs\multi-industry-docs\node_modules\@babel\runtime\helpers\classStaticPrivateFieldSpecSet.js" to remote directory started.
. 2025-12-16 17:00:49.323 Binary transfer mode selected.
. 2025-12-16 17:00:49.323 Opening remote file.
> 2025-12-16 17:00:49.323 Type: SSH_FXP_OPEN, Size: 147, Number: 135171
< 2025-12-16 17:00:49.333 Type: SSH_FXP_HANDLE, Size: 13, Number: 135171
> 2025-12-16 17:00:49.334 Type: SSH_FXP_WRITE, Size: 558, Number: 135686
> 2025-12-16 17:00:49.395 Type: SSH_FXP_CLOSE, Size: 13, Number: 135940
> 2025-12-16 17:00:49.395 Type: SSH_FXP_SETSTAT, Size: 143, Number: 135433
< 2025-12-16 17:00:49.406 Type: SSH_FXP_STATUS, Size: 24, Number: 135686
< 2025-12-16 17:00:49.406 Status code: 0
< 2025-12-16 17:00:49.406 Type: SSH_FXP_STATUS, Size: 24, Number: 135940
< 2025-12-16 17:00:49.406 Status code: 0
. 2025-12-16 17:00:49.406 Preserving timestamp [2025-12-16T02:40:57.000Z]
< 2025-12-16 17:00:49.415 Type: SSH_FXP_STATUS, Size: 24, Number: 135433
< 2025-12-16 17:00:49.415 Status code: 0
. 2025-12-16 17:00:49.415 Transfer done: 'D:\busineshuboffline CHATGTP\TOGETHERSYSTEMS- GITHUB\Nieuwe map (3)\docs\multi-industry-docs\node_modules\@babel\runtime\helpers\classStaticPrivateFieldSpecSet.js' => '/home/u972026836/domains/digitalnotar.in/public_html/node_modules/@babel/runtime/helpers/classStaticPrivateFieldSpecSet.js' [533]
. 2025-12-16 17:00:49.415 File: 'D:\busineshuboffline CHATGTP\TOGETHERSYSTEMS- GITHUB\Nieuwe map (3)\docs\multi-industry-docs\node_modules\@babel\runtime\helpers\classStaticPrivateMethodGet.js' [2025-12-16T02:40:57.272Z] [268]
. 2025-12-16 17:00:49.464 Copying "D:\busineshuboffline CHATGTP\TOGETHERSYSTEMS- GITHUB\Nieuwe map (3)\docs\multi-industry-docs\node_modules\@babel\runtime\helpers\classStaticPrivateMethodGet.js" to remote directory started.
. 2025-12-16 17:00:49.464 Binary transfer mode selected.
. 2025-12-16 17:00:49.464 Opening remote file.
> 2025-12-16 17:00:49.464 Type: SSH_FXP_OPEN, Size: 144, Number: 136195
< 2025-12-16 17:00:49.474 Type: SSH_FXP_HANDLE, Size: 13, Number: 136195
> 2025-12-16 17:00:49.474 Type: SSH_FXP_WRITE, Size: 293, Number: 136710
> 2025-12-16 17:00:49.568 Type: SSH_FXP_CLOSE, Size: 13, Number: 136964
> 2025-12-16 17:00:49.568 Type: SSH_FXP_SETSTAT, Size: 140, Number: 136457
< 2025-12-16 17:00:49.576 Type: SSH_FXP_STATUS, Size: 24, Number: 136710
< 2025-12-16 17:00:49.576 Status code: 0
< 2025-12-16 17:00:49.611 Type: SSH_FXP_STATUS, Size: 24, Number: 136964
< 2025-12-16 17:00:49.611 Status code: 0
. 2025-12-16 17:00:49.611 Preserving timestamp [2025-12-16T02:40:57.000Z]
< 2025-12-16 17:00:49.611 Type: SSH_FXP_STATUS, Size: 24, Number: 136457
< 2025-12-16 17:00:49.611 Status code: 0
. 2025-12-16 17:00:49.611 Transfer done: 'D:\busineshuboffline CHATGTP\TOGETHERSYSTEMS- GITHUB\Nieuwe map (3)\docs\multi-industry-docs\node_modules\@babel\runtime\helpers\classStaticPrivateMethodGet.js' => '/home/u972026836/domains/digitalnotar.in/public_html/node_modules/@babel/runtime/helpers/classStaticPrivateMethodGet.js' [268]
. 2025-12-16 17:00:49.611 File: 'D:\busineshuboffline CHATGTP\TOGETHERSYSTEMS- GITHUB\Nieuwe map (3)\docs\multi-industry-docs\node_modules\@babel\runtime\helpers\classStaticPrivateMethodSet.js' [2025-12-16T02:40:57.414Z] [242]
. 2025-12-16 17:00:49.679 Copying "D:\busineshuboffline CHATGTP\TOGETHERSYSTEMS- GITHUB\Nieuwe map (3)\docs\multi-industry-docs\node_modules\@babel\runtime\helpers\classStaticPrivateMethodSet.js" to remote directory started.
. 2025-12-16 17:00:49.679 Binary transfer mode selected.
. 2025-12-16 17:00:49.679 Opening remote file.
> 2025-12-16 17:00:49.679 Type: SSH_FXP_OPEN, Size: 144, Number: 137219
< 2025-12-16 17:00:49.689 Type: SSH_FXP_HANDLE, Size: 13, Number: 137219
> 2025-12-16 17:00:49.689 Type: SSH_FXP_WRITE, Size: 267, Number: 137734
> 2025-12-16 17:00:49.715 Type: SSH_FXP_CLOSE, Size: 13, Number: 137988
> 2025-12-16 17:00:49.715 Type: SSH_FXP_SETSTAT, Size: 140, Number: 137481
< 2025-12-16 17:00:49.726 Type: SSH_FXP_STATUS, Size: 24, Number: 137734
< 2025-12-16 17:00:49.726 Status code: 0
< 2025-12-16 17:00:49.726 Type: SSH_FXP_STATUS, Size: 24, Number: 137988
< 2025-12-16 17:00:49.728 Status code: 0
. 2025-12-16 17:00:49.728 Preserving timestamp [2025-12-16T02:40:57.000Z]
< 2025-12-16 17:00:49.735 Type: SSH_FXP_STATUS, Size: 24, Number: 137481
< 2025-12-16 17:00:49.735 Status code: 0
. 2025-12-16 17:00:49.735 Transfer done: 'D:\busineshuboffline CHATGTP\TOGETHERSYSTEMS- GITHUB\Nieuwe map (3)\docs\multi-industry-docs\node_modules\@babel\runtime\helpers\classStaticPrivateMethodSet.js' => '/home/u972026836/domains/digitalnotar.in/public_html/node_modules/@babel/runtime/helpers/classStaticPrivateMethodSet.js' [242]
. 2025-12-16 17:00:49.735 File: 'D:\busineshuboffline CHATGTP\TOGETHERSYSTEMS- GITHUB\Nieuwe map (3)\docs\multi-industry-docs\node_modules\@babel\runtime\helpers\construct.js' [2025-12-16T02:40:57.534Z] [475]
. 2025-12-16 17:00:49.782 Copying "D:\busineshuboffline CHATGTP\TOGETHERSYSTEMS- GITHUB\Nieuwe map (3)\docs\multi-industry-docs\node_modules\@babel\runtime\helpers\construct.js" to remote directory started.
. 2025-12-16 17:00:49.783 Binary transfer mode selected.
. 2025-12-16 17:00:49.783 Opening remote file.
> 2025-12-16 17:00:49.783 Type: SSH_FXP_OPEN, Size: 126, Number: 138243
< 2025-12-16 17:00:49.793 Type: SSH_FXP_HANDLE, Size: 13, Number: 138243
> 2025-12-16 17:00:49.793 Type: SSH_FXP_WRITE, Size: 500, Number: 138758
> 2025-12-16 17:00:49.851 Type: SSH_FXP_CLOSE, Size: 13, Number: 139012
> 2025-12-16 17:00:49.851 Type: SSH_FXP_SETSTAT, Size: 122, Number: 138505
< 2025-12-16 17:00:49.860 Type: SSH_FXP_STATUS, Size: 24, Number: 138758
< 2025-12-16 17:00:49.860 Status code: 0
< 2025-12-16 17:00:49.877 Type: SSH_FXP_STATUS, Size: 24, Number: 139012
< 2025-12-16 17:00:49.877 Status code: 0
. 2025-12-16 17:00:49.877 Preserving timestamp [2025-12-16T02:40:57.000Z]
< 2025-12-16 17:00:49.877 Type: SSH_FXP_STATUS, Size: 24, Number: 138505
< 2025-12-16 17:00:49.877 Status code: 0
. 2025-12-16 17:00:49.877 Transfer done: 'D:\busineshuboffline CHATGTP\TOGETHERSYSTEMS- GITHUB\Nieuwe map (3)\docs\multi-industry-docs\node_modules\@babel\runtime\helpers\construct.js' => '/home/u972026836/domains/digitalnotar.in/public_html/node_modules/@babel/runtime/helpers/construct.js' [475]
. 2025-12-16 17:00:49.892 File: 'D:\busineshuboffline CHATGTP\TOGETHERSYSTEMS- GITHUB\Nieuwe map (3)\docs\multi-industry-docs\node_modules\@babel\runtime\helpers\createClass.js' [2025-12-16T02:40:57.639Z] [583]
. 2025-12-16 17:00:49.935 Copying "D:\busineshuboffline CHATGTP\TOGETHERSYSTEMS- GITHUB\Nieuwe map (3)\docs\multi-industry-docs\node_modules\@babel\runtime\helpers\createClass.js" to remote directory started.
. 2025-12-16 17:00:49.936 Binary transfer mode selected.
. 2025-12-16 17:00:49.936 Opening remote file.
> 2025-12-16 17:00:49.936 Type: SSH_FXP_OPEN, Size: 128, Number: 139267
< 2025-12-16 17:00:49.943 Type: SSH_FXP_HANDLE, Size: 13, Number: 139267
> 2025-12-16 17:00:49.943 Type: SSH_FXP_WRITE, Size: 608, Number: 139782
> 2025-12-16 17:00:49.999 Type: SSH_FXP_CLOSE, Size: 13, Number: 140036
> 2025-12-16 17:00:49.999 Type: SSH_FXP_SETSTAT, Size: 124, Number: 139529
< 2025-12-16 17:00:50.010 Type: SSH_FXP_STATUS, Size: 24, Number: 139782
< 2025-12-16 17:00:50.010 Status code: 0
< 2025-12-16 17:00:50.078 Type: SSH_FXP_STATUS, Size: 24, Number: 140036
< 2025-12-16 17:00:50.078 Status code: 0
. 2025-12-16 17:00:50.078 Preserving timestamp [2025-12-16T02:40:57.000Z]
< 2025-12-16 17:00:50.078 Type: SSH_FXP_STATUS, Size: 24, Number: 139529
< 2025-12-16 17:00:50.079 Status code: 0
. 2025-12-16 17:00:50.079 Transfer done: 'D:\busineshuboffline CHATGTP\TOGETHERSYSTEMS- GITHUB\Nieuwe map (3)\docs\multi-industry-docs\node_modules\@babel\runtime\helpers\createClass.js' => '/home/u972026836/domains/digitalnotar.in/public_html/node_modules/@babel/runtime/helpers/createClass.js' [583]
. 2025-12-16 17:00:50.079 File: 'D:\busineshuboffline CHATGTP\TOGETHERSYSTEMS- GITHUB\Nieuwe map (3)\docs\multi-industry-docs\node_modules\@babel\runtime\helpers\createForOfIteratorHelper.js' [2025-12-16T02:40:57.766Z] [1337]
. 2025-12-16 17:00:50.136 Copying "D:\busineshuboffline CHATGTP\TOGETHERSYSTEMS- GITHUB\Nieuwe map (3)\docs\multi-industry-docs\node_modules\@babel\runtime\helpers\createForOfIteratorHelper.js" to remote directory started.
. 2025-12-16 17:00:50.136 Binary transfer mode selected.
. 2025-12-16 17:00:50.136 Opening remote file.
> 2025-12-16 17:00:50.136 Type: SSH_FXP_OPEN, Size: 142, Number: 140291
< 2025-12-16 17:00:50.151 Type: SSH_FXP_HANDLE, Size: 13, Number: 140291
> 2025-12-16 17:00:50.151 Type: SSH_FXP_WRITE, Size: 1362, Number: 140806
> 2025-12-16 17:00:50.180 Type: SSH_FXP_CLOSE, Size: 13, Number: 141060
> 2025-12-16 17:00:50.180 Type: SSH_FXP_SETSTAT, Size: 138, Number: 140553
< 2025-12-16 17:00:50.190 Type: SSH_FXP_STATUS, Size: 24, Number: 140806
< 2025-12-16 17:00:50.190 Status code: 0
< 2025-12-16 17:00:50.191 Type: SSH_FXP_STATUS, Size: 24, Number: 141060
< 2025-12-16 17:00:50.191 Status code: 0
. 2025-12-16 17:00:50.191 Preserving timestamp [2025-12-16T02:40:57.000Z]
< 2025-12-16 17:00:50.197 Type: SSH_FXP_STATUS, Size: 24, Number: 140553
< 2025-12-16 17:00:50.197 Status code: 0
. 2025-12-16 17:00:50.197 Transfer done: 'D:\busineshuboffline CHATGTP\TOGETHERSYSTEMS- GITHUB\Nieuwe map (3)\docs\multi-industry-docs\node_modules\@babel\runtime\helpers\createForOfIteratorHelper.js' => '/home/u972026836/domains/digitalnotar.in/public_html/node_modules/@babel/runtime/helpers/createForOfIteratorHelper.js' [1337]
. 2025-12-16 17:00:50.197 File: 'D:\busineshuboffline CHATGTP\TOGETHERSYSTEMS- GITHUB\Nieuwe map (3)\docs\multi-industry-docs\node_modules\@babel\runtime\helpers\createForOfIteratorHelperLoose.js' [2025-12-16T02:40:57.877Z] [826]
. 2025-12-16 17:00:50.264 Copying "D:\busineshuboffline CHATGTP\TOGETHERSYSTEMS- GITHUB\Nieuwe map (3)\docs\multi-industry-docs\node_modules\@babel\runtime\helpers\createForOfIteratorHelperLoose.js" to remote directory started.
. 2025-12-16 17:00:50.264 Binary transfer mode selected.
. 2025-12-16 17:00:50.264 Opening remote file.
> 2025-12-16 17:00:50.264 Type: SSH_FXP_OPEN, Size: 147, Number: 141315
< 2025-12-16 17:00:50.281 Type: SSH_FXP_HANDLE, Size: 13, Number: 141315
> 2025-12-16 17:00:50.281 Type: SSH_FXP_WRITE, Size: 851, Number: 141830
> 2025-12-16 17:00:50.298 Type: SSH_FXP_CLOSE, Size: 13, Number: 142084
> 2025-12-16 17:00:50.298 Type: SSH_FXP_SETSTAT, Size: 143, Number: 141577
< 2025-12-16 17:00:50.317 Type: SSH_FXP_STATUS, Size: 24, Number: 141830
< 2025-12-16 17:00:50.317 Status code: 0
< 2025-12-16 17:00:50.317 Type: SSH_FXP_STATUS, Size: 24, Number: 142084
< 2025-12-16 17:00:50.317 Status code: 0
. 2025-12-16 17:00:50.317 Preserving timestamp [2025-12-16T02:40:57.000Z]
< 2025-12-16 17:00:50.331 Type: SSH_FXP_STATUS, Size: 24, Number: 141577
< 2025-12-16 17:00:50.331 Status code: 0
. 2025-12-16 17:00:50.331 Transfer done: 'D:\busineshuboffline CHATGTP\TOGETHERSYSTEMS- GITHUB\Nieuwe map (3)\docs\multi-industry-docs\node_modules\@babel\runtime\helpers\createForOfIteratorHelperLoose.js' => '/home/u972026836/domains/digitalnotar.in/public_html/node_modules/@babel/runtime/helpers/createForOfIteratorHelperLoose.js' [826]
. 2025-12-16 17:00:50.332 File: 'D:\busineshuboffline CHATGTP\TOGETHERSYSTEMS- GITHUB\Nieuwe map (3)\docs\multi-industry-docs\node_modules\@babel\runtime\helpers\createSuper.js' [2025-12-16T02:40:57.944Z] [639]
. 2025-12-16 17:00:50.413 Copying "D:\busineshuboffline CHATGTP\TOGETHERSYSTEMS- GITHUB\Nieuwe map (3)\docs\multi-industry-docs\node_modules\@babel\runtime\helpers\createSuper.js" to remote directory started.
. 2025-12-16 17:00:50.418 Binary transfer mode selected.
. 2025-12-16 17:00:50.418 Opening remote file.
> 2025-12-16 17:00:50.419 Type: SSH_FXP_OPEN, Size: 128, Number: 142339
< 2025-12-16 17:00:50.430 Type: SSH_FXP_HANDLE, Size: 13, Number: 142339
> 2025-12-16 17:00:50.430 Type: SSH_FXP_WRITE, Size: 664, Number: 142854
> 2025-12-16 17:00:50.443 Type: SSH_FXP_CLOSE, Size: 13, Number: 143108
> 2025-12-16 17:00:50.443 Type: SSH_FXP_SETSTAT, Size: 124, Number: 142601
< 2025-12-16 17:00:50.451 Type: SSH_FXP_STATUS, Size: 24, Number: 142854
< 2025-12-16 17:00:50.451 Status code: 0
< 2025-12-16 17:00:50.451 Type: SSH_FXP_STATUS, Size: 24, Number: 143108
< 2025-12-16 17:00:50.451 Status code: 0
. 2025-12-16 17:00:50.451 Preserving timestamp [2025-12-16T02:40:57.000Z]
< 2025-12-16 17:00:50.462 Type: SSH_FXP_STATUS, Size: 24, Number: 142601
< 2025-12-16 17:00:50.462 Status code: 0
. 2025-12-16 17:00:50.462 Transfer done: 'D:\busineshuboffline CHATGTP\TOGETHERSYSTEMS- GITHUB\Nieuwe map (3)\docs\multi-industry-docs\node_modules\@babel\runtime\helpers\createSuper.js' => '/home/u972026836/domains/digitalnotar.in/public_html/node_modules/@babel/runtime/helpers/createSuper.js' [639]
. 2025-12-16 17:00:50.462 File: 'D:\busineshuboffline CHATGTP\TOGETHERSYSTEMS- GITHUB\Nieuwe map (3)\docs\multi-industry-docs\node_modules\@babel\runtime\helpers\decorate.js' [2025-12-16T02:40:58.011Z] [9908]
. 2025-12-16 17:00:50.533 Copying "D:\busineshuboffline CHATGTP\TOGETHERSYSTEMS- GITHUB\Nieuwe map (3)\docs\multi-industry-docs\node_modules\@babel\runtime\helpers\decorate.js" to remote directory started.
. 2025-12-16 17:00:50.534 Binary transfer mode selected.
. 2025-12-16 17:00:50.534 Opening remote file.
> 2025-12-16 17:00:50.534 Type: SSH_FXP_OPEN, Size: 125, Number: 143363
< 2025-12-16 17:00:50.544 Type: SSH_FXP_HANDLE, Size: 13, Number: 143363
> 2025-12-16 17:00:50.544 Type: SSH_FXP_WRITE, Size: 9933, Number: 143878
> 2025-12-16 17:00:50.551 Type: SSH_FXP_CLOSE, Size: 13, Number: 144132
> 2025-12-16 17:00:50.551 Type: SSH_FXP_SETSTAT, Size: 121, Number: 143625
< 2025-12-16 17:00:50.559 Type: SSH_FXP_STATUS, Size: 24, Number: 143878
< 2025-12-16 17:00:50.559 Status code: 0
< 2025-12-16 17:00:50.559 Type: SSH_FXP_STATUS, Size: 24, Number: 144132
< 2025-12-16 17:00:50.559 Status code: 0
. 2025-12-16 17:00:50.559 Preserving timestamp [2025-12-16T02:40:58.000Z]
< 2025-12-16 17:00:50.574 Type: SSH_FXP_STATUS, Size: 24, Number: 143625
< 2025-12-16 17:00:50.574 Status code: 0
. 2025-12-16 17:00:50.574 Transfer done: 'D:\busineshuboffline CHATGTP\TOGETHERSYSTEMS- GITHUB\Nieuwe map (3)\docs\multi-industry-docs\node_modules\@babel\runtime\helpers\decorate.js' => '/home/u972026836/domains/digitalnotar.in/public_html/node_modules/@babel/runtime/helpers/decorate.js' [9908]
. 2025-12-16 17:00:50.575 File: 'D:\busineshuboffline CHATGTP\TOGETHERSYSTEMS- GITHUB\Nieuwe map (3)\docs\multi-industry-docs\node_modules\@babel\runtime\helpers\defaults.js' [2025-12-16T02:40:58.078Z] [369]
. 2025-12-16 17:00:50.617 Copying "D:\busineshuboffline CHATGTP\TOGETHERSYSTEMS- GITHUB\Nieuwe map (3)\docs\multi-industry-docs\node_modules\@babel\runtime\helpers\defaults.js" to remote directory started.
. 2025-12-16 17:00:50.617 Binary transfer mode selected.
. 2025-12-16 17:00:50.617 Opening remote file.
> 2025-12-16 17:00:50.617 Type: SSH_FXP_OPEN, Size: 125, Number: 144387
< 2025-12-16 17:00:50.623 Type: SSH_FXP_HANDLE, Size: 13, Number: 144387
> 2025-12-16 17:00:50.623 Type: SSH_FXP_WRITE, Size: 394, Number: 144902
> 2025-12-16 17:00:50.635 Type: SSH_FXP_CLOSE, Size: 13, Number: 145156
> 2025-12-16 17:00:50.635 Type: SSH_FXP_SETSTAT, Size: 121, Number: 144649
< 2025-12-16 17:00:50.643 Type: SSH_FXP_STATUS, Size: 24, Number: 144902
< 2025-12-16 17:00:50.643 Status code: 0
< 2025-12-16 17:00:50.644 Type: SSH_FXP_STATUS, Size: 24, Number: 145156
< 2025-12-16 17:00:50.644 Status code: 0
. 2025-12-16 17:00:50.644 Preserving timestamp [2025-12-16T02:40:58.000Z]
< 2025-12-16 17:00:50.652 Type: SSH_FXP_STATUS, Size: 24, Number: 144649
< 2025-12-16 17:00:50.652 Status code: 0
. 2025-12-16 17:00:50.652 Transfer done: 'D:\busineshuboffline CHATGTP\TOGETHERSYSTEMS- GITHUB\Nieuwe map (3)\docs\multi-industry-docs\node_modules\@babel\runtime\helpers\defaults.js' => '/home/u972026836/domains/digitalnotar.in/public_html/node_modules/@babel/runtime/helpers/defaults.js' [369]
. 2025-12-16 17:00:50.652 File: 'D:\busineshuboffline CHATGTP\TOGETHERSYSTEMS- GITHUB\Nieuwe map (3)\docs\multi-industry-docs\node_modules\@babel\runtime\helpers\defineAccessor.js' [2025-12-16T02:40:58.159Z] [261]
. 2025-12-16 17:00:50.775 Copying "D:\busineshuboffline CHATGTP\TOGETHERSYSTEMS- GITHUB\Nieuwe map (3)\docs\multi-industry-docs\node_modules\@babel\runtime\helpers\defineAccessor.js" to remote directory started.
. 2025-12-16 17:00:50.782 Binary transfer mode selected.
. 2025-12-16 17:00:50.782 Opening remote file.
> 2025-12-16 17:00:50.782 Type: SSH_FXP_OPEN, Size: 131, Number: 145411
< 2025-12-16 17:00:50.791 Type: SSH_FXP_HANDLE, Size: 13, Number: 145411
> 2025-12-16 17:00:50.793 Type: SSH_FXP_WRITE, Size: 286, Number: 145926
> 2025-12-16 17:00:50.835 Type: SSH_FXP_CLOSE, Size: 13, Number: 146180
> 2025-12-16 17:00:50.835 Type: SSH_FXP_SETSTAT, Size: 127, Number: 145673
< 2025-12-16 17:00:50.846 Type: SSH_FXP_STATUS, Size: 24, Number: 145926
< 2025-12-16 17:00:50.846 Status code: 0
< 2025-12-16 17:00:50.867 Type: SSH_FXP_STATUS, Size: 24, Number: 146180
< 2025-12-16 17:00:50.867 Status code: 0
. 2025-12-16 17:00:50.867 Preserving timestamp [2025-12-16T02:40:58.000Z]
< 2025-12-16 17:00:50.867 Type: SSH_FXP_STATUS, Size: 24, Number: 145673
< 2025-12-16 17:00:50.867 Status code: 0
. 2025-12-16 17:00:50.867 Transfer done: 'D:\busineshuboffline CHATGTP\TOGETHERSYSTEMS- GITHUB\Nieuwe map (3)\docs\multi-industry-docs\node_modules\@babel\runtime\helpers\defineAccessor.js' => '/home/u972026836/domains/digitalnotar.in/public_html/node_modules/@babel/runtime/helpers/defineAccessor.js' [261]
. 2025-12-16 17:00:50.867 File: 'D:\busineshuboffline CHATGTP\TOGETHERSYSTEMS- GITHUB\Nieuwe map (3)\docs\multi-industry-docs\node_modules\@babel\runtime\helpers\defineEnumerableProperties.js' [2025-12-16T02:40:58.248Z] [580]
. 2025-12-16 17:00:50.944 Copying "D:\busineshuboffline CHATGTP\TOGETHERSYSTEMS- GITHUB\Nieuwe map (3)\docs\multi-industry-docs\node_modules\@babel\runtime\helpers\defineEnumerableProperties.js" to remote directory started.
. 2025-12-16 17:00:50.946 Binary transfer mode selected.
. 2025-12-16 17:00:50.946 Opening remote file.
> 2025-12-16 17:00:50.946 Type: SSH_FXP_OPEN, Size: 143, Number: 146435
< 2025-12-16 17:00:50.957 Type: SSH_FXP_HANDLE, Size: 13, Number: 146435
> 2025-12-16 17:00:50.957 Type: SSH_FXP_WRITE, Size: 605, Number: 146950
> 2025-12-16 17:00:51.029 Type: SSH_FXP_CLOSE, Size: 13, Number: 147204
> 2025-12-16 17:00:51.029 Type: SSH_FXP_SETSTAT, Size: 139, Number: 146697
< 2025-12-16 17:00:51.042 Type: SSH_FXP_STATUS, Size: 24, Number: 146950
< 2025-12-16 17:00:51.042 Status code: 0
< 2025-12-16 17:00:51.046 Type: SSH_FXP_STATUS, Size: 24, Number: 147204
< 2025-12-16 17:00:51.046 Status code: 0
. 2025-12-16 17:00:51.046 Preserving timestamp [2025-12-16T02:40:58.000Z]
< 2025-12-16 17:00:51.049 Type: SSH_FXP_STATUS, Size: 24, Number: 146697
< 2025-12-16 17:00:51.049 Status code: 0
. 2025-12-16 17:00:51.049 Transfer done: 'D:\busineshuboffline CHATGTP\TOGETHERSYSTEMS- GITHUB\Nieuwe map (3)\docs\multi-industry-docs\node_modules\@babel\runtime\helpers\defineEnumerableProperties.js' => '/home/u972026836/domains/digitalnotar.in/public_html/node_modules/@babel/runtime/helpers/defineEnumerableProperties.js' [580]
. 2025-12-16 17:00:51.050 File: 'D:\busineshuboffline CHATGTP\TOGETHERSYSTEMS- GITHUB\Nieuwe map (3)\docs\multi-industry-docs\node_modules\@babel\runtime\helpers\defineProperty.js' [2025-12-16T02:40:58.297Z] [362]
. 2025-12-16 17:00:51.183 Copying "D:\busineshuboffline CHATGTP\TOGETHERSYSTEMS- GITHUB\Nieuwe map (3)\docs\multi-industry-docs\node_modules\@babel\runtime\helpers\defineProperty.js" to remote directory started.
. 2025-12-16 17:00:51.183 Binary transfer mode selected.
. 2025-12-16 17:00:51.183 Opening remote file.
> 2025-12-16 17:00:51.183 Type: SSH_FXP_OPEN, Size: 131, Number: 147459
< 2025-12-16 17:00:51.196 Type: SSH_FXP_STATUS, Size: 29, Number: 147459
< 2025-12-16 17:00:51.196 Status code: 2, Message: 147459, Server: No such file, Language:  
> 2025-12-16 17:00:51.199 Type: SSH_FXP_LSTAT, Size: 115, Number: 147719
< 2025-12-16 17:00:51.214 Type: SSH_FXP_STATUS, Size: 29, Number: 147719
< 2025-12-16 17:00:51.214 Status code: 2, Message: 147719, Server: No such file, Language:  
* 2025-12-16 17:00:51.219 (ETerminal) Bestand of map bestaat niet.
* 2025-12-16 17:00:51.220 Foutcode: 2
* 2025-12-16 17:00:51.220 Foutmelding van server: No such file
. 2025-12-16 17:00:51.220 Asking user:
. 2025-12-16 17:00:51.220 Kan extern bestand '/home/u972026836/domains/digitalnotar.in/public_html/node_modules/@babel/runtime/helpers/defineProperty.js' niet aanmaken. ("Bestand of map bestaat niet.
. 2025-12-16 17:00:51.220 Foutcode: 2
. 2025-12-16 17:00:51.220 Foutmelding van server: No such file")
< 2025-12-16 17:00:51.220 Script: Kan extern bestand '/home/u972026836/domains/digitalnotar.in/public_html/node_modules/@babel/runtime/helpers/defineProperty.js' niet aanmaken.
< 2025-12-16 17:00:51.229 Script: Bestand of map bestaat niet.
< 2025-12-16 17:00:51.229 Foutcode: 2
< 2025-12-16 17:00:51.229 Foutmelding van server: No such file
. 2025-12-16 17:00:51.267 Answer: Abort
* 2025-12-16 17:00:51.277 (ESkipFile) Kan extern bestand '/home/u972026836/domains/digitalnotar.in/public_html/node_modules/@babel/runtime/helpers/defineProperty.js' niet aanmaken.
* 2025-12-16 17:00:51.277 Bestand of map bestaat niet.
* 2025-12-16 17:00:51.277 Foutcode: 2
* 2025-12-16 17:00:51.278 Foutmelding van server: No such file
. 2025-12-16 17:00:51.278 Copying finished: Transferred: 277.759, Elapsed: 0:00:21, CPS: 12.734/s
. 2025-12-16 17:00:51.279 Script: Failed
. 2025-12-16 17:00:51.279 Script: Exit code: 1
. 2025-12-16 17:00:51.279 Closing connection.
. 2025-12-16 17:00:51.279 Sending special code: 1
. 2025-12-16 17:00:51.293 Session sent command exit status 0
. 2025-12-16 17:00:51.293 Main session channel closed
. 2025-12-16 17:00:51.294 All channels closed
