[2025-12-13 22:11:20.457] [INFO] System initialized in Active mode
[2025-12-13 22:11:20.500] [INFO] Verifying file system structure...
[2025-12-13 22:11:20.541] [INFO] Verifying system configuration...
[2025-12-13 22:11:20.658] [WARNING] Generated default configuration: system.json
[2025-12-13 22:11:20.683] [INFO] System is running in Active mode
[2025-12-13 22:12:20.720] [INFO] System is running in Active mode
[2025-12-13 22:13:21.032] [INFO] System is running in Active mode
[2025-12-13 22:13:58.538] [INFO] System initialized in Active mode
[2025-12-13 22:13:58.565] [INFO] Verifying file system structure...
[2025-12-13 22:13:58.577] [INFO] Verifying system configuration...
[2025-12-13 22:13:58.617] [INFO] System is running in Active mode
[2025-12-13 22:14:21.046] [INFO] System is running in Active mode
[2025-12-13 22:14:42.558] [INFO] System initialized in Active mode
[2025-12-13 22:14:42.576] [INFO] Verifying file system structure...
[2025-12-13 22:14:42.583] [INFO] Verifying system configuration...
[2025-12-13 22:14:42.597] [INFO] System is running in Active mode
[2025-12-13 22:15:40.538] [INFO] System initialized in Active mode
[2025-12-13 22:15:40.557] [INFO] Verifying file system structure...
[2025-12-13 22:15:40.563] [INFO] Verifying system configuration...
[2025-12-13 22:15:40.577] [INFO] System is running in Active mode
[2025-12-13 22:15:42.604] [INFO] System is running in Active mode
[2025-12-13 22:16:40.597] [INFO] System is running in Active mode
[2025-12-13 22:16:42.617] [INFO] System is running in Active mode
[2025-12-13 22:17:40.609] [INFO] System is running in Active mode
[2025-12-13 22:17:42.636] [INFO] System is running in Active mode
[2025-12-13 22:18:40.618] [INFO] System is running in Active mode
[2025-12-13 22:18:42.654] [INFO] System is running in Active mode
[2025-12-13 22:19:40.627] [INFO] System is running in Active mode
[2025-12-13 22:19:42.662] [INFO] System is running in Active mode
[2025-12-13 22:20:40.636] [INFO] System is running in Active mode
[2025-12-13 22:20:42.676] [INFO] System is running in Active mode
[2025-12-13 22:21:40.640] [INFO] System is running in Active mode
[2025-12-13 22:21:42.682] [INFO] System is running in Active mode
[2025-12-13 22:22:40.653] [INFO] System is running in Active mode
[2025-12-13 22:22:42.715] [INFO] System is running in Active mode
[2025-12-13 22:23:40.676] [INFO] System is running in Active mode
[2025-12-13 22:23:42.742] [INFO] System is running in Active mode
[2025-12-13 22:24:40.698] [INFO] System is running in Active mode
[2025-12-13 22:24:42.768] [INFO] System is running in Active mode
[2025-12-13 22:25:40.726] [INFO] System is running in Active mode
[2025-12-13 22:25:42.787] [INFO] System is running in Active mode
[2025-12-13 22:26:40.731] [INFO] System is running in Active mode
[2025-12-13 22:26:42.798] [INFO] System is running in Active mode
[2025-12-13 22:27:40.740] [INFO] System is running in Active mode
[2025-12-13 22:27:42.804] [INFO] System is running in Active mode
[2025-12-13 22:28:40.745] [INFO] System is running in Active mode
[2025-12-13 22:28:42.810] [INFO] System is running in Active mode
[2025-12-13 22:29:40.750] [INFO] System is running in Active mode
[2025-12-13 22:29:42.817] [INFO] System is running in Active mode
[2025-12-13 22:30:40.756] [INFO] System is running in Active mode
[2025-12-13 22:30:42.821] [INFO] System is running in Active mode
[2025-12-13 22:31:40.774] [INFO] System is running in Active mode
[2025-12-13 22:31:42.827] [INFO] System is running in Active mode
[2025-12-13 22:32:40.785] [INFO] System is running in Active mode
[2025-12-13 22:32:42.844] [INFO] System is running in Active mode
[2025-12-13 22:33:40.791] [INFO] System is running in Active mode
[2025-12-13 22:33:42.851] [INFO] System is running in Active mode
[2025-12-13 22:34:40.796] [INFO] System is running in Active mode
[2025-12-13 22:34:42.861] [INFO] System is running in Active mode
[2025-12-13 22:35:40.810] [INFO] System is running in Active mode
[2025-12-13 22:35:42.870] [INFO] System is running in Active mode
[2025-12-13 22:36:40.825] [INFO] System is running in Active mode
[2025-12-13 22:36:42.894] [INFO] System is running in Active mode
[2025-12-13 22:37:40.844] [INFO] System is running in Active mode
[2025-12-13 22:37:42.914] [INFO] System is running in Active mode
[2025-12-13 22:38:40.849] [INFO] System is running in Active mode
[2025-12-13 22:38:42.933] [INFO] System is running in Active mode
[2025-12-13 22:39:40.872] [INFO] System is running in Active mode
[2025-12-13 22:39:42.940] [INFO] System is running in Active mode
[2025-12-13 22:40:40.878] [INFO] System is running in Active mode
[2025-12-13 22:40:42.948] [INFO] System is running in Active mode
[2025-12-13 22:41:40.891] [INFO] System is running in Active mode
[2025-12-13 22:41:42.957] [INFO] System is running in Active mode
[2025-12-13 22:42:40.916] [INFO] System is running in Active mode
[2025-12-13 22:42:42.977] [INFO] System is running in Active mode
[2025-12-13 22:43:40.932] [INFO] System is running in Active mode
[2025-12-13 22:43:42.999] [INFO] System is running in Active mode
[2025-12-13 22:44:40.952] [INFO] System is running in Active mode
[2025-12-13 22:44:43.020] [INFO] System is running in Active mode
[2025-12-13 22:45:40.962] [INFO] System is running in Active mode
[2025-12-13 22:45:43.043] [INFO] System is running in Active mode
[2025-12-13 22:46:40.967] [INFO] System is running in Active mode
[2025-12-13 22:46:43.051] [INFO] System is running in Active mode
[2025-12-13 22:47:40.981] [INFO] System is running in Active mode
[2025-12-13 22:47:43.070] [INFO] System is running in Active mode
[2025-12-13 22:48:41.016] [INFO] System is running in Active mode
[2025-12-13 22:48:43.115] [INFO] System is running in Active mode
[2025-12-13 22:49:41.035] [INFO] System is running in Active mode
[2025-12-13 22:49:43.135] [INFO] System is running in Active mode
[2025-12-13 22:50:41.056] [INFO] System is running in Active mode
[2025-12-13 22:50:43.154] [INFO] System is running in Active mode
[2025-12-13 22:51:41.094] [INFO] System is running in Active mode
[2025-12-13 22:51:43.163] [INFO] System is running in Active mode
[2025-12-13 22:52:41.118] [INFO] System is running in Active mode
[2025-12-13 22:52:43.182] [INFO] System is running in Active mode
[2025-12-13 22:53:41.179] [INFO] System is running in Active mode
[2025-12-13 22:53:43.201] [INFO] System is running in Active mode
[2025-12-13 22:54:41.208] [INFO] System is running in Active mode
[2025-12-13 22:54:43.231] [INFO] System is running in Active mode
[2025-12-13 22:55:41.285] [INFO] System is running in Active mode
[2025-12-13 22:55:43.253] [INFO] System is running in Active mode
[2025-12-13 22:56:41.294] [INFO] System is running in Active mode
[2025-12-13 22:56:43.297] [INFO] System is running in Active mode
[2025-12-13 22:57:41.318] [INFO] System is running in Active mode
[2025-12-13 22:57:43.314] [INFO] System is running in Active mode
[2025-12-13 22:58:41.340] [INFO] System is running in Active mode
[2025-12-13 22:58:43.321] [INFO] System is running in Active mode
[2025-12-13 22:59:41.361] [INFO] System is running in Active mode
[2025-12-13 22:59:43.331] [INFO] System is running in Active mode
[2025-12-13 23:00:41.383] [INFO] System is running in Active mode
[2025-12-13 23:00:43.349] [INFO] System is running in Active mode
[2025-12-13 23:01:41.406] [INFO] System is running in Active mode
[2025-12-13 23:01:43.360] [INFO] System is running in Active mode
[2025-12-13 23:02:41.446] [INFO] System is running in Active mode
[2025-12-13 23:02:43.376] [INFO] System is running in Active mode
[2025-12-13 23:03:41.468] [INFO] System is running in Active mode
[2025-12-13 23:03:43.393] [INFO] System is running in Active mode
[2025-12-13 23:04:41.491] [INFO] System is running in Active mode
[2025-12-13 23:04:43.406] [INFO] System is running in Active mode
[2025-12-13 23:05:41.514] [INFO] System is running in Active mode
[2025-12-13 23:05:43.413] [INFO] System is running in Active mode
[2025-12-13 23:06:41.536] [INFO] System is running in Active mode
[2025-12-13 23:06:43.442] [INFO] System is running in Active mode
[2025-12-13 23:07:41.544] [INFO] System is running in Active mode
[2025-12-13 23:07:43.474] [INFO] System is running in Active mode
[2025-12-13 23:08:41.564] [INFO] System is running in Active mode
[2025-12-13 23:08:43.493] [INFO] System is running in Active mode
[2025-12-13 23:09:41.572] [INFO] System is running in Active mode
[2025-12-13 23:09:43.500] [INFO] System is running in Active mode
[2025-12-13 23:10:41.587] [INFO] System is running in Active mode
[2025-12-13 23:10:43.520] [INFO] System is running in Active mode
[2025-12-13 23:11:41.598] [INFO] System is running in Active mode
[2025-12-13 23:11:43.536] [INFO] System is running in Active mode
[2025-12-13 23:12:41.604] [INFO] System is running in Active mode
[2025-12-13 23:12:43.553] [INFO] System is running in Active mode
[2025-12-13 23:13:41.611] [INFO] System is running in Active mode
[2025-12-13 23:13:43.559] [INFO] System is running in Active mode
[2025-12-13 23:14:41.629] [INFO] System is running in Active mode
[2025-12-13 23:14:43.587] [INFO] System is running in Active mode
[2025-12-13 23:15:41.660] [INFO] System is running in Active mode
[2025-12-13 23:15:43.682] [INFO] System is running in Active mode
[2025-12-13 23:16:41.698] [INFO] System is running in Active mode
[2025-12-13 23:16:43.736] [INFO] System is running in Active mode
[2025-12-13 23:17:41.734] [INFO] System is running in Active mode
[2025-12-13 23:17:43.773] [INFO] System is running in Active mode
[2025-12-13 23:18:41.758] [INFO] System is running in Active mode
[2025-12-13 23:18:43.841] [INFO] System is running in Active mode
[2025-12-13 23:19:41.795] [INFO] System is running in Active mode
[2025-12-13 23:19:43.903] [INFO] System is running in Active mode
[2025-12-13 23:20:41.819] [INFO] System is running in Active mode
[2025-12-13 23:20:43.923] [INFO] System is running in Active mode
[2025-12-13 23:21:41.839] [INFO] System is running in Active mode
[2025-12-13 23:21:43.961] [INFO] System is running in Active mode
[2025-12-13 23:22:41.857] [INFO] System is running in Active mode
[2025-12-13 23:22:44.035] [INFO] System is running in Active mode
[2025-12-13 23:23:41.869] [INFO] System is running in Active mode
[2025-12-13 23:23:44.049] [INFO] System is running in Active mode
[2025-12-13 23:24:41.889] [INFO] System is running in Active mode
[2025-12-13 23:24:44.059] [INFO] System is running in Active mode
[2025-12-13 23:25:41.898] [INFO] System is running in Active mode
[2025-12-13 23:25:44.066] [INFO] System is running in Active mode
[2025-12-13 23:26:41.913] [INFO] System is running in Active mode
[2025-12-13 23:26:44.083] [INFO] System is running in Active mode
[2025-12-13 23:27:41.925] [INFO] System is running in Active mode
[2025-12-13 23:27:44.087] [INFO] System is running in Active mode
[2025-12-13 23:28:41.935] [INFO] System is running in Active mode
[2025-12-13 23:28:44.093] [INFO] System is running in Active mode
[2025-12-13 23:29:41.948] [INFO] System is running in Active mode
[2025-12-13 23:29:44.102] [INFO] System is running in Active mode
[2025-12-13 23:30:41.960] [INFO] System is running in Active mode
[2025-12-13 23:30:44.111] [INFO] System is running in Active mode
[2025-12-13 23:31:41.977] [INFO] System is running in Active mode
[2025-12-13 23:31:44.117] [INFO] System is running in Active mode
[2025-12-13 23:32:42.192] [INFO] System is running in Active mode
[2025-12-13 23:32:44.138] [INFO] System is running in Active mode
[2025-12-13 23:33:42.229] [INFO] System is running in Active mode
[2025-12-13 23:33:44.170] [INFO] System is running in Active mode
[2025-12-13 23:34:42.319] [INFO] System is running in Active mode
[2025-12-13 23:34:44.198] [INFO] System is running in Active mode
[2025-12-13 23:35:42.342] [INFO] System is running in Active mode
[2025-12-13 23:35:44.218] [INFO] System is running in Active mode
[2025-12-13 23:36:42.377] [INFO] System is running in Active mode
[2025-12-13 23:36:44.248] [INFO] System is running in Active mode
[2025-12-13 23:37:42.386] [INFO] System is running in Active mode
[2025-12-13 23:37:44.296] [INFO] System is running in Active mode
[2025-12-13 23:38:42.407] [INFO] System is running in Active mode
[2025-12-13 23:38:44.307] [INFO] System is running in Active mode
[2025-12-13 23:39:42.414] [INFO] System is running in Active mode
[2025-12-13 23:39:44.337] [INFO] System is running in Active mode
[2025-12-13 23:40:42.435] [INFO] System is running in Active mode
[2025-12-13 23:40:44.349] [INFO] System is running in Active mode
[2025-12-13 23:41:42.444] [INFO] System is running in Active mode
[2025-12-13 23:41:44.359] [INFO] System is running in Active mode
[2025-12-13 23:42:42.463] [INFO] System is running in Active mode
[2025-12-13 23:42:44.382] [INFO] System is running in Active mode
[2025-12-13 23:43:42.475] [INFO] System is running in Active mode
[2025-12-13 23:43:44.404] [INFO] System is running in Active mode
[2025-12-13 23:44:42.490] [INFO] System is running in Active mode
[2025-12-13 23:44:44.431] [INFO] System is running in Active mode
[2025-12-13 23:45:42.500] [INFO] System is running in Active mode
[2025-12-13 23:45:44.446] [INFO] System is running in Active mode
[2025-12-13 23:46:42.520] [INFO] System is running in Active mode
[2025-12-13 23:46:44.464] [INFO] System is running in Active mode
[2025-12-13 23:47:42.543] [INFO] System is running in Active mode
[2025-12-13 23:47:44.477] [INFO] System is running in Active mode
[2025-12-13 23:48:42.565] [INFO] System is running in Active mode
[2025-12-13 23:48:44.484] [INFO] System is running in Active mode
[2025-12-13 23:49:42.587] [INFO] System is running in Active mode
[2025-12-13 23:49:44.506] [INFO] System is running in Active mode
[2025-12-13 23:50:42.598] [INFO] System is running in Active mode
[2025-12-13 23:50:44.526] [INFO] System is running in Active mode
[2025-12-13 23:51:42.628] [INFO] System is running in Active mode
[2025-12-13 23:51:44.545] [INFO] System is running in Active mode
[2025-12-13 23:52:42.773] [INFO] System is running in Active mode
[2025-12-13 23:52:44.563] [INFO] System is running in Active mode
[2025-12-13 23:53:42.784] [INFO] System is running in Active mode
[2025-12-13 23:53:44.569] [INFO] System is running in Active mode
[2025-12-13 23:54:42.798] [INFO] System is running in Active mode
[2025-12-13 23:54:44.578] [INFO] System is running in Active mode
[2025-12-13 23:55:42.819] [INFO] System is running in Active mode
[2025-12-13 23:55:44.588] [INFO] System is running in Active mode
[2025-12-13 23:56:42.823] [INFO] System is running in Active mode
[2025-12-13 23:56:44.605] [INFO] System is running in Active mode
[2025-12-13 23:57:42.851] [INFO] System is running in Active mode
[2025-12-13 23:57:44.618] [INFO] System is running in Active mode
[2025-12-13 23:58:42.862] [INFO] System is running in Active mode
[2025-12-13 23:58:44.638] [INFO] System is running in Active mode
[2025-12-13 23:59:42.870] [INFO] System is running in Active mode
[2025-12-13 23:59:44.656] [INFO] System is running in Active mode
[2025-12-14 00:00:42.886] [INFO] System is running in Active mode
[2025-12-14 00:00:44.665] [INFO] System is running in Active mode
[2025-12-14 00:01:42.907] [INFO] System is running in Active mode
[2025-12-14 00:01:44.686] [INFO] System is running in Active mode
[2025-12-14 00:02:42.916] [INFO] System is running in Active mode
[2025-12-14 00:02:44.706] [INFO] System is running in Active mode
[2025-12-14 00:03:42.925] [INFO] System is running in Active mode
[2025-12-14 00:03:44.716] [INFO] System is running in Active mode
[2025-12-14 00:04:42.943] [INFO] System is running in Active mode
[2025-12-14 00:04:44.722] [INFO] System is running in Active mode
[2025-12-14 00:05:42.952] [INFO] System is running in Active mode
[2025-12-14 00:05:44.733] [INFO] System is running in Active mode
[2025-12-14 00:06:42.973] [INFO] System is running in Active mode
[2025-12-14 00:06:44.740] [INFO] System is running in Active mode
[2025-12-14 00:07:42.979] [INFO] System is running in Active mode
[2025-12-14 00:07:44.746] [INFO] System is running in Active mode
[2025-12-14 00:08:42.986] [INFO] System is running in Active mode
[2025-12-14 00:08:44.767] [INFO] System is running in Active mode
[2025-12-14 00:09:43.025] [INFO] System is running in Active mode
[2025-12-14 00:09:44.772] [INFO] System is running in Active mode
[2025-12-14 00:10:43.043] [INFO] System is running in Active mode
[2025-12-14 00:10:44.777] [INFO] System is running in Active mode
[2025-12-14 00:11:43.049] [INFO] System is running in Active mode
[2025-12-14 00:11:44.784] [INFO] System is running in Active mode
[2025-12-14 00:12:43.059] [INFO] System is running in Active mode
[2025-12-14 00:12:44.791] [INFO] System is running in Active mode
[2025-12-14 00:13:43.066] [INFO] System is running in Active mode
[2025-12-14 00:13:44.798] [INFO] System is running in Active mode
[2025-12-14 00:14:43.072] [INFO] System is running in Active mode
[2025-12-14 00:14:44.805] [INFO] System is running in Active mode
[2025-12-14 00:15:43.086] [INFO] System is running in Active mode
[2025-12-14 00:15:44.824] [INFO] System is running in Active mode
[2025-12-14 00:16:43.095] [INFO] System is running in Active mode
[2025-12-14 00:16:44.833] [INFO] System is running in Active mode
[2025-12-14 00:17:43.104] [INFO] System is running in Active mode
[2025-12-14 00:17:44.853] [INFO] System is running in Active mode
[2025-12-14 00:18:43.125] [INFO] System is running in Active mode
[2025-12-14 00:18:44.862] [INFO] System is running in Active mode
[2025-12-14 00:19:43.134] [INFO] System is running in Active mode
[2025-12-14 00:19:44.883] [INFO] System is running in Active mode
[2025-12-14 00:20:43.155] [INFO] System is running in Active mode
[2025-12-14 00:20:44.888] [INFO] System is running in Active mode
[2025-12-14 00:21:43.173] [INFO] System is running in Active mode
[2025-12-14 00:21:44.896] [INFO] System is running in Active mode
[2025-12-14 00:22:43.185] [INFO] System is running in Active mode
[2025-12-14 00:22:44.917] [INFO] System is running in Active mode
[2025-12-14 00:23:43.190] [INFO] System is running in Active mode
[2025-12-14 00:23:44.924] [INFO] System is running in Active mode
[2025-12-14 00:24:43.209] [INFO] System is running in Active mode
[2025-12-14 00:24:44.943] [INFO] System is running in Active mode
[2025-12-14 00:25:43.215] [INFO] System is running in Active mode
[2025-12-14 00:25:44.952] [INFO] System is running in Active mode
[2025-12-14 00:26:43.224] [INFO] System is running in Active mode
[2025-12-14 00:26:44.972] [INFO] System is running in Active mode
[2025-12-14 00:27:43.229] [INFO] System is running in Active mode
[2025-12-14 00:27:44.981] [INFO] System is running in Active mode
[2025-12-14 00:28:43.236] [INFO] System is running in Active mode
[2025-12-14 00:28:44.997] [INFO] System is running in Active mode
[2025-12-14 00:29:43.242] [INFO] System is running in Active mode
[2025-12-14 00:29:45.009] [INFO] System is running in Active mode
[2025-12-14 00:30:43.247] [INFO] System is running in Active mode
[2025-12-14 00:30:45.013] [INFO] System is running in Active mode
[2025-12-14 00:31:43.266] [INFO] System is running in Active mode
[2025-12-14 00:31:45.020] [INFO] System is running in Active mode
[2025-12-14 00:32:43.277] [INFO] System is running in Active mode
[2025-12-14 00:32:45.026] [INFO] System is running in Active mode
[2025-12-14 00:33:43.284] [INFO] System is running in Active mode
[2025-12-14 00:33:45.032] [INFO] System is running in Active mode
[2025-12-14 00:34:43.304] [INFO] System is running in Active mode
[2025-12-14 00:34:45.051] [INFO] System is running in Active mode
[2025-12-14 00:35:43.326] [INFO] System is running in Active mode
[2025-12-14 00:35:45.059] [INFO] System is running in Active mode
[2025-12-14 00:36:43.348] [INFO] System is running in Active mode
[2025-12-14 00:36:45.066] [INFO] System is running in Active mode
[2025-12-14 00:37:43.354] [INFO] System is running in Active mode
[2025-12-14 00:37:45.084] [INFO] System is running in Active mode
[2025-12-14 00:38:43.363] [INFO] System is running in Active mode
[2025-12-14 00:38:45.092] [INFO] System is running in Active mode
[2025-12-14 00:39:43.369] [INFO] System is running in Active mode
[2025-12-14 00:39:45.099] [INFO] System is running in Active mode
[2025-12-14 00:40:43.390] [INFO] System is running in Active mode
[2025-12-14 00:40:45.107] [INFO] System is running in Active mode
[2025-12-14 00:41:43.409] [INFO] System is running in Active mode
[2025-12-14 00:41:45.126] [INFO] System is running in Active mode
[2025-12-14 00:42:43.432] [INFO] System is running in Active mode
[2025-12-14 00:42:45.136] [INFO] System is running in Active mode
[2025-12-14 00:43:43.443] [INFO] System is running in Active mode
[2025-12-14 00:43:45.158] [INFO] System is running in Active mode
[2025-12-14 00:44:43.458] [INFO] System is running in Active mode
[2025-12-14 00:44:45.163] [INFO] System is running in Active mode
[2025-12-14 00:45:43.469] [INFO] System is running in Active mode
[2025-12-14 00:45:45.171] [INFO] System is running in Active mode
[2025-12-14 00:46:43.476] [INFO] System is running in Active mode
[2025-12-14 00:46:45.191] [INFO] System is running in Active mode
[2025-12-14 00:47:43.481] [INFO] System is running in Active mode
[2025-12-14 00:47:45.201] [INFO] System is running in Active mode
[2025-12-14 00:48:43.490] [INFO] System is running in Active mode
[2025-12-14 00:48:45.219] [INFO] System is running in Active mode
[2025-12-14 00:49:43.509] [INFO] System is running in Active mode
[2025-12-14 00:49:45.227] [INFO] System is running in Active mode
[2025-12-14 00:50:43.531] [INFO] System is running in Active mode
[2025-12-14 00:50:45.251] [INFO] System is running in Active mode
[2025-12-14 00:51:43.539] [INFO] System is running in Active mode
[2025-12-14 00:51:45.271] [INFO] System is running in Active mode
[2025-12-14 00:52:43.559] [INFO] System is running in Active mode
[2025-12-14 00:52:45.279] [INFO] System is running in Active mode
[2025-12-14 00:53:43.569] [INFO] System is running in Active mode
[2025-12-14 00:53:45.298] [INFO] System is running in Active mode
[2025-12-14 00:54:43.589] [INFO] System is running in Active mode
[2025-12-14 00:54:45.307] [INFO] System is running in Active mode
[2025-12-14 00:55:43.597] [INFO] System is running in Active mode
[2025-12-14 00:55:45.313] [INFO] System is running in Active mode
[2025-12-14 00:56:43.602] [INFO] System is running in Active mode
[2025-12-14 00:56:45.318] [INFO] System is running in Active mode
[2025-12-14 00:57:43.607] [INFO] System is running in Active mode
[2025-12-14 00:57:45.324] [INFO] System is running in Active mode
[2025-12-14 00:58:43.629] [INFO] System is running in Active mode
[2025-12-14 00:58:45.330] [INFO] System is running in Active mode
[2025-12-14 00:59:43.638] [INFO] System is running in Active mode
[2025-12-14 00:59:45.351] [INFO] System is running in Active mode
[2025-12-14 01:00:43.659] [INFO] System is running in Active mode
[2025-12-14 01:00:45.359] [INFO] System is running in Active mode
[2025-12-14 01:01:43.682] [INFO] System is running in Active mode
[2025-12-14 01:01:45.365] [INFO] System is running in Active mode
[2025-12-14 01:02:43.701] [INFO] System is running in Active mode
[2025-12-14 01:02:45.385] [INFO] System is running in Active mode
[2025-12-14 01:03:43.709] [INFO] System is running in Active mode
[2025-12-14 01:03:45.392] [INFO] System is running in Active mode
[2025-12-14 01:04:43.716] [INFO] System is running in Active mode
[2025-12-14 01:04:45.399] [INFO] System is running in Active mode
[2025-12-14 01:05:43.722] [INFO] System is running in Active mode
[2025-12-14 01:05:45.404] [INFO] System is running in Active mode
[2025-12-14 01:06:43.741] [INFO] System is running in Active mode
[2025-12-14 01:06:45.411] [INFO] System is running in Active mode
[2025-12-14 01:07:43.749] [INFO] System is running in Active mode
[2025-12-14 01:07:45.417] [INFO] System is running in Active mode
[2025-12-14 01:08:43.756] [INFO] System is running in Active mode
[2025-12-14 01:08:45.424] [INFO] System is running in Active mode
[2025-12-14 01:09:43.775] [INFO] System is running in Active mode
[2025-12-14 01:09:45.442] [INFO] System is running in Active mode
[2025-12-14 01:10:43.783] [INFO] System is running in Active mode
[2025-12-14 01:10:45.453] [INFO] System is running in Active mode
[2025-12-14 01:11:43.790] [INFO] System is running in Active mode
[2025-12-14 01:11:45.474] [INFO] System is running in Active mode
[2025-12-14 01:12:43.799] [INFO] System is running in Active mode
[2025-12-14 01:12:45.480] [INFO] System is running in Active mode
[2025-12-14 01:13:43.820] [INFO] System is running in Active mode
[2025-12-14 01:13:45.498] [INFO] System is running in Active mode
[2025-12-14 01:14:43.839] [INFO] System is running in Active mode
[2025-12-14 01:14:45.508] [INFO] System is running in Active mode
[2025-12-14 01:15:43.848] [INFO] System is running in Active mode
[2025-12-14 01:15:45.530] [INFO] System is running in Active mode
[2025-12-14 01:16:43.854] [INFO] System is running in Active mode
[2025-12-14 01:16:45.553] [INFO] System is running in Active mode
[2025-12-14 01:17:43.859] [INFO] System is running in Active mode
[2025-12-14 01:17:45.560] [INFO] System is running in Active mode
[2025-12-14 01:18:43.866] [INFO] System is running in Active mode
[2025-12-14 01:18:45.567] [INFO] System is running in Active mode
[2025-12-14 01:19:43.884] [INFO] System is running in Active mode
[2025-12-14 01:19:45.582] [INFO] System is running in Active mode
[2025-12-14 01:20:43.892] [INFO] System is running in Active mode
[2025-12-14 01:20:45.591] [INFO] System is running in Active mode
[2025-12-14 01:21:43.901] [INFO] System is running in Active mode
[2025-12-14 01:21:45.599] [INFO] System is running in Active mode
[2025-12-14 01:22:43.920] [INFO] System is running in Active mode
[2025-12-14 01:22:45.605] [INFO] System is running in Active mode
[2025-12-14 01:23:43.929] [INFO] System is running in Active mode
[2025-12-14 01:23:45.613] [INFO] System is running in Active mode
[2025-12-14 01:24:43.946] [INFO] System is running in Active mode
[2025-12-14 01:24:45.631] [INFO] System is running in Active mode
[2025-12-14 01:25:43.958] [INFO] System is running in Active mode
[2025-12-14 01:25:45.652] [INFO] System is running in Active mode
[2025-12-14 01:26:43.973] [INFO] System is running in Active mode
[2025-12-14 01:26:45.661] [INFO] System is running in Active mode
[2025-12-14 01:27:43.985] [INFO] System is running in Active mode
[2025-12-14 01:27:45.684] [INFO] System is running in Active mode
[2025-12-14 01:28:43.993] [INFO] System is running in Active mode
[2025-12-14 01:28:45.691] [INFO] System is running in Active mode
[2025-12-14 01:29:44.013] [INFO] System is running in Active mode
[2025-12-14 01:29:45.711] [INFO] System is running in Active mode
[2025-12-14 01:30:44.019] [INFO] System is running in Active mode
[2025-12-14 01:30:45.720] [INFO] System is running in Active mode
[2025-12-14 01:31:44.027] [INFO] System is running in Active mode
[2025-12-14 01:31:45.739] [INFO] System is running in Active mode
[2025-12-14 01:32:44.049] [INFO] System is running in Active mode
[2025-12-14 01:32:45.746] [INFO] System is running in Active mode
[2025-12-14 01:33:44.064] [INFO] System is running in Active mode
[2025-12-14 01:33:45.752] [INFO] System is running in Active mode
[2025-12-14 01:34:44.077] [INFO] System is running in Active mode
[2025-12-14 01:34:45.758] [INFO] System is running in Active mode
[2025-12-14 01:35:44.081] [INFO] System is running in Active mode
[2025-12-14 01:35:45.764] [INFO] System is running in Active mode
[2025-12-14 01:36:44.102] [INFO] System is running in Active mode
[2025-12-14 01:36:45.773] [INFO] System is running in Active mode
[2025-12-14 01:37:44.109] [INFO] System is running in Active mode
[2025-12-14 01:37:45.792] [INFO] System is running in Active mode
[2025-12-14 01:38:44.118] [INFO] System is running in Active mode
[2025-12-14 01:38:45.801] [INFO] System is running in Active mode
[2025-12-14 01:39:44.139] [INFO] System is running in Active mode
[2025-12-14 01:39:45.823] [INFO] System is running in Active mode
[2025-12-14 01:40:44.160] [INFO] System is running in Active mode
[2025-12-14 01:40:45.843] [INFO] System is running in Active mode
[2025-12-14 01:41:44.167] [INFO] System is running in Active mode
[2025-12-14 01:41:45.866] [INFO] System is running in Active mode
[2025-12-14 01:42:44.188] [INFO] System is running in Active mode
[2025-12-14 01:42:45.886] [INFO] System is running in Active mode
[2025-12-14 01:43:44.209] [INFO] System is running in Active mode
[2025-12-14 01:43:45.895] [INFO] System is running in Active mode
[2025-12-14 01:44:44.216] [INFO] System is running in Active mode
[2025-12-14 01:44:45.902] [INFO] System is running in Active mode
[2025-12-14 01:45:44.220] [INFO] System is running in Active mode
[2025-12-14 01:45:45.908] [INFO] System is running in Active mode
[2025-12-14 01:46:44.230] [INFO] System is running in Active mode
[2025-12-14 01:46:45.929] [INFO] System is running in Active mode
[2025-12-14 01:47:44.251] [INFO] System is running in Active mode
[2025-12-14 01:47:45.936] [INFO] System is running in Active mode
[2025-12-14 01:48:44.259] [INFO] System is running in Active mode
[2025-12-14 01:48:45.944] [INFO] System is running in Active mode
[2025-12-14 01:49:44.267] [INFO] System is running in Active mode
[2025-12-14 01:49:45.948] [INFO] System is running in Active mode
[2025-12-14 01:50:44.283] [INFO] System is running in Active mode
[2025-12-14 01:50:45.963] [INFO] System is running in Active mode
[2025-12-14 01:51:44.292] [INFO] System is running in Active mode
[2025-12-14 01:51:45.976] [INFO] System is running in Active mode
[2025-12-14 01:52:44.301] [INFO] System is running in Active mode
[2025-12-14 01:52:45.998] [INFO] System is running in Active mode
[2025-12-14 01:53:44.320] [INFO] System is running in Active mode
[2025-12-14 01:53:46.004] [INFO] System is running in Active mode
[2025-12-14 01:54:44.328] [INFO] System is running in Active mode
[2025-12-14 01:54:46.012] [INFO] System is running in Active mode
[2025-12-14 01:55:44.335] [INFO] System is running in Active mode
[2025-12-14 01:55:46.017] [INFO] System is running in Active mode
[2025-12-14 01:56:44.352] [INFO] System is running in Active mode
[2025-12-14 01:56:46.021] [INFO] System is running in Active mode
[2025-12-14 01:57:44.360] [INFO] System is running in Active mode
[2025-12-14 01:57:46.029] [INFO] System is running in Active mode
[2025-12-14 01:58:44.368] [INFO] System is running in Active mode
[2025-12-14 01:58:46.037] [INFO] System is running in Active mode
[2025-12-14 01:59:44.389] [INFO] System is running in Active mode
[2025-12-14 01:59:46.052] [INFO] System is running in Active mode
[2025-12-14 02:00:44.397] [INFO] System is running in Active mode
[2025-12-14 02:00:46.063] [INFO] System is running in Active mode
[2025-12-14 02:01:44.405] [INFO] System is running in Active mode
[2025-12-14 02:01:46.069] [INFO] System is running in Active mode
[2025-12-14 02:02:44.422] [INFO] System is running in Active mode
[2025-12-14 02:02:46.075] [INFO] System is running in Active mode
[2025-12-14 02:03:44.444] [INFO] System is running in Active mode
[2025-12-14 02:03:46.082] [INFO] System is running in Active mode
[2025-12-14 02:04:44.454] [INFO] System is running in Active mode
[2025-12-14 02:04:46.104] [INFO] System is running in Active mode
[2025-12-14 02:05:44.473] [INFO] System is running in Active mode
[2025-12-14 02:05:46.129] [INFO] System is running in Active mode
[2025-12-14 02:06:44.479] [INFO] System is running in Active mode
[2025-12-14 02:06:46.147] [INFO] System is running in Active mode
[2025-12-14 02:07:44.487] [INFO] System is running in Active mode
[2025-12-14 02:07:46.153] [INFO] System is running in Active mode
[2025-12-14 02:08:44.510] [INFO] System is running in Active mode
[2025-12-14 02:08:46.177] [INFO] System is running in Active mode
[2025-12-14 02:09:44.532] [INFO] System is running in Active mode
[2025-12-14 02:09:46.181] [INFO] System is running in Active mode
[2025-12-14 02:10:44.539] [INFO] System is running in Active mode
[2025-12-14 02:10:46.186] [INFO] System is running in Active mode
[2025-12-14 02:11:44.546] [INFO] System is running in Active mode
[2025-12-14 02:11:46.191] [INFO] System is running in Active mode
[2025-12-14 02:12:44.552] [INFO] System is running in Active mode
[2025-12-14 02:12:46.198] [INFO] System is running in Active mode
[2025-12-14 02:13:44.557] [INFO] System is running in Active mode
[2025-12-14 02:13:46.207] [INFO] System is running in Active mode
[2025-12-14 02:14:44.579] [INFO] System is running in Active mode
[2025-12-14 02:14:46.227] [INFO] System is running in Active mode
[2025-12-14 02:15:44.599] [INFO] System is running in Active mode
[2025-12-14 02:15:46.254] [INFO] System is running in Active mode
[2025-12-14 02:16:44.620] [INFO] System is running in Active mode
[2025-12-14 02:16:46.273] [INFO] System is running in Active mode
[2025-12-14 02:17:44.630] [INFO] System is running in Active mode
[2025-12-14 02:17:46.281] [INFO] System is running in Active mode
[2025-12-14 02:18:44.654] [INFO] System is running in Active mode
[2025-12-14 02:18:46.301] [INFO] System is running in Active mode
[2025-12-14 02:19:44.678] [INFO] System is running in Active mode
[2025-12-14 02:19:46.307] [INFO] System is running in Active mode
[2025-12-14 02:20:44.709] [INFO] System is running in Active mode
[2025-12-14 02:20:46.317] [INFO] System is running in Active mode
[2025-12-14 02:21:44.716] [INFO] System is running in Active mode
[2025-12-14 02:21:46.337] [INFO] System is running in Active mode
[2025-12-14 02:22:44.723] [INFO] System is running in Active mode
[2025-12-14 02:22:46.354] [INFO] System is running in Active mode
[2025-12-14 02:23:44.731] [INFO] System is running in Active mode
[2025-12-14 02:23:46.374] [INFO] System is running in Active mode
[2025-12-14 02:24:44.755] [INFO] System is running in Active mode
[2025-12-14 02:24:46.386] [INFO] System is running in Active mode
[2025-12-14 02:25:44.776] [INFO] System is running in Active mode
[2025-12-14 02:25:46.393] [INFO] System is running in Active mode
[2025-12-14 02:26:44.785] [INFO] System is running in Active mode
[2025-12-14 02:26:46.401] [INFO] System is running in Active mode
[2025-12-14 02:27:44.805] [INFO] System is running in Active mode
[2025-12-14 02:27:46.418] [INFO] System is running in Active mode
[2025-12-14 02:28:44.813] [INFO] System is running in Active mode
[2025-12-14 02:28:46.427] [INFO] System is running in Active mode
[2025-12-14 02:29:44.820] [INFO] System is running in Active mode
[2025-12-14 02:29:46.448] [INFO] System is running in Active mode
[2025-12-14 02:30:44.826] [INFO] System is running in Active mode
[2025-12-14 02:30:46.457] [INFO] System is running in Active mode
[2025-12-14 02:31:44.847] [INFO] System is running in Active mode
[2025-12-14 02:31:46.463] [INFO] System is running in Active mode
[2025-12-14 02:32:44.854] [INFO] System is running in Active mode
[2025-12-14 02:32:46.469] [INFO] System is running in Active mode
[2025-12-14 02:33:44.859] [INFO] System is running in Active mode
[2025-12-14 02:33:46.477] [INFO] System is running in Active mode
[2025-12-14 02:34:44.865] [INFO] System is running in Active mode
[2025-12-14 02:34:46.498] [INFO] System is running in Active mode
[2025-12-14 02:35:44.885] [INFO] System is running in Active mode
[2025-12-14 02:35:46.501] [INFO] System is running in Active mode
[2025-12-14 02:36:44.894] [INFO] System is running in Active mode
[2025-12-14 02:36:46.509] [INFO] System is running in Active mode
[2025-12-14 02:37:44.913] [INFO] System is running in Active mode
[2025-12-14 02:37:46.515] [INFO] System is running in Active mode
[2025-12-14 02:38:44.921] [INFO] System is running in Active mode
[2025-12-14 02:38:46.536] [INFO] System is running in Active mode
[2025-12-14 02:39:44.941] [INFO] System is running in Active mode
[2025-12-14 02:39:46.544] [INFO] System is running in Active mode
[2025-12-14 02:40:44.947] [INFO] System is running in Active mode
[2025-12-14 02:40:46.562] [INFO] System is running in Active mode
[2025-12-14 02:41:44.964] [INFO] System is running in Active mode
[2025-12-14 02:41:46.570] [INFO] System is running in Active mode
[2025-12-14 02:42:44.977] [INFO] System is running in Active mode
[2025-12-14 02:42:46.577] [INFO] System is running in Active mode
[2025-12-14 02:43:44.985] [INFO] System is running in Active mode
[2025-12-14 02:43:46.584] [INFO] System is running in Active mode
[2025-12-14 02:44:44.990] [INFO] System is running in Active mode
[2025-12-14 02:44:46.589] [INFO] System is running in Active mode
[2025-12-14 02:45:45.012] [INFO] System is running in Active mode
[2025-12-14 02:45:46.594] [INFO] System is running in Active mode
[2025-12-14 02:46:45.031] [INFO] System is running in Active mode
[2025-12-14 02:46:46.602] [INFO] System is running in Active mode
[2025-12-14 02:47:45.040] [INFO] System is running in Active mode
[2025-12-14 02:47:46.622] [INFO] System is running in Active mode
[2025-12-14 02:48:45.060] [INFO] System is running in Active mode
[2025-12-14 02:48:46.630] [INFO] System is running in Active mode
[2025-12-14 02:49:45.073] [INFO] System is running in Active mode
[2025-12-14 02:49:46.650] [INFO] System is running in Active mode
[2025-12-14 02:50:45.091] [INFO] System is running in Active mode
[2025-12-14 02:50:46.657] [INFO] System is running in Active mode
[2025-12-14 02:51:45.113] [INFO] System is running in Active mode
[2025-12-14 02:51:46.665] [INFO] System is running in Active mode
[2025-12-14 02:52:45.134] [INFO] System is running in Active mode
[2025-12-14 02:52:46.682] [INFO] System is running in Active mode
[2025-12-14 02:53:45.158] [INFO] System is running in Active mode
[2025-12-14 02:53:46.704] [INFO] System is running in Active mode
[2025-12-14 02:54:45.179] [INFO] System is running in Active mode
[2025-12-14 02:54:46.708] [INFO] System is running in Active mode
[2025-12-14 02:55:45.204] [INFO] System is running in Active mode
[2025-12-14 02:55:46.720] [INFO] System is running in Active mode
[2025-12-14 02:56:45.212] [INFO] System is running in Active mode
[2025-12-14 02:56:46.727] [INFO] System is running in Active mode
[2025-12-14 02:57:45.234] [INFO] System is running in Active mode
[2025-12-14 02:57:46.748] [INFO] System is running in Active mode
[2025-12-14 02:58:45.241] [INFO] System is running in Active mode
[2025-12-14 02:58:46.768] [INFO] System is running in Active mode
[2025-12-14 02:59:45.245] [INFO] System is running in Active mode
[2025-12-14 02:59:46.778] [INFO] System is running in Active mode
[2025-12-14 03:00:45.251] [INFO] System is running in Active mode
[2025-12-14 03:00:46.784] [INFO] System is running in Active mode
[2025-12-14 03:01:45.259] [INFO] System is running in Active mode
[2025-12-14 03:01:46.790] [INFO] System is running in Active mode
[2025-12-14 03:02:45.278] [INFO] System is running in Active mode
[2025-12-14 03:02:46.795] [INFO] System is running in Active mode
[2025-12-14 03:03:45.285] [INFO] System is running in Active mode
[2025-12-14 03:03:46.801] [INFO] System is running in Active mode
[2025-12-14 03:04:45.292] [INFO] System is running in Active mode
[2025-12-14 03:04:46.826] [INFO] System is running in Active mode
[2025-12-14 03:05:45.314] [INFO] System is running in Active mode
[2025-12-14 03:05:46.831] [INFO] System is running in Active mode
[2025-12-14 03:06:45.336] [INFO] System is running in Active mode
[2025-12-14 03:06:46.836] [INFO] System is running in Active mode
[2025-12-14 03:07:45.355] [INFO] System is running in Active mode
[2025-12-14 03:07:46.844] [INFO] System is running in Active mode
[2025-12-14 03:08:45.376] [INFO] System is running in Active mode
[2025-12-14 03:08:46.850] [INFO] System is running in Active mode
[2025-12-14 03:09:45.386] [INFO] System is running in Active mode
[2025-12-14 03:09:46.867] [INFO] System is running in Active mode
[2025-12-14 03:10:45.409] [INFO] System is running in Active mode
[2025-12-14 03:10:46.874] [INFO] System is running in Active mode
[2025-12-14 03:11:45.416] [INFO] System is running in Active mode
[2025-12-14 03:11:46.892] [INFO] System is running in Active mode
[2025-12-14 03:12:45.436] [INFO] System is running in Active mode
[2025-12-14 03:12:46.904] [INFO] System is running in Active mode
[2025-12-14 03:13:45.442] [INFO] System is running in Active mode
[2025-12-14 03:13:46.910] [INFO] System is running in Active mode
[2025-12-14 03:14:45.450] [INFO] System is running in Active mode
[2025-12-14 03:14:46.914] [INFO] System is running in Active mode
[2025-12-14 03:15:45.470] [INFO] System is running in Active mode
[2025-12-14 03:15:46.921] [INFO] System is running in Active mode
[2025-12-14 03:16:45.492] [INFO] System is running in Active mode
[2025-12-14 03:16:46.927] [INFO] System is running in Active mode
[2025-12-14 03:17:45.518] [INFO] System is running in Active mode
[2025-12-14 03:17:46.948] [INFO] System is running in Active mode
[2025-12-14 03:18:45.538] [INFO] System is running in Active mode
[2025-12-14 03:18:46.957] [INFO] System is running in Active mode
[2025-12-14 03:19:45.545] [INFO] System is running in Active mode
[2025-12-14 03:19:46.977] [INFO] System is running in Active mode
[2025-12-14 03:20:45.552] [INFO] System is running in Active mode
[2025-12-14 03:20:46.984] [INFO] System is running in Active mode
[2025-12-14 03:21:45.571] [INFO] System is running in Active mode
[2025-12-14 03:21:46.991] [INFO] System is running in Active mode
[2025-12-14 03:22:45.586] [INFO] System is running in Active mode
[2025-12-14 03:22:46.998] [INFO] System is running in Active mode
[2025-12-14 03:23:45.596] [INFO] System is running in Active mode
[2025-12-14 03:23:47.020] [INFO] System is running in Active mode
[2025-12-14 03:24:45.607] [INFO] System is running in Active mode
[2025-12-14 03:24:47.037] [INFO] System is running in Active mode
[2025-12-14 03:25:45.615] [INFO] System is running in Active mode
[2025-12-14 03:25:47.046] [INFO] System is running in Active mode
[2025-12-14 03:26:45.637] [INFO] System is running in Active mode
[2025-12-14 03:26:47.052] [INFO] System is running in Active mode
[2025-12-14 03:27:45.644] [INFO] System is running in Active mode
[2025-12-14 03:27:47.061] [INFO] System is running in Active mode
[2025-12-14 03:28:45.651] [INFO] System is running in Active mode
[2025-12-14 03:28:47.080] [INFO] System is running in Active mode
[2025-12-14 03:29:45.671] [INFO] System is running in Active mode
[2025-12-14 03:29:47.089] [INFO] System is running in Active mode
[2025-12-14 03:30:45.692] [INFO] System is running in Active mode
[2025-12-14 03:30:47.096] [INFO] System is running in Active mode
[2025-12-14 03:31:45.699] [INFO] System is running in Active mode
[2025-12-14 03:31:47.121] [INFO] System is running in Active mode
[2025-12-14 03:32:45.709] [INFO] System is running in Active mode
[2025-12-14 03:32:47.138] [INFO] System is running in Active mode
[2025-12-14 03:33:45.729] [INFO] System is running in Active mode
[2025-12-14 03:33:47.143] [INFO] System is running in Active mode
[2025-12-14 03:34:45.750] [INFO] System is running in Active mode
[2025-12-14 03:34:47.149] [INFO] System is running in Active mode
[2025-12-14 03:35:45.773] [INFO] System is running in Active mode
[2025-12-14 03:35:47.161] [INFO] System is running in Active mode
[2025-12-14 03:36:45.780] [INFO] System is running in Active mode
[2025-12-14 03:36:47.180] [INFO] System is running in Active mode
[2025-12-14 03:37:45.799] [INFO] System is running in Active mode
[2025-12-14 03:37:47.200] [INFO] System is running in Active mode
[2025-12-14 03:38:45.807] [INFO] System is running in Active mode
[2025-12-14 03:38:47.209] [INFO] System is running in Active mode
[2025-12-14 03:39:45.816] [INFO] System is running in Active mode
[2025-12-14 03:39:47.232] [INFO] System is running in Active mode
[2025-12-14 03:40:45.822] [INFO] System is running in Active mode
[2025-12-14 03:40:47.253] [INFO] System is running in Active mode
[2025-12-14 03:41:45.842] [INFO] System is running in Active mode
[2025-12-14 03:41:47.259] [INFO] System is running in Active mode
[2025-12-14 03:42:45.863] [INFO] System is running in Active mode
[2025-12-14 03:42:47.264] [INFO] System is running in Active mode
[2025-12-14 03:43:45.870] [INFO] System is running in Active mode
[2025-12-14 03:43:47.286] [INFO] System is running in Active mode
[2025-12-14 03:44:45.877] [INFO] System is running in Active mode
[2025-12-14 03:44:47.292] [INFO] System is running in Active mode
[2025-12-14 03:45:45.884] [INFO] System is running in Active mode
[2025-12-14 03:45:47.298] [INFO] System is running in Active mode
[2025-12-14 03:46:45.905] [INFO] System is running in Active mode
[2025-12-14 03:46:47.305] [INFO] System is running in Active mode
[2025-12-14 03:47:45.912] [INFO] System is running in Active mode
[2025-12-14 03:47:47.312] [INFO] System is running in Active mode
[2025-12-14 03:48:45.918] [INFO] System is running in Active mode
[2025-12-14 03:48:47.334] [INFO] System is running in Active mode
[2025-12-14 03:49:45.938] [INFO] System is running in Active mode
[2025-12-14 03:49:47.342] [INFO] System is running in Active mode
[2025-12-14 03:50:45.948] [INFO] System is running in Active mode
[2025-12-14 03:50:47.358] [INFO] System is running in Active mode
[2025-12-14 03:51:45.953] [INFO] System is running in Active mode
[2025-12-14 03:51:47.370] [INFO] System is running in Active mode
[2025-12-14 03:52:45.976] [INFO] System is running in Active mode
[2025-12-14 03:52:47.390] [INFO] System is running in Active mode
[2025-12-14 03:53:46.013] [INFO] System is running in Active mode
[2025-12-14 03:53:47.399] [INFO] System is running in Active mode
[2025-12-14 03:54:46.021] [INFO] System is running in Active mode
[2025-12-14 03:54:47.420] [INFO] System is running in Active mode
[2025-12-14 03:55:46.039] [INFO] System is running in Active mode
[2025-12-14 03:55:47.438] [INFO] System is running in Active mode
[2025-12-14 03:56:46.066] [INFO] System is running in Active mode
[2025-12-14 03:56:47.447] [INFO] System is running in Active mode
[2025-12-14 03:57:46.072] [INFO] System is running in Active mode
[2025-12-14 03:57:47.478] [INFO] System is running in Active mode
[2025-12-14 03:58:46.090] [INFO] System is running in Active mode
[2025-12-14 03:58:47.525] [INFO] System is running in Active mode
[2025-12-14 03:59:46.099] [INFO] System is running in Active mode
[2025-12-14 03:59:47.548] [INFO] System is running in Active mode
[2025-12-14 04:00:46.101] [INFO] System is running in Active mode
[2025-12-14 04:00:47.555] [INFO] System is running in Active mode
[2025-12-14 04:01:46.129] [INFO] System is running in Active mode
[2025-12-14 04:01:47.562] [INFO] System is running in Active mode
[2025-12-14 04:02:46.151] [INFO] System is running in Active mode
[2025-12-14 04:02:47.583] [INFO] System is running in Active mode
[2025-12-14 04:03:46.171] [INFO] System is running in Active mode
[2025-12-14 04:03:47.590] [INFO] System is running in Active mode
[2025-12-14 04:04:46.176] [INFO] System is running in Active mode
[2025-12-14 04:04:47.610] [INFO] System is running in Active mode
[2025-12-14 04:05:46.184] [INFO] System is running in Active mode
[2025-12-14 04:05:47.619] [INFO] System is running in Active mode
[2025-12-14 04:06:46.192] [INFO] System is running in Active mode
[2025-12-14 04:06:47.634] [INFO] System is running in Active mode
[2025-12-14 04:07:46.211] [INFO] System is running in Active mode
[2025-12-14 04:07:47.642] [INFO] System is running in Active mode
[2025-12-14 04:08:46.220] [INFO] System is running in Active mode
[2025-12-14 04:08:47.649] [INFO] System is running in Active mode
[2025-12-14 04:09:46.228] [INFO] System is running in Active mode
[2025-12-14 04:09:47.674] [INFO] System is running in Active mode
[2025-12-14 04:10:46.232] [INFO] System is running in Active mode
[2025-12-14 04:10:47.681] [INFO] System is running in Active mode
[2025-12-14 04:11:46.237] [INFO] System is running in Active mode
[2025-12-14 04:11:47.699] [INFO] System is running in Active mode
[2025-12-14 04:12:46.260] [INFO] System is running in Active mode
[2025-12-14 04:12:47.710] [INFO] System is running in Active mode
[2025-12-14 04:13:46.267] [INFO] System is running in Active mode
[2025-12-14 04:13:47.717] [INFO] System is running in Active mode
[2025-12-14 04:14:46.287] [INFO] System is running in Active mode
[2025-12-14 04:14:47.735] [INFO] System is running in Active mode
[2025-12-14 04:15:46.295] [INFO] System is running in Active mode
[2025-12-14 04:15:47.742] [INFO] System is running in Active mode
[2025-12-14 04:16:46.317] [INFO] System is running in Active mode
[2025-12-14 04:16:47.748] [INFO] System is running in Active mode
[2025-12-14 04:17:46.337] [INFO] System is running in Active mode
[2025-12-14 04:17:47.754] [INFO] System is running in Active mode
[2025-12-14 04:18:46.359] [INFO] System is running in Active mode
[2025-12-14 04:18:47.761] [INFO] System is running in Active mode
[2025-12-14 04:19:46.382] [INFO] System is running in Active mode
[2025-12-14 04:19:47.768] [INFO] System is running in Active mode
[2025-12-14 04:20:46.407] [INFO] System is running in Active mode
[2025-12-14 04:20:47.775] [INFO] System is running in Active mode
[2025-12-14 04:21:46.414] [INFO] System is running in Active mode
[2025-12-14 04:21:47.794] [INFO] System is running in Active mode
[2025-12-14 04:22:46.434] [INFO] System is running in Active mode
[2025-12-14 04:22:47.803] [INFO] System is running in Active mode
[2025-12-14 04:23:46.460] [INFO] System is running in Active mode
[2025-12-14 04:23:47.820] [INFO] System is running in Active mode
[2025-12-14 04:24:46.546] [INFO] System is running in Active mode
[2025-12-14 04:24:47.828] [INFO] System is running in Active mode
[2025-12-14 04:25:46.572] [INFO] System is running in Active mode
[2025-12-14 04:25:47.838] [INFO] System is running in Active mode
[2025-12-14 04:26:46.590] [INFO] System is running in Active mode
[2025-12-14 04:26:47.851] [INFO] System is running in Active mode
[2025-12-14 04:27:46.598] [INFO] System is running in Active mode
[2025-12-14 04:27:47.866] [INFO] System is running in Active mode
[2025-12-14 04:28:46.604] [INFO] System is running in Active mode
[2025-12-14 04:28:47.886] [INFO] System is running in Active mode
[2025-12-14 04:29:46.625] [INFO] System is running in Active mode
[2025-12-14 04:29:47.891] [INFO] System is running in Active mode
[2025-12-14 04:30:46.646] [INFO] System is running in Active mode
[2025-12-14 04:30:47.896] [INFO] System is running in Active mode
[2025-12-14 04:31:46.656] [INFO] System is running in Active mode
[2025-12-14 04:31:47.906] [INFO] System is running in Active mode
[2025-12-14 04:32:46.662] [INFO] System is running in Active mode
[2025-12-14 04:32:47.909] [INFO] System is running in Active mode
[2025-12-14 04:33:46.681] [INFO] System is running in Active mode
[2025-12-14 04:33:47.918] [INFO] System is running in Active mode
[2025-12-14 04:34:46.689] [INFO] System is running in Active mode
[2025-12-14 04:34:47.937] [INFO] System is running in Active mode
[2025-12-14 04:35:46.695] [INFO] System is running in Active mode
[2025-12-14 04:35:47.944] [INFO] System is running in Active mode
[2025-12-14 04:36:46.716] [INFO] System is running in Active mode
[2025-12-14 04:36:47.952] [INFO] System is running in Active mode
[2025-12-14 04:37:46.740] [INFO] System is running in Active mode
[2025-12-14 04:37:47.971] [INFO] System is running in Active mode
[2025-12-14 04:38:46.746] [INFO] System is running in Active mode
[2025-12-14 04:38:47.983] [INFO] System is running in Active mode
[2025-12-14 04:39:46.766] [INFO] System is running in Active mode
[2025-12-14 04:39:48.002] [INFO] System is running in Active mode
[2025-12-14 04:40:46.774] [INFO] System is running in Active mode
[2025-12-14 04:40:48.007] [INFO] System is running in Active mode
[2025-12-14 04:41:46.797] [INFO] System is running in Active mode
[2025-12-14 04:41:48.015] [INFO] System is running in Active mode
[2025-12-14 04:42:46.820] [INFO] System is running in Active mode
[2025-12-14 04:42:48.036] [INFO] System is running in Active mode
[2025-12-14 04:43:46.837] [INFO] System is running in Active mode
[2025-12-14 04:43:48.054] [INFO] System is running in Active mode
[2025-12-14 04:44:46.845] [INFO] System is running in Active mode
[2025-12-14 04:44:48.063] [INFO] System is running in Active mode
[2025-12-14 04:45:46.851] [INFO] System is running in Active mode
[2025-12-14 04:45:48.073] [INFO] System is running in Active mode
[2025-12-14 04:46:46.862] [INFO] System is running in Active mode
[2025-12-14 04:46:48.078] [INFO] System is running in Active mode
[2025-12-14 04:47:46.882] [INFO] System is running in Active mode
[2025-12-14 04:47:48.081] [INFO] System is running in Active mode
[2025-12-14 04:48:46.904] [INFO] System is running in Active mode
[2025-12-14 04:48:48.089] [INFO] System is running in Active mode
[2025-12-14 04:49:46.913] [INFO] System is running in Active mode
[2025-12-14 04:49:48.098] [INFO] System is running in Active mode
[2025-12-14 04:50:46.934] [INFO] System is running in Active mode
[2025-12-14 04:50:48.113] [INFO] System is running in Active mode
[2025-12-14 04:51:46.955] [INFO] System is running in Active mode
[2025-12-14 04:51:48.122] [INFO] System is running in Active mode
[2025-12-14 04:52:46.964] [INFO] System is running in Active mode
[2025-12-14 04:52:48.140] [INFO] System is running in Active mode
[2025-12-14 04:53:46.969] [INFO] System is running in Active mode
[2025-12-14 04:53:48.149] [INFO] System is running in Active mode
[2025-12-14 04:54:46.983] [INFO] System is running in Active mode
[2025-12-14 04:54:48.159] [INFO] System is running in Active mode
[2025-12-14 04:55:46.994] [INFO] System is running in Active mode
[2025-12-14 04:55:48.176] [INFO] System is running in Active mode
[2025-12-14 04:56:47.001] [INFO] System is running in Active mode
[2025-12-14 04:56:48.185] [INFO] System is running in Active mode
[2025-12-14 04:57:47.008] [INFO] System is running in Active mode
[2025-12-14 04:57:48.190] [INFO] System is running in Active mode
[2025-12-14 04:58:47.013] [INFO] System is running in Active mode
[2025-12-14 04:58:48.197] [INFO] System is running in Active mode
[2025-12-14 04:59:47.020] [INFO] System is running in Active mode
[2025-12-14 04:59:48.213] [INFO] System is running in Active mode
[2025-12-14 05:00:47.025] [INFO] System is running in Active mode
[2025-12-14 05:00:48.225] [INFO] System is running in Active mode
[2025-12-14 05:01:47.048] [INFO] System is running in Active mode
[2025-12-14 05:01:48.248] [INFO] System is running in Active mode
[2025-12-14 05:02:47.073] [INFO] System is running in Active mode
[2025-12-14 05:02:48.255] [INFO] System is running in Active mode
[2025-12-14 05:03:47.093] [INFO] System is running in Active mode
[2025-12-14 05:03:48.261] [INFO] System is running in Active mode
[2025-12-14 05:04:47.117] [INFO] System is running in Active mode
[2025-12-14 05:04:48.268] [INFO] System is running in Active mode
[2025-12-14 05:05:47.136] [INFO] System is running in Active mode
[2025-12-14 05:05:48.289] [INFO] System is running in Active mode
[2025-12-14 05:06:47.163] [INFO] System is running in Active mode
[2025-12-14 05:06:48.304] [INFO] System is running in Active mode
[2025-12-14 05:07:47.181] [INFO] System is running in Active mode
[2025-12-14 05:07:48.334] [INFO] System is running in Active mode
[2025-12-14 05:08:47.200] [INFO] System is running in Active mode
[2025-12-14 05:08:48.341] [INFO] System is running in Active mode
[2025-12-14 05:09:47.207] [INFO] System is running in Active mode
[2025-12-14 05:09:48.361] [INFO] System is running in Active mode
[2025-12-14 05:10:47.216] [INFO] System is running in Active mode
[2025-12-14 05:10:48.382] [INFO] System is running in Active mode
[2025-12-14 05:11:47.238] [INFO] System is running in Active mode
[2025-12-14 05:11:48.389] [INFO] System is running in Active mode
[2025-12-14 05:12:47.246] [INFO] System is running in Active mode
[2025-12-14 05:12:48.397] [INFO] System is running in Active mode
[2025-12-14 05:13:47.271] [INFO] System is running in Active mode
[2025-12-14 05:13:48.404] [INFO] System is running in Active mode
[2025-12-14 05:14:47.286] [INFO] System is running in Active mode
[2025-12-14 05:14:48.423] [INFO] System is running in Active mode
[2025-12-14 05:15:47.299] [INFO] System is running in Active mode
[2025-12-14 05:15:48.433] [INFO] System is running in Active mode
[2025-12-14 05:16:47.320] [INFO] System is running in Active mode
[2025-12-14 05:16:48.437] [INFO] System is running in Active mode
[2025-12-14 05:17:47.326] [INFO] System is running in Active mode
[2025-12-14 05:17:48.444] [INFO] System is running in Active mode
[2025-12-14 05:18:47.345] [INFO] System is running in Active mode
[2025-12-14 05:18:48.448] [INFO] System is running in Active mode
[2025-12-14 05:19:47.351] [INFO] System is running in Active mode
[2025-12-14 05:19:48.455] [INFO] System is running in Active mode
[2025-12-14 05:20:47.362] [INFO] System is running in Active mode
[2025-12-14 05:20:48.462] [INFO] System is running in Active mode
[2025-12-14 05:21:47.384] [INFO] System is running in Active mode
[2025-12-14 05:21:48.466] [INFO] System is running in Active mode
[2025-12-14 05:22:47.388] [INFO] System is running in Active mode
[2025-12-14 05:22:48.489] [INFO] System is running in Active mode
[2025-12-14 05:23:47.396] [INFO] System is running in Active mode
[2025-12-14 05:23:48.509] [INFO] System is running in Active mode
[2025-12-14 05:24:47.402] [INFO] System is running in Active mode
[2025-12-14 05:24:48.515] [INFO] System is running in Active mode
[2025-12-14 05:25:47.424] [INFO] System is running in Active mode
[2025-12-14 05:25:48.524] [INFO] System is running in Active mode
[2025-12-14 05:26:47.448] [INFO] System is running in Active mode
[2025-12-14 05:26:48.543] [INFO] System is running in Active mode
[2025-12-14 05:27:47.454] [INFO] System is running in Active mode
[2025-12-14 05:27:48.549] [INFO] System is running in Active mode
[2025-12-14 05:28:47.473] [INFO] System is running in Active mode
[2025-12-14 05:28:48.559] [INFO] System is running in Active mode
[2025-12-14 05:29:47.494] [INFO] System is running in Active mode
[2025-12-14 05:29:48.575] [INFO] System is running in Active mode
[2025-12-14 05:30:47.505] [INFO] System is running in Active mode
[2025-12-14 05:30:48.588] [INFO] System is running in Active mode
[2025-12-14 05:31:47.525] [INFO] System is running in Active mode
[2025-12-14 05:31:48.593] [INFO] System is running in Active mode
[2025-12-14 05:32:47.547] [INFO] System is running in Active mode
[2025-12-14 05:32:48.599] [INFO] System is running in Active mode
[2025-12-14 05:33:47.565] [INFO] System is running in Active mode
[2025-12-14 05:33:48.604] [INFO] System is running in Active mode
[2025-12-14 05:34:47.575] [INFO] System is running in Active mode
[2025-12-14 05:34:48.623] [INFO] System is running in Active mode
[2025-12-14 05:35:47.584] [INFO] System is running in Active mode
[2025-12-14 05:35:48.630] [INFO] System is running in Active mode
[2025-12-14 05:36:47.590] [INFO] System is running in Active mode
[2025-12-14 05:36:48.652] [INFO] System is running in Active mode
[2025-12-14 05:37:47.609] [INFO] System is running in Active mode
[2025-12-14 05:37:48.676] [INFO] System is running in Active mode
[2025-12-14 05:38:47.618] [INFO] System is running in Active mode
[2025-12-14 05:38:48.684] [INFO] System is running in Active mode
[2025-12-14 05:39:47.637] [INFO] System is running in Active mode
[2025-12-14 05:39:48.690] [INFO] System is running in Active mode
[2025-12-14 05:40:47.644] [INFO] System is running in Active mode
[2025-12-14 05:40:48.709] [INFO] System is running in Active mode
[2025-12-14 05:41:47.653] [INFO] System is running in Active mode
[2025-12-14 05:41:48.717] [INFO] System is running in Active mode
[2025-12-14 05:42:47.674] [INFO] System is running in Active mode
[2025-12-14 05:42:48.721] [INFO] System is running in Active mode
[2025-12-14 05:43:47.695] [INFO] System is running in Active mode
[2025-12-14 05:43:48.731] [INFO] System is running in Active mode
[2025-12-14 05:44:47.716] [INFO] System is running in Active mode
[2025-12-14 05:44:48.752] [INFO] System is running in Active mode
[2025-12-14 05:45:47.727] [INFO] System is running in Active mode
[2025-12-14 05:45:48.757] [INFO] System is running in Active mode
[2025-12-14 05:46:47.747] [INFO] System is running in Active mode
[2025-12-14 05:46:48.766] [INFO] System is running in Active mode
[2025-12-14 05:47:47.768] [INFO] System is running in Active mode
[2025-12-14 05:47:48.789] [INFO] System is running in Active mode
[2025-12-14 05:48:47.776] [INFO] System is running in Active mode
[2025-12-14 05:48:48.807] [INFO] System is running in Active mode
[2025-12-14 05:49:47.797] [INFO] System is running in Active mode
[2025-12-14 05:49:48.812] [INFO] System is running in Active mode
[2025-12-14 05:50:47.805] [INFO] System is running in Active mode
[2025-12-14 05:50:48.821] [INFO] System is running in Active mode
[2025-12-14 05:51:47.825] [INFO] System is running in Active mode
[2025-12-14 05:51:48.828] [INFO] System is running in Active mode
[2025-12-14 05:52:47.848] [INFO] System is running in Active mode
[2025-12-14 05:52:48.833] [INFO] System is running in Active mode
[2025-12-14 05:53:47.855] [INFO] System is running in Active mode
[2025-12-14 05:53:48.840] [INFO] System is running in Active mode
[2025-12-14 05:54:47.880] [INFO] System is running in Active mode
[2025-12-14 05:54:48.846] [INFO] System is running in Active mode
[2025-12-14 05:55:47.901] [INFO] System is running in Active mode
[2025-12-14 05:55:48.852] [INFO] System is running in Active mode
[2025-12-14 05:56:47.909] [INFO] System is running in Active mode
[2025-12-14 05:56:48.870] [INFO] System is running in Active mode
[2025-12-14 05:57:47.930] [INFO] System is running in Active mode
[2025-12-14 05:57:48.880] [INFO] System is running in Active mode
[2025-12-14 05:58:47.949] [INFO] System is running in Active mode
[2025-12-14 05:58:48.886] [INFO] System is running in Active mode
[2025-12-14 05:59:47.975] [INFO] System is running in Active mode
[2025-12-14 05:59:48.892] [INFO] System is running in Active mode
[2025-12-14 06:00:47.992] [INFO] System is running in Active mode
[2025-12-14 06:00:48.913] [INFO] System is running in Active mode
[2025-12-14 06:01:47.999] [INFO] System is running in Active mode
[2025-12-14 06:01:48.936] [INFO] System is running in Active mode
[2025-12-14 06:02:48.010] [INFO] System is running in Active mode
[2025-12-14 06:02:48.944] [INFO] System is running in Active mode
[2025-12-14 06:03:48.031] [INFO] System is running in Active mode
[2025-12-14 06:03:48.950] [INFO] System is running in Active mode
[2025-12-14 06:04:48.051] [INFO] System is running in Active mode
[2025-12-14 06:04:48.967] [INFO] System is running in Active mode
[2025-12-14 06:05:48.063] [INFO] System is running in Active mode
[2025-12-14 06:05:48.977] [INFO] System is running in Active mode
[2025-12-14 06:06:48.080] [INFO] System is running in Active mode
[2025-12-14 06:06:48.983] [INFO] System is running in Active mode
[2025-12-14 06:07:48.088] [INFO] System is running in Active mode
[2025-12-14 06:07:48.989] [INFO] System is running in Active mode
[2025-12-14 06:08:48.095] [INFO] System is running in Active mode
[2025-12-14 06:08:48.996] [INFO] System is running in Active mode
[2025-12-14 06:09:48.113] [INFO] System is running in Active mode
[2025-12-14 06:09:49.003] [INFO] System is running in Active mode
[2025-12-14 06:10:48.121] [INFO] System is running in Active mode
[2025-12-14 06:10:49.020] [INFO] System is running in Active mode
[2025-12-14 06:11:48.141] [INFO] System is running in Active mode
[2025-12-14 06:11:49.030] [INFO] System is running in Active mode
[2025-12-14 06:12:48.185] [INFO] System is running in Active mode
[2025-12-14 06:12:49.048] [INFO] System is running in Active mode
[2025-12-14 06:13:48.200] [INFO] System is running in Active mode
[2025-12-14 06:13:49.052] [INFO] System is running in Active mode
[2025-12-14 06:14:48.212] [INFO] System is running in Active mode
[2025-12-14 06:14:49.065] [INFO] System is running in Active mode
[2025-12-14 06:15:48.220] [INFO] System is running in Active mode
[2025-12-14 06:15:49.069] [INFO] System is running in Active mode
[2025-12-14 06:16:48.228] [INFO] System is running in Active mode
[2025-12-14 06:16:49.075] [INFO] System is running in Active mode
[2025-12-14 06:17:48.246] [INFO] System is running in Active mode
[2025-12-14 06:17:49.083] [INFO] System is running in Active mode
[2025-12-14 06:18:48.253] [INFO] System is running in Active mode
[2025-12-14 06:18:49.102] [INFO] System is running in Active mode
[2025-12-14 06:19:48.260] [INFO] System is running in Active mode
[2025-12-14 06:19:49.125] [INFO] System is running in Active mode
[2025-12-14 06:20:48.279] [INFO] System is running in Active mode
[2025-12-14 06:20:49.145] [INFO] System is running in Active mode
[2025-12-14 06:21:48.285] [INFO] System is running in Active mode
[2025-12-14 06:21:49.151] [INFO] System is running in Active mode
[2025-12-14 06:22:48.296] [INFO] System is running in Active mode
[2025-12-14 06:22:49.160] [INFO] System is running in Active mode
[2025-12-14 06:23:48.313] [INFO] System is running in Active mode
[2025-12-14 06:23:49.165] [INFO] System is running in Active mode
[2025-12-14 06:24:48.323] [INFO] System is running in Active mode
[2025-12-14 06:24:49.185] [INFO] System is running in Active mode
[2025-12-14 06:25:48.330] [INFO] System is running in Active mode
[2025-12-14 06:25:49.195] [INFO] System is running in Active mode
[2025-12-14 06:26:48.349] [INFO] System is running in Active mode
[2025-12-14 06:26:49.215] [INFO] System is running in Active mode
[2025-12-14 06:27:48.359] [INFO] System is running in Active mode
[2025-12-14 06:27:49.238] [INFO] System is running in Active mode
[2025-12-14 06:28:48.374] [INFO] System is running in Active mode
[2025-12-14 06:28:49.247] [INFO] System is running in Active mode
[2025-12-14 06:29:48.384] [INFO] System is running in Active mode
[2025-12-14 06:29:49.251] [INFO] System is running in Active mode
[2025-12-14 06:30:48.389] [INFO] System is running in Active mode
[2025-12-14 06:30:49.260] [INFO] System is running in Active mode
[2025-12-14 06:31:48.414] [INFO] System is running in Active mode
[2025-12-14 06:31:49.266] [INFO] System is running in Active mode
[2025-12-14 06:32:48.436] [INFO] System is running in Active mode
[2025-12-14 06:32:49.285] [INFO] System is running in Active mode
[2025-12-14 06:33:48.455] [INFO] System is running in Active mode
[2025-12-14 06:33:49.291] [INFO] System is running in Active mode
[2025-12-14 06:34:48.463] [INFO] System is running in Active mode
[2025-12-14 06:34:49.300] [INFO] System is running in Active mode
[2025-12-14 06:35:48.483] [INFO] System is running in Active mode
[2025-12-14 06:35:49.305] [INFO] System is running in Active mode
[2025-12-14 06:36:48.493] [INFO] System is running in Active mode
[2025-12-14 06:36:49.311] [INFO] System is running in Active mode
[2025-12-14 06:37:48.501] [INFO] System is running in Active mode
[2025-12-14 06:37:49.333] [INFO] System is running in Active mode
[2025-12-14 06:38:48.522] [INFO] System is running in Active mode
[2025-12-14 06:38:49.340] [INFO] System is running in Active mode
[2025-12-14 06:39:48.528] [INFO] System is running in Active mode
[2025-12-14 06:39:49.360] [INFO] System is running in Active mode
[2025-12-14 06:40:48.549] [INFO] System is running in Active mode
[2025-12-14 06:40:49.379] [INFO] System is running in Active mode
[2025-12-14 06:41:48.558] [INFO] System is running in Active mode
[2025-12-14 06:41:49.391] [INFO] System is running in Active mode
[2025-12-14 06:42:48.575] [INFO] System is running in Active mode
[2025-12-14 06:42:49.395] [INFO] System is running in Active mode
[2025-12-14 06:43:48.585] [INFO] System is running in Active mode
[2025-12-14 06:43:49.416] [INFO] System is running in Active mode
[2025-12-14 06:44:48.591] [INFO] System is running in Active mode
[2025-12-14 06:44:49.421] [INFO] System is running in Active mode
[2025-12-14 06:45:48.612] [INFO] System is running in Active mode
[2025-12-14 06:45:49.443] [INFO] System is running in Active mode
[2025-12-14 06:46:48.619] [INFO] System is running in Active mode
[2025-12-14 06:46:49.453] [INFO] System is running in Active mode
[2025-12-14 06:47:48.639] [INFO] System is running in Active mode
[2025-12-14 06:47:49.470] [INFO] System is running in Active mode
[2025-12-14 06:48:48.647] [INFO] System is running in Active mode
[2025-12-14 06:48:49.480] [INFO] System is running in Active mode
[2025-12-14 06:49:48.670] [INFO] System is running in Active mode
[2025-12-14 06:49:49.486] [INFO] System is running in Active mode
[2025-12-14 06:50:48.693] [INFO] System is running in Active mode
[2025-12-14 06:50:49.493] [INFO] System is running in Active mode
[2025-12-14 06:51:48.713] [INFO] System is running in Active mode
[2025-12-14 06:51:49.501] [INFO] System is running in Active mode
[2025-12-14 06:52:48.721] [INFO] System is running in Active mode
[2025-12-14 06:52:49.521] [INFO] System is running in Active mode
[2025-12-14 06:53:48.729] [INFO] System is running in Active mode
[2025-12-14 06:53:49.544] [INFO] System is running in Active mode
[2025-12-14 06:54:48.749] [INFO] System is running in Active mode
[2025-12-14 06:54:49.550] [INFO] System is running in Active mode
[2025-12-14 06:55:48.756] [INFO] System is running in Active mode
[2025-12-14 06:55:49.556] [INFO] System is running in Active mode
[2025-12-14 06:56:48.776] [INFO] System is running in Active mode
[2025-12-14 06:56:49.562] [INFO] System is running in Active mode
[2025-12-14 06:57:48.802] [INFO] System is running in Active mode
[2025-12-14 06:57:49.569] [INFO] System is running in Active mode
[2025-12-14 06:58:48.821] [INFO] System is running in Active mode
[2025-12-14 06:58:49.575] [INFO] System is running in Active mode
[2025-12-14 06:59:48.828] [INFO] System is running in Active mode
[2025-12-14 06:59:49.596] [INFO] System is running in Active mode
[2025-12-14 07:00:48.836] [INFO] System is running in Active mode
[2025-12-14 07:00:49.601] [INFO] System is running in Active mode
[2025-12-14 07:01:48.855] [INFO] System is running in Active mode
[2025-12-14 07:01:49.622] [INFO] System is running in Active mode
[2025-12-14 07:02:48.875] [INFO] System is running in Active mode
[2025-12-14 07:02:49.628] [INFO] System is running in Active mode
[2025-12-14 07:03:48.901] [INFO] System is running in Active mode
[2025-12-14 07:03:49.636] [INFO] System is running in Active mode
[2025-12-14 07:04:48.924] [INFO] System is running in Active mode
[2025-12-14 07:04:49.664] [INFO] System is running in Active mode
[2025-12-14 07:05:48.945] [INFO] System is running in Active mode
[2025-12-14 07:05:49.690] [INFO] System is running in Active mode
[2025-12-14 07:06:48.950] [INFO] System is running in Active mode
[2025-12-14 07:06:49.701] [INFO] System is running in Active mode
[2025-12-14 07:07:48.976] [INFO] System is running in Active mode
[2025-12-14 07:07:49.710] [INFO] System is running in Active mode
[2025-12-14 07:08:48.994] [INFO] System is running in Active mode
[2025-12-14 07:08:49.718] [INFO] System is running in Active mode
[2025-12-14 07:09:49.004] [INFO] System is running in Active mode
[2025-12-14 07:09:49.738] [INFO] System is running in Active mode
[2025-12-14 07:10:49.009] [INFO] System is running in Active mode
[2025-12-14 07:10:49.745] [INFO] System is running in Active mode
[2025-12-14 07:11:49.018] [INFO] System is running in Active mode
[2025-12-14 07:11:49.765] [INFO] System is running in Active mode
[2025-12-14 07:12:49.041] [INFO] System is running in Active mode
[2025-12-14 07:12:49.773] [INFO] System is running in Active mode
[2025-12-14 07:13:49.047] [INFO] System is running in Active mode
[2025-12-14 07:13:49.791] [INFO] System is running in Active mode
[2025-12-14 07:14:49.068] [INFO] System is running in Active mode
[2025-12-14 07:14:49.797] [INFO] System is running in Active mode
[2025-12-14 07:15:49.089] [INFO] System is running in Active mode
[2025-12-14 07:15:49.807] [INFO] System is running in Active mode
[2025-12-14 07:16:49.095] [INFO] System is running in Active mode
[2025-12-14 07:16:49.812] [INFO] System is running in Active mode
[2025-12-14 07:17:49.104] [INFO] System is running in Active mode
[2025-12-14 07:17:49.818] [INFO] System is running in Active mode
[2025-12-14 07:18:49.122] [INFO] System is running in Active mode
[2025-12-14 07:18:49.838] [INFO] System is running in Active mode
[2025-12-14 07:19:49.130] [INFO] System is running in Active mode
[2025-12-14 07:19:49.848] [INFO] System is running in Active mode
[2025-12-14 07:20:49.137] [INFO] System is running in Active mode
[2025-12-14 07:20:49.855] [INFO] System is running in Active mode
[2025-12-14 07:21:49.157] [INFO] System is running in Active mode
[2025-12-14 07:21:49.875] [INFO] System is running in Active mode
[2025-12-14 07:22:49.164] [INFO] System is running in Active mode
[2025-12-14 07:22:49.890] [INFO] System is running in Active mode
[2025-12-14 07:23:49.170] [INFO] System is running in Active mode
[2025-12-14 07:23:49.901] [INFO] System is running in Active mode
[2025-12-14 07:24:49.194] [INFO] System is running in Active mode
[2025-12-14 07:24:49.910] [INFO] System is running in Active mode
[2025-12-14 07:25:49.202] [INFO] System is running in Active mode
[2025-12-14 07:25:49.959] [INFO] System is running in Active mode
[2025-12-14 07:26:49.216] [INFO] System is running in Active mode
[2025-12-14 07:26:49.985] [INFO] System is running in Active mode
[2025-12-14 07:27:49.244] [INFO] System is running in Active mode
[2025-12-14 07:27:50.016] [INFO] System is running in Active mode
[2025-12-14 07:28:49.335] [INFO] System is running in Active mode
[2025-12-14 07:28:50.174] [INFO] System is running in Active mode
[2025-12-14 07:29:49.374] [INFO] System is running in Active mode
[2025-12-14 07:29:50.186] [INFO] System is running in Active mode
[2025-12-14 07:30:49.406] [INFO] System is running in Active mode
[2025-12-14 07:30:50.214] [INFO] System is running in Active mode
[2025-12-14 07:31:49.436] [INFO] System is running in Active mode
[2025-12-14 07:31:50.236] [INFO] System is running in Active mode
[2025-12-14 07:32:49.444] [INFO] System is running in Active mode
[2025-12-14 07:32:50.259] [INFO] System is running in Active mode
[2025-12-14 07:33:49.462] [INFO] System is running in Active mode
[2025-12-14 07:33:50.330] [INFO] System is running in Active mode
[2025-12-14 07:34:49.484] [INFO] System is running in Active mode
[2025-12-14 07:34:50.335] [INFO] System is running in Active mode
[2025-12-14 07:35:49.493] [INFO] System is running in Active mode
[2025-12-14 07:35:50.341] [INFO] System is running in Active mode
[2025-12-14 07:36:49.513] [INFO] System is running in Active mode
[2025-12-14 07:36:50.348] [INFO] System is running in Active mode
[2025-12-14 07:37:49.533] [INFO] System is running in Active mode
[2025-12-14 07:37:50.363] [INFO] System is running in Active mode
[2025-12-14 07:38:49.543] [INFO] System is running in Active mode
[2025-12-14 07:38:50.374] [INFO] System is running in Active mode
[2025-12-14 07:39:49.549] [INFO] System is running in Active mode
[2025-12-14 07:39:50.393] [INFO] System is running in Active mode
[2025-12-14 07:40:49.557] [INFO] System is running in Active mode
[2025-12-14 07:40:50.405] [INFO] System is running in Active mode
[2025-12-14 07:41:49.574] [INFO] System is running in Active mode
[2025-12-14 07:41:50.425] [INFO] System is running in Active mode
[2025-12-14 07:42:49.582] [INFO] System is running in Active mode
[2025-12-14 07:42:50.437] [INFO] System is running in Active mode
[2025-12-14 07:43:49.611] [INFO] System is running in Active mode
[2025-12-14 07:43:50.450] [INFO] System is running in Active mode
[2025-12-14 07:44:49.644] [INFO] System is running in Active mode
[2025-12-14 07:44:50.462] [INFO] System is running in Active mode
[2025-12-14 07:45:49.661] [INFO] System is running in Active mode
[2025-12-14 07:45:50.472] [INFO] System is running in Active mode
[2025-12-14 07:46:49.675] [INFO] System is running in Active mode
[2025-12-14 07:46:50.513] [INFO] System is running in Active mode
[2025-12-14 07:47:49.691] [INFO] System is running in Active mode
[2025-12-14 07:47:50.577] [INFO] System is running in Active mode
[2025-12-14 07:48:49.708] [INFO] System is running in Active mode
[2025-12-14 07:48:50.584] [INFO] System is running in Active mode
[2025-12-14 07:49:49.720] [INFO] System is running in Active mode
[2025-12-14 07:49:50.592] [INFO] System is running in Active mode
[2025-12-14 07:50:49.729] [INFO] System is running in Active mode
[2025-12-14 07:50:50.596] [INFO] System is running in Active mode
[2025-12-14 07:51:49.737] [INFO] System is running in Active mode
[2025-12-14 07:51:50.604] [INFO] System is running in Active mode
[2025-12-14 07:52:49.754] [INFO] System is running in Active mode
[2025-12-14 07:52:50.625] [INFO] System is running in Active mode
[2025-12-14 07:53:49.783] [INFO] System is running in Active mode
[2025-12-14 07:53:50.633] [INFO] System is running in Active mode
[2025-12-14 07:54:49.788] [INFO] System is running in Active mode
[2025-12-14 07:54:50.637] [INFO] System is running in Active mode
[2025-12-14 07:55:49.808] [INFO] System is running in Active mode
[2025-12-14 07:55:50.644] [INFO] System is running in Active mode
[2025-12-14 07:56:49.813] [INFO] System is running in Active mode
[2025-12-14 07:56:50.650] [INFO] System is running in Active mode
[2025-12-14 07:57:49.822] [INFO] System is running in Active mode
[2025-12-14 07:57:50.653] [INFO] System is running in Active mode
[2025-12-14 07:58:49.829] [INFO] System is running in Active mode
[2025-12-14 07:58:50.658] [INFO] System is running in Active mode
[2025-12-14 07:59:49.846] [INFO] System is running in Active mode
[2025-12-14 07:59:50.665] [INFO] System is running in Active mode
[2025-12-14 08:00:49.859] [INFO] System is running in Active mode
[2025-12-14 08:00:50.671] [INFO] System is running in Active mode
[2025-12-14 08:01:49.875] [INFO] System is running in Active mode
[2025-12-14 08:01:50.676] [INFO] System is running in Active mode
[2025-12-14 08:02:49.884] [INFO] System is running in Active mode
[2025-12-14 08:02:50.685] [INFO] System is running in Active mode
[2025-12-14 08:03:49.893] [INFO] System is running in Active mode
[2025-12-14 08:03:50.703] [INFO] System is running in Active mode
[2025-12-14 08:04:49.898] [INFO] System is running in Active mode
[2025-12-14 08:04:50.709] [INFO] System is running in Active mode
[2025-12-14 08:05:49.918] [INFO] System is running in Active mode
[2025-12-14 08:05:50.719] [INFO] System is running in Active mode
[2025-12-14 08:06:49.926] [INFO] System is running in Active mode
[2025-12-14 08:06:50.738] [INFO] System is running in Active mode
[2025-12-14 08:07:49.943] [INFO] System is running in Active mode
[2025-12-14 08:07:50.748] [INFO] System is running in Active mode
[2025-12-14 08:08:49.954] [INFO] System is running in Active mode
[2025-12-14 08:08:50.755] [INFO] System is running in Active mode
[2025-12-14 08:09:49.971] [INFO] System is running in Active mode
[2025-12-14 08:09:50.760] [INFO] System is running in Active mode
[2025-12-14 08:10:49.981] [INFO] System is running in Active mode
[2025-12-14 08:10:50.778] [INFO] System is running in Active mode
[2025-12-14 08:11:50.002] [INFO] System is running in Active mode
[2025-12-14 08:11:50.787] [INFO] System is running in Active mode
[2025-12-14 08:12:50.007] [INFO] System is running in Active mode
[2025-12-14 08:12:50.792] [INFO] System is running in Active mode
[2025-12-14 08:13:50.017] [INFO] System is running in Active mode
[2025-12-14 08:13:50.801] [INFO] System is running in Active mode
[2025-12-14 08:14:50.024] [INFO] System is running in Active mode
[2025-12-14 08:14:50.806] [INFO] System is running in Active mode
[2025-12-14 08:15:50.037] [INFO] System is running in Active mode
[2025-12-14 08:15:50.811] [INFO] System is running in Active mode
[2025-12-14 08:16:50.048] [INFO] System is running in Active mode
[2025-12-14 08:16:50.818] [INFO] System is running in Active mode
[2025-12-14 08:17:50.056] [INFO] System is running in Active mode
[2025-12-14 08:17:50.837] [INFO] System is running in Active mode
[2025-12-14 08:18:50.061] [INFO] System is running in Active mode
[2025-12-14 08:18:50.844] [INFO] System is running in Active mode
[2025-12-14 08:19:50.068] [INFO] System is running in Active mode
[2025-12-14 08:19:50.853] [INFO] System is running in Active mode
[2025-12-14 08:20:50.088] [INFO] System is running in Active mode
[2025-12-14 08:20:50.871] [INFO] System is running in Active mode
[2025-12-14 08:21:50.113] [INFO] System is running in Active mode
[2025-12-14 08:21:50.879] [INFO] System is running in Active mode
[2025-12-14 08:22:50.119] [INFO] System is running in Active mode
[2025-12-14 08:22:50.888] [INFO] System is running in Active mode
[2025-12-14 08:23:50.126] [INFO] System is running in Active mode
[2025-12-14 08:23:50.908] [INFO] System is running in Active mode
[2025-12-14 08:24:50.132] [INFO] System is running in Active mode
[2025-12-14 08:24:50.914] [INFO] System is running in Active mode
[2025-12-14 08:25:50.155] [INFO] System is running in Active mode
[2025-12-14 08:25:50.921] [INFO] System is running in Active mode
[2025-12-14 08:26:50.179] [INFO] System is running in Active mode
[2025-12-14 08:26:50.925] [INFO] System is running in Active mode
[2025-12-14 08:27:50.210] [INFO] System is running in Active mode
[2025-12-14 08:27:50.931] [INFO] System is running in Active mode
[2025-12-14 08:28:50.232] [INFO] System is running in Active mode
[2025-12-14 08:28:50.953] [INFO] System is running in Active mode
[2025-12-14 08:29:50.241] [INFO] System is running in Active mode
[2025-12-14 08:29:50.961] [INFO] System is running in Active mode
[2025-12-14 08:30:50.248] [INFO] System is running in Active mode
[2025-12-14 08:30:50.967] [INFO] System is running in Active mode
[2025-12-14 08:31:50.255] [INFO] System is running in Active mode
[2025-12-14 08:31:50.974] [INFO] System is running in Active mode
[2025-12-14 08:32:50.277] [INFO] System is running in Active mode
[2025-12-14 08:32:50.991] [INFO] System is running in Active mode
[2025-12-14 08:33:50.282] [INFO] System is running in Active mode
[2025-12-14 08:33:51.000] [INFO] System is running in Active mode
[2025-12-14 08:34:50.290] [INFO] System is running in Active mode
[2025-12-14 08:34:51.006] [INFO] System is running in Active mode
[2025-12-14 08:35:50.306] [INFO] System is running in Active mode
[2025-12-14 08:35:51.016] [INFO] System is running in Active mode
[2025-12-14 08:36:50.320] [INFO] System is running in Active mode
[2025-12-14 08:36:51.032] [INFO] System is running in Active mode
[2025-12-14 08:37:50.339] [INFO] System is running in Active mode
[2025-12-14 08:37:51.038] [INFO] System is running in Active mode
[2025-12-14 08:38:50.377] [INFO] System is running in Active mode
[2025-12-14 08:38:51.046] [INFO] System is running in Active mode
[2025-12-14 08:39:50.385] [INFO] System is running in Active mode
[2025-12-14 08:39:51.053] [INFO] System is running in Active mode
[2025-12-14 08:40:50.393] [INFO] System is running in Active mode
[2025-12-14 08:40:51.058] [INFO] System is running in Active mode
[2025-12-14 08:41:50.400] [INFO] System is running in Active mode
[2025-12-14 08:41:51.065] [INFO] System is running in Active mode
[2025-12-14 08:42:50.407] [INFO] System is running in Active mode
[2025-12-14 08:42:51.086] [INFO] System is running in Active mode
[2025-12-14 08:43:50.428] [INFO] System is running in Active mode
[2025-12-14 08:43:51.093] [INFO] System is running in Active mode
[2025-12-14 08:44:50.445] [INFO] System is running in Active mode
[2025-12-14 08:44:51.098] [INFO] System is running in Active mode
[2025-12-14 08:45:50.458] [INFO] System is running in Active mode
[2025-12-14 08:45:51.106] [INFO] System is running in Active mode
[2025-12-14 08:46:50.475] [INFO] System is running in Active mode
[2025-12-14 08:46:51.111] [INFO] System is running in Active mode
[2025-12-14 08:47:50.499] [INFO] System is running in Active mode
[2025-12-14 08:47:51.117] [INFO] System is running in Active mode
[2025-12-14 08:48:50.505] [INFO] System is running in Active mode
[2025-12-14 08:48:51.122] [INFO] System is running in Active mode
[2025-12-14 08:49:50.544] [INFO] System is running in Active mode
[2025-12-14 08:49:51.131] [INFO] System is running in Active mode
[2025-12-14 08:50:50.598] [INFO] System is running in Active mode
[2025-12-14 08:50:51.152] [INFO] System is running in Active mode
[2025-12-14 08:51:50.607] [INFO] System is running in Active mode
[2025-12-14 08:51:51.172] [INFO] System is running in Active mode
[2025-12-14 08:52:50.630] [INFO] System is running in Active mode
[2025-12-14 08:52:51.190] [INFO] System is running in Active mode
[2025-12-14 08:53:50.641] [INFO] System is running in Active mode
[2025-12-14 08:53:51.196] [INFO] System is running in Active mode
[2025-12-14 08:54:50.672] [INFO] System is running in Active mode
[2025-12-14 08:54:51.209] [INFO] System is running in Active mode
[2025-12-14 08:55:50.681] [INFO] System is running in Active mode
[2025-12-14 08:55:51.216] [INFO] System is running in Active mode
[2025-12-14 08:56:50.698] [INFO] System is running in Active mode
[2025-12-14 08:56:51.222] [INFO] System is running in Active mode
[2025-12-14 08:57:50.704] [INFO] System is running in Active mode
[2025-12-14 08:57:51.237] [INFO] System is running in Active mode
[2025-12-14 08:58:50.716] [INFO] System is running in Active mode
[2025-12-14 08:58:51.248] [INFO] System is running in Active mode
[2025-12-14 08:59:50.721] [INFO] System is running in Active mode
[2025-12-14 08:59:51.254] [INFO] System is running in Active mode
[2025-12-14 09:00:50.741] [INFO] System is running in Active mode
[2025-12-14 09:00:51.259] [INFO] System is running in Active mode
[2025-12-14 09:01:50.766] [INFO] System is running in Active mode
[2025-12-14 09:01:51.266] [INFO] System is running in Active mode
[2025-12-14 09:02:50.786] [INFO] System is running in Active mode
[2025-12-14 09:02:51.274] [INFO] System is running in Active mode
[2025-12-14 09:03:50.795] [INFO] System is running in Active mode
[2025-12-14 09:03:51.292] [INFO] System is running in Active mode
[2025-12-14 09:04:50.800] [INFO] System is running in Active mode
[2025-12-14 09:04:51.301] [INFO] System is running in Active mode
[2025-12-14 09:05:50.806] [INFO] System is running in Active mode
[2025-12-14 09:05:51.306] [INFO] System is running in Active mode
[2025-12-14 09:06:50.812] [INFO] System is running in Active mode
[2025-12-14 09:06:51.313] [INFO] System is running in Active mode
[2025-12-14 09:07:50.819] [INFO] System is running in Active mode
[2025-12-14 09:07:51.319] [INFO] System is running in Active mode
[2025-12-14 09:08:50.838] [INFO] System is running in Active mode
[2025-12-14 09:08:51.384] [INFO] System is running in Active mode
[2025-12-14 09:09:50.848] [INFO] System is running in Active mode
[2025-12-14 09:09:51.413] [INFO] System is running in Active mode
[2025-12-14 09:10:50.869] [INFO] System is running in Active mode
[2025-12-14 09:10:51.419] [INFO] System is running in Active mode
[2025-12-14 09:11:50.874] [INFO] System is running in Active mode
[2025-12-14 09:11:51.426] [INFO] System is running in Active mode
[2025-12-14 09:12:50.893] [INFO] System is running in Active mode
[2025-12-14 09:12:51.445] [INFO] System is running in Active mode
[2025-12-14 09:13:50.902] [INFO] System is running in Active mode
[2025-12-14 09:13:51.454] [INFO] System is running in Active mode
[2025-12-14 09:14:50.911] [INFO] System is running in Active mode
[2025-12-14 09:14:51.464] [INFO] System is running in Active mode
[2025-12-14 09:15:50.916] [INFO] System is running in Active mode
[2025-12-14 09:15:51.480] [INFO] System is running in Active mode
[2025-12-14 09:16:50.923] [INFO] System is running in Active mode
[2025-12-14 09:16:51.488] [INFO] System is running in Active mode
[2025-12-14 09:17:50.929] [INFO] System is running in Active mode
[2025-12-14 09:17:51.494] [INFO] System is running in Active mode
[2025-12-14 09:18:50.949] [INFO] System is running in Active mode
[2025-12-14 09:18:51.501] [INFO] System is running in Active mode
[2025-12-14 09:19:50.971] [INFO] System is running in Active mode
[2025-12-14 09:19:51.507] [INFO] System is running in Active mode
[2025-12-14 09:20:50.976] [INFO] System is running in Active mode
[2025-12-14 09:20:51.513] [INFO] System is running in Active mode
[2025-12-14 09:21:50.985] [INFO] System is running in Active mode
[2025-12-14 09:21:51.519] [INFO] System is running in Active mode
[2025-12-14 09:22:51.007] [INFO] System is running in Active mode
[2025-12-14 09:22:51.523] [INFO] System is running in Active mode
[2025-12-14 09:23:51.014] [INFO] System is running in Active mode
[2025-12-14 09:23:51.530] [INFO] System is running in Active mode
[2025-12-14 09:24:51.036] [INFO] System is running in Active mode
[2025-12-14 09:24:51.537] [INFO] System is running in Active mode
[2025-12-14 09:25:51.044] [INFO] System is running in Active mode
[2025-12-14 09:25:51.554] [INFO] System is running in Active mode
[2025-12-14 09:26:51.064] [INFO] System is running in Active mode
[2025-12-14 09:26:51.562] [INFO] System is running in Active mode
[2025-12-14 09:27:51.072] [INFO] System is running in Active mode
[2025-12-14 09:27:51.569] [INFO] System is running in Active mode
[2025-12-14 09:28:51.092] [INFO] System is running in Active mode
[2025-12-14 09:28:51.577] [INFO] System is running in Active mode
[2025-12-14 09:29:51.100] [INFO] System is running in Active mode
[2025-12-14 09:29:51.596] [INFO] System is running in Active mode
[2025-12-14 09:30:51.106] [INFO] System is running in Active mode
[2025-12-14 09:30:51.604] [INFO] System is running in Active mode
[2025-12-14 09:31:51.126] [INFO] System is running in Active mode
[2025-12-14 09:31:51.627] [INFO] System is running in Active mode
[2025-12-14 09:32:51.148] [INFO] System is running in Active mode
[2025-12-14 09:32:51.631] [INFO] System is running in Active mode
[2025-12-14 09:33:51.171] [INFO] System is running in Active mode
[2025-12-14 09:33:51.638] [INFO] System is running in Active mode
[2025-12-14 09:34:51.180] [INFO] System is running in Active mode
[2025-12-14 09:34:51.656] [INFO] System is running in Active mode
[2025-12-14 09:35:51.195] [INFO] System is running in Active mode
[2025-12-14 09:35:51.675] [INFO] System is running in Active mode
[2025-12-14 09:36:51.218] [INFO] System is running in Active mode
[2025-12-14 09:36:51.699] [INFO] System is running in Active mode
[2025-12-14 09:37:51.346] [INFO] System is running in Active mode
[2025-12-14 09:37:51.720] [INFO] System is running in Active mode
[2025-12-14 09:38:51.366] [INFO] System is running in Active mode
[2025-12-14 09:38:51.735] [INFO] System is running in Active mode
[2025-12-14 09:39:51.379] [INFO] System is running in Active mode
[2025-12-14 09:39:51.765] [INFO] System is running in Active mode
[2025-12-14 09:40:51.399] [INFO] System is running in Active mode
[2025-12-14 09:40:51.778] [INFO] System is running in Active mode
[2025-12-14 09:41:51.415] [INFO] System is running in Active mode
[2025-12-14 09:42:51.431] [INFO] System is running in Active mode
[2025-12-14 09:42:52.138] [INFO] System is running in Active mode
[2025-12-14 09:43:51.447] [INFO] System is running in Active mode
[2025-12-14 09:43:52.147] [INFO] System is running in Active mode
[2025-12-14 09:44:51.454] [INFO] System is running in Active mode
[2025-12-14 09:44:52.170] [INFO] System is running in Active mode
[2025-12-14 09:45:51.470] [INFO] System is running in Active mode
[2025-12-14 09:45:52.188] [INFO] System is running in Active mode
[2025-12-14 09:46:51.486] [INFO] System is running in Active mode
[2025-12-14 09:46:52.209] [INFO] System is running in Active mode
[2025-12-14 09:47:51.503] [INFO] System is running in Active mode
[2025-12-14 09:47:52.214] [INFO] System is running in Active mode
[2025-12-14 09:48:51.512] [INFO] System is running in Active mode
[2025-12-14 09:48:52.227] [INFO] System is running in Active mode
[2025-12-14 09:49:51.517] [INFO] System is running in Active mode
[2025-12-14 09:49:52.234] [INFO] System is running in Active mode
[2025-12-14 09:50:51.529] [INFO] System is running in Active mode
[2025-12-14 09:50:52.245] [INFO] System is running in Active mode
[2025-12-14 09:51:51.553] [INFO] System is running in Active mode
[2025-12-14 09:51:52.259] [INFO] System is running in Active mode
[2025-12-14 09:52:51.614] [INFO] System is running in Active mode
[2025-12-14 09:52:52.264] [INFO] System is running in Active mode
[2025-12-14 09:53:51.625] [INFO] System is running in Active mode
[2025-12-14 09:53:52.274] [INFO] System is running in Active mode
[2025-12-14 09:54:51.641] [INFO] System is running in Active mode
[2025-12-14 09:54:52.278] [INFO] System is running in Active mode
[2025-12-14 09:55:51.651] [INFO] System is running in Active mode
[2025-12-14 09:55:52.292] [INFO] System is running in Active mode
[2025-12-14 09:56:51.659] [INFO] System is running in Active mode
[2025-12-14 09:56:52.301] [INFO] System is running in Active mode
[2025-12-14 09:57:51.676] [INFO] System is running in Active mode
[2025-12-14 09:57:52.319] [INFO] System is running in Active mode
[2025-12-14 09:58:51.700] [INFO] System is running in Active mode
[2025-12-14 09:58:52.352] [INFO] System is running in Active mode
[2025-12-14 09:59:51.707] [INFO] System is running in Active mode
[2025-12-14 09:59:52.363] [INFO] System is running in Active mode
[2025-12-14 10:00:51.716] [INFO] System is running in Active mode
[2025-12-14 10:00:52.378] [INFO] System is running in Active mode
[2025-12-14 10:01:51.728] [INFO] System is running in Active mode
[2025-12-14 10:01:52.386] [INFO] System is running in Active mode
[2025-12-14 10:02:51.749] [INFO] System is running in Active mode
[2025-12-14 10:02:52.418] [INFO] System is running in Active mode
[2025-12-14 10:03:51.764] [INFO] System is running in Active mode
[2025-12-14 10:03:52.447] [INFO] System is running in Active mode
[2025-12-14 10:04:51.773] [INFO] System is running in Active mode
[2025-12-14 10:04:52.454] [INFO] System is running in Active mode
[2025-12-14 10:05:51.791] [INFO] System is running in Active mode
[2025-12-14 10:05:52.462] [INFO] System is running in Active mode
[2025-12-14 10:06:51.808] [INFO] System is running in Active mode
[2025-12-14 10:06:52.472] [INFO] System is running in Active mode
[2025-12-14 10:07:51.839] [INFO] System is running in Active mode
[2025-12-14 10:07:52.495] [INFO] System is running in Active mode
[2025-12-14 10:08:51.864] [INFO] System is running in Active mode
[2025-12-14 10:08:52.510] [INFO] System is running in Active mode
[2025-12-14 10:09:51.885] [INFO] System is running in Active mode
[2025-12-14 10:09:52.519] [INFO] System is running in Active mode
[2025-12-14 10:10:51.891] [INFO] System is running in Active mode
[2025-12-14 10:10:52.541] [INFO] System is running in Active mode
[2025-12-14 10:11:51.930] [INFO] System is running in Active mode
[2025-12-14 10:11:52.562] [INFO] System is running in Active mode
[2025-12-14 10:12:51.950] [INFO] System is running in Active mode
[2025-12-14 10:12:52.581] [INFO] System is running in Active mode
[2025-12-14 10:13:51.957] [INFO] System is running in Active mode
[2025-12-14 10:13:52.591] [INFO] System is running in Active mode
[2025-12-14 10:14:51.964] [INFO] System is running in Active mode
[2025-12-14 10:14:52.597] [INFO] System is running in Active mode
[2025-12-14 10:15:51.984] [INFO] System is running in Active mode
[2025-12-14 10:15:52.602] [INFO] System is running in Active mode
[2025-12-14 10:16:51.989] [INFO] System is running in Active mode
[2025-12-14 10:16:52.609] [INFO] System is running in Active mode
[2025-12-14 10:17:52.013] [INFO] System is running in Active mode
[2025-12-14 10:17:52.629] [INFO] System is running in Active mode
[2025-12-14 10:18:52.021] [INFO] System is running in Active mode
[2025-12-14 10:18:52.639] [INFO] System is running in Active mode
[2025-12-14 10:19:52.027] [INFO] System is running in Active mode
[2025-12-14 10:19:52.644] [INFO] System is running in Active mode
[2025-12-14 10:20:52.049] [INFO] System is running in Active mode
[2025-12-14 10:20:52.665] [INFO] System is running in Active mode
[2025-12-14 10:21:52.054] [INFO] System is running in Active mode
[2025-12-14 10:21:52.671] [INFO] System is running in Active mode
[2025-12-14 10:22:52.062] [INFO] System is running in Active mode
[2025-12-14 10:22:52.676] [INFO] System is running in Active mode
[2025-12-14 10:23:52.081] [INFO] System is running in Active mode
[2025-12-14 10:23:52.681] [INFO] System is running in Active mode
[2025-12-14 10:24:52.088] [INFO] System is running in Active mode
[2025-12-14 10:24:52.687] [INFO] System is running in Active mode
[2025-12-14 10:25:52.098] [INFO] System is running in Active mode
[2025-12-14 10:25:52.693] [INFO] System is running in Active mode
[2025-12-14 10:26:52.104] [INFO] System is running in Active mode
[2025-12-14 10:26:52.698] [INFO] System is running in Active mode
[2025-12-14 10:27:52.108] [INFO] System is running in Active mode
[2025-12-14 10:27:52.708] [INFO] System is running in Active mode
[2025-12-14 10:28:52.116] [INFO] System is running in Active mode
[2025-12-14 10:28:52.726] [INFO] System is running in Active mode
[2025-12-14 10:29:52.136] [INFO] System is running in Active mode
[2025-12-14 10:29:52.737] [INFO] System is running in Active mode
[2025-12-14 10:30:52.143] [INFO] System is running in Active mode
[2025-12-14 10:30:52.743] [INFO] System is running in Active mode
[2025-12-14 10:31:52.163] [INFO] System is running in Active mode
[2025-12-14 10:31:52.749] [INFO] System is running in Active mode
[2025-12-14 10:32:52.182] [INFO] System is running in Active mode
[2025-12-14 10:32:52.754] [INFO] System is running in Active mode
[2025-12-14 10:33:52.194] [INFO] System is running in Active mode
[2025-12-14 10:33:52.758] [INFO] System is running in Active mode
[2025-12-14 10:34:52.209] [INFO] System is running in Active mode
[2025-12-14 10:34:52.762] [INFO] System is running in Active mode
[2025-12-14 10:35:52.227] [INFO] System is running in Active mode
[2025-12-14 10:35:52.772] [INFO] System is running in Active mode
[2025-12-14 10:36:52.247] [INFO] System is running in Active mode
[2025-12-14 10:36:52.810] [INFO] System is running in Active mode
[2025-12-14 10:37:52.267] [INFO] System is running in Active mode
[2025-12-14 10:37:52.883] [INFO] System is running in Active mode
[2025-12-14 10:38:52.288] [INFO] System is running in Active mode
[2025-12-14 10:38:52.896] [INFO] System is running in Active mode
[2025-12-14 10:39:52.311] [INFO] System is running in Active mode
[2025-12-14 10:39:52.929] [INFO] System is running in Active mode
[2025-12-14 10:40:52.333] [INFO] System is running in Active mode
[2025-12-14 10:40:52.940] [INFO] System is running in Active mode
[2025-12-14 10:41:52.344] [INFO] System is running in Active mode
[2025-12-14 10:41:52.956] [INFO] System is running in Active mode
[2025-12-14 10:42:52.364] [INFO] System is running in Active mode
[2025-12-14 10:42:52.964] [INFO] System is running in Active mode
[2025-12-14 10:43:52.387] [INFO] System is running in Active mode
[2025-12-14 10:43:52.977] [INFO] System is running in Active mode
[2025-12-14 10:44:52.396] [INFO] System is running in Active mode
[2025-12-14 10:44:52.989] [INFO] System is running in Active mode
[2025-12-14 10:45:52.414] [INFO] System is running in Active mode
[2025-12-14 10:45:53.005] [INFO] System is running in Active mode
[2025-12-14 10:46:52.422] [INFO] System is running in Active mode
[2025-12-14 10:46:53.020] [INFO] System is running in Active mode
[2025-12-14 10:47:52.442] [INFO] System is running in Active mode
[2025-12-14 10:47:53.033] [INFO] System is running in Active mode
[2025-12-14 10:48:52.465] [INFO] System is running in Active mode
[2025-12-14 10:48:53.059] [INFO] System is running in Active mode
[2025-12-14 10:49:52.486] [INFO] System is running in Active mode
[2025-12-14 10:49:53.068] [INFO] System is running in Active mode
[2025-12-14 10:50:52.508] [INFO] System is running in Active mode
[2025-12-14 10:50:53.100] [INFO] System is running in Active mode
[2025-12-14 10:51:52.539] [INFO] System is running in Active mode
[2025-12-14 10:51:53.117] [INFO] System is running in Active mode
[2025-12-14 10:52:52.555] [INFO] System is running in Active mode
[2025-12-14 10:52:53.123] [INFO] System is running in Active mode
[2025-12-14 10:53:52.561] [INFO] System is running in Active mode
[2025-12-14 10:53:53.145] [INFO] System is running in Active mode
[2025-12-14 10:54:52.572] [INFO] System is running in Active mode
[2025-12-14 10:54:53.165] [INFO] System is running in Active mode
[2025-12-14 10:55:52.589] [INFO] System is running in Active mode
[2025-12-14 10:55:53.185] [INFO] System is running in Active mode
[2025-12-14 10:56:52.695] [INFO] System is running in Active mode
[2025-12-14 10:56:53.233] [INFO] System is running in Active mode
[2025-12-14 10:57:52.720] [INFO] System is running in Active mode
[2025-12-14 10:57:53.248] [INFO] System is running in Active mode
[2025-12-14 10:58:52.726] [INFO] System is running in Active mode
[2025-12-14 10:58:53.262] [INFO] System is running in Active mode
[2025-12-14 10:59:52.746] [INFO] System is running in Active mode
[2025-12-14 10:59:53.278] [INFO] System is running in Active mode
[2025-12-14 11:00:52.763] [INFO] System is running in Active mode
[2025-12-14 11:00:53.299] [INFO] System is running in Active mode
[2025-12-14 11:01:52.788] [INFO] System is running in Active mode
[2025-12-14 11:01:53.309] [INFO] System is running in Active mode
[2025-12-14 11:02:52.816] [INFO] System is running in Active mode
[2025-12-14 11:02:53.324] [INFO] System is running in Active mode
[2025-12-14 11:03:52.834] [INFO] System is running in Active mode
[2025-12-14 11:03:53.344] [INFO] System is running in Active mode
[2025-12-14 11:04:52.860] [INFO] System is running in Active mode
[2025-12-14 11:04:53.358] [INFO] System is running in Active mode
[2025-12-14 11:05:52.875] [INFO] System is running in Active mode
[2025-12-14 11:05:53.377] [INFO] System is running in Active mode
[2025-12-14 11:06:52.891] [INFO] System is running in Active mode
[2025-12-14 11:07:52.918] [INFO] System is running in Active mode
[2025-12-14 11:07:53.480] [INFO] System is running in Active mode
[2025-12-14 11:08:52.940] [INFO] System is running in Active mode
[2025-12-14 11:08:53.488] [INFO] System is running in Active mode
[2025-12-14 11:09:52.970] [INFO] System is running in Active mode
[2025-12-14 11:09:53.510] [INFO] System is running in Active mode
[2025-12-14 11:10:52.978] [INFO] System is running in Active mode
[2025-12-14 11:10:53.529] [INFO] System is running in Active mode
[2025-12-14 11:11:52.985] [INFO] System is running in Active mode
[2025-12-14 11:11:53.536] [INFO] System is running in Active mode
[2025-12-14 11:12:53.004] [INFO] System is running in Active mode
[2025-12-14 11:12:53.541] [INFO] System is running in Active mode
[2025-12-14 11:13:53.008] [INFO] System is running in Active mode
[2025-12-14 11:13:53.546] [INFO] System is running in Active mode
[2025-12-14 11:14:53.016] [INFO] System is running in Active mode
[2025-12-14 11:14:53.553] [INFO] System is running in Active mode
[2025-12-14 11:15:53.025] [INFO] System is running in Active mode
[2025-12-14 11:15:53.563] [INFO] System is running in Active mode
[2025-12-14 11:16:53.037] [INFO] System is running in Active mode
[2025-12-14 11:16:53.586] [INFO] System is running in Active mode
[2025-12-14 11:17:53.076] [INFO] System is running in Active mode
[2025-12-14 11:17:53.612] [INFO] System is running in Active mode
[2025-12-14 11:18:53.098] [INFO] System is running in Active mode
[2025-12-14 11:18:53.622] [INFO] System is running in Active mode
[2025-12-14 11:19:53.110] [INFO] System is running in Active mode
[2025-12-14 11:19:53.639] [INFO] System is running in Active mode
[2025-12-14 11:20:53.124] [INFO] System is running in Active mode
[2025-12-14 11:20:53.659] [INFO] System is running in Active mode
[2025-12-14 11:21:53.147] [INFO] System is running in Active mode
[2025-12-14 11:21:53.676] [INFO] System is running in Active mode
[2025-12-14 11:22:53.162] [INFO] System is running in Active mode
[2025-12-14 11:22:53.687] [INFO] System is running in Active mode
[2025-12-14 11:23:53.176] [INFO] System is running in Active mode
[2025-12-14 11:23:53.704] [INFO] System is running in Active mode
[2025-12-14 11:24:53.204] [INFO] System is running in Active mode
[2025-12-14 11:24:53.719] [INFO] System is running in Active mode
[2025-12-14 11:25:53.285] [INFO] System is running in Active mode
[2025-12-14 11:25:53.751] [INFO] System is running in Active mode
[2025-12-14 11:26:53.306] [INFO] System is running in Active mode
[2025-12-14 11:26:53.773] [INFO] System is running in Active mode
[2025-12-14 11:27:53.328] [INFO] System is running in Active mode
[2025-12-14 11:27:53.783] [INFO] System is running in Active mode
[2025-12-14 11:28:53.335] [INFO] System is running in Active mode
[2025-12-14 11:28:53.799] [INFO] System is running in Active mode
[2025-12-14 11:29:53.358] [INFO] System is running in Active mode
[2025-12-14 11:29:53.806] [INFO] System is running in Active mode
[2025-12-14 11:30:53.379] [INFO] System is running in Active mode
[2025-12-14 11:31:53.388] [INFO] System is running in Active mode
[2025-12-14 11:31:53.833] [INFO] System is running in Active mode
[2025-12-14 11:32:53.406] [INFO] System is running in Active mode
[2025-12-14 11:33:53.420] [INFO] System is running in Active mode
[2025-12-14 11:34:53.438] [INFO] System is running in Active mode
[2025-12-14 11:34:53.876] [INFO] System is running in Active mode
[2025-12-14 11:35:53.459] [INFO] System is running in Active mode
[2025-12-14 11:35:53.890] [INFO] System is running in Active mode
[2025-12-14 11:36:53.479] [INFO] System is running in Active mode
[2025-12-14 11:36:53.897] [INFO] System is running in Active mode
[2025-12-14 11:37:53.486] [INFO] System is running in Active mode
[2025-12-14 11:37:53.906] [INFO] System is running in Active mode
[2025-12-14 11:38:53.495] [INFO] System is running in Active mode
[2025-12-14 11:38:53.926] [INFO] System is running in Active mode
[2025-12-14 11:39:53.503] [INFO] System is running in Active mode
[2025-12-14 11:39:53.935] [INFO] System is running in Active mode
[2025-12-14 11:40:53.508] [INFO] System is running in Active mode
[2025-12-14 11:40:53.953] [INFO] System is running in Active mode
[2025-12-14 11:41:53.532] [INFO] System is running in Active mode
[2025-12-14 11:41:53.959] [INFO] System is running in Active mode
[2025-12-14 11:42:53.550] [INFO] System is running in Active mode
[2025-12-14 11:42:53.969] [INFO] System is running in Active mode
[2025-12-14 11:43:53.555] [INFO] System is running in Active mode
[2025-12-14 11:43:53.987] [INFO] System is running in Active mode
[2025-12-14 11:44:53.576] [INFO] System is running in Active mode
[2025-12-14 11:44:53.997] [INFO] System is running in Active mode
[2025-12-14 11:45:53.582] [INFO] System is running in Active mode
[2025-12-14 11:45:54.004] [INFO] System is running in Active mode
[2025-12-14 11:46:53.594] [INFO] System is running in Active mode
[2025-12-14 11:46:54.009] [INFO] System is running in Active mode
[2025-12-14 11:47:53.612] [INFO] System is running in Active mode
[2025-12-14 11:47:54.034] [INFO] System is running in Active mode
[2025-12-14 11:48:53.619] [INFO] System is running in Active mode
[2025-12-14 11:48:54.052] [INFO] System is running in Active mode
[2025-12-14 11:49:53.626] [INFO] System is running in Active mode
[2025-12-14 11:49:54.059] [INFO] System is running in Active mode
[2025-12-14 11:50:53.632] [INFO] System is running in Active mode
[2025-12-14 11:50:54.077] [INFO] System is running in Active mode
[2025-12-14 11:51:53.638] [INFO] System is running in Active mode
[2025-12-14 11:52:53.645] [INFO] System is running in Active mode
[2025-12-14 11:52:54.094] [INFO] System is running in Active mode
[2025-12-14 11:53:53.655] [INFO] System is running in Active mode
[2025-12-14 11:53:54.104] [INFO] System is running in Active mode
[2025-12-14 11:54:53.674] [INFO] System is running in Active mode
[2025-12-14 11:54:54.112] [INFO] System is running in Active mode
[2025-12-14 11:55:53.683] [INFO] System is running in Active mode
[2025-12-14 11:55:54.129] [INFO] System is running in Active mode
[2025-12-14 11:56:53.693] [INFO] System is running in Active mode
[2025-12-14 11:56:54.142] [INFO] System is running in Active mode
[2025-12-14 11:57:53.701] [INFO] System is running in Active mode
[2025-12-14 11:57:54.149] [INFO] System is running in Active mode
[2025-12-14 11:58:53.746] [INFO] System is running in Active mode
[2025-12-14 11:58:54.162] [INFO] System is running in Active mode
[2025-12-14 11:59:53.763] [INFO] System is running in Active mode
[2025-12-14 11:59:54.187] [INFO] System is running in Active mode
[2025-12-14 12:00:53.781] [INFO] System is running in Active mode
[2025-12-14 12:00:54.242] [INFO] System is running in Active mode
[2025-12-14 12:01:53.810] [INFO] System is running in Active mode
[2025-12-14 12:01:54.255] [INFO] System is running in Active mode
[2025-12-14 12:02:53.828] [INFO] System is running in Active mode
[2025-12-14 12:02:54.265] [INFO] System is running in Active mode
[2025-12-14 12:03:53.837] [INFO] System is running in Active mode
[2025-12-14 12:03:54.288] [INFO] System is running in Active mode
[2025-12-14 12:04:53.852] [INFO] System is running in Active mode
[2025-12-14 12:04:54.304] [INFO] System is running in Active mode
[2025-12-14 12:05:53.869] [INFO] System is running in Active mode
[2025-12-14 12:05:54.322] [INFO] System is running in Active mode
[2025-12-14 12:06:53.889] [INFO] System is running in Active mode
[2025-12-14 12:06:54.341] [INFO] System is running in Active mode
[2025-12-14 12:07:53.913] [INFO] System is running in Active mode
[2025-12-14 12:07:54.359] [INFO] System is running in Active mode
[2025-12-14 12:08:53.942] [INFO] System is running in Active mode
[2025-12-14 12:08:54.366] [INFO] System is running in Active mode
[2025-12-14 12:09:53.960] [INFO] System is running in Active mode
[2025-12-14 12:09:54.376] [INFO] System is running in Active mode
[2025-12-14 12:10:53.977] [INFO] System is running in Active mode
[2025-12-14 12:10:54.390] [INFO] System is running in Active mode
[2025-12-14 12:11:54.004] [INFO] System is running in Active mode
[2025-12-14 12:12:54.027] [INFO] System is running in Active mode
[2025-12-14 12:13:54.063] [INFO] System is running in Active mode
[2025-12-14 12:13:54.485] [INFO] System is running in Active mode
[2025-12-14 12:14:54.084] [INFO] System is running in Active mode
[2025-12-14 12:14:54.500] [INFO] System is running in Active mode
[2025-12-14 12:15:54.114] [INFO] System is running in Active mode
[2025-12-14 12:15:54.524] [INFO] System is running in Active mode
[2025-12-14 12:16:54.138] [INFO] System is running in Active mode
[2025-12-14 12:16:54.533] [INFO] System is running in Active mode
[2025-12-14 12:17:54.149] [INFO] System is running in Active mode
[2025-12-14 12:17:54.555] [INFO] System is running in Active mode
[2025-12-14 12:18:54.166] [INFO] System is running in Active mode
[2025-12-14 12:18:54.563] [INFO] System is running in Active mode
[2025-12-14 12:19:54.179] [INFO] System is running in Active mode
[2025-12-14 12:19:54.569] [INFO] System is running in Active mode
[2025-12-14 12:20:54.222] [INFO] System is running in Active mode
[2025-12-14 12:21:54.260] [INFO] System is running in Active mode
[2025-12-14 12:21:54.700] [INFO] System is running in Active mode
[2025-12-14 12:22:54.415] [INFO] System is running in Active mode
[2025-12-14 12:22:54.714] [INFO] System is running in Active mode
[2025-12-14 12:23:54.453] [INFO] System is running in Active mode
[2025-12-14 12:23:54.729] [INFO] System is running in Active mode
[2025-12-14 12:24:54.560] [INFO] System is running in Active mode
[2025-12-14 12:24:54.763] [INFO] System is running in Active mode
[2025-12-14 12:25:54.639] [INFO] System is running in Active mode
[2025-12-14 12:25:54.868] [INFO] System is running in Active mode
[2025-12-14 12:26:54.677] [INFO] System is running in Active mode
[2025-12-14 12:26:54.882] [INFO] System is running in Active mode
[2025-12-14 12:27:54.697] [INFO] System is running in Active mode
[2025-12-14 12:27:54.909] [INFO] System is running in Active mode
[2025-12-14 12:28:54.942] [INFO] System is running in Active mode
[2025-12-14 12:28:55.050] [INFO] System is running in Active mode
[2025-12-14 12:29:54.964] [INFO] System is running in Active mode
[2025-12-14 12:29:55.060] [INFO] System is running in Active mode
[2025-12-14 12:30:54.988] [INFO] System is running in Active mode
[2025-12-14 12:30:55.087] [INFO] System is running in Active mode
[2025-12-14 12:31:55.004] [INFO] System is running in Active mode
[2025-12-14 12:31:55.228] [INFO] System is running in Active mode
[2025-12-14 12:32:55.014] [INFO] System is running in Active mode
[2025-12-14 12:32:55.255] [INFO] System is running in Active mode
[2025-12-14 12:33:55.032] [INFO] System is running in Active mode
[2025-12-14 12:33:55.271] [INFO] System is running in Active mode
[2025-12-14 12:34:55.049] [INFO] System is running in Active mode
[2025-12-14 12:34:55.288] [INFO] System is running in Active mode
[2025-12-14 12:35:55.072] [INFO] System is running in Active mode
[2025-12-14 12:35:55.305] [INFO] System is running in Active mode
[2025-12-14 12:36:55.084] [INFO] System is running in Active mode
[2025-12-14 12:36:55.318] [INFO] System is running in Active mode
[2025-12-14 12:37:55.110] [INFO] System is running in Active mode
[2025-12-14 12:37:55.356] [INFO] System is running in Active mode
[2025-12-14 12:38:55.133] [INFO] System is running in Active mode
[2025-12-14 12:38:55.379] [INFO] System is running in Active mode
[2025-12-14 12:39:55.147] [INFO] System is running in Active mode
[2025-12-14 12:39:55.400] [INFO] System is running in Active mode
[2025-12-14 12:40:55.174] [INFO] System is running in Active mode
[2025-12-14 12:40:55.420] [INFO] System is running in Active mode
[2025-12-14 12:41:55.219] [INFO] System is running in Active mode
[2025-12-14 12:41:55.450] [INFO] System is running in Active mode
[2025-12-14 12:42:55.242] [INFO] System is running in Active mode
[2025-12-14 12:42:55.475] [INFO] System is running in Active mode
[2025-12-14 12:43:55.263] [INFO] System is running in Active mode
[2025-12-14 12:43:55.494] [INFO] System is running in Active mode
[2025-12-14 12:44:55.266] [INFO] System is running in Active mode
[2025-12-14 12:44:55.518] [INFO] System is running in Active mode
[2025-12-14 12:45:55.270] [INFO] System is running in Active mode
[2025-12-14 12:45:55.536] [INFO] System is running in Active mode
[2025-12-14 12:46:55.278] [INFO] System is running in Active mode
[2025-12-14 12:46:55.550] [INFO] System is running in Active mode
[2025-12-14 12:47:55.295] [INFO] System is running in Active mode
[2025-12-14 12:47:55.572] [INFO] System is running in Active mode
[2025-12-14 12:48:55.338] [INFO] System is running in Active mode
[2025-12-14 12:48:55.588] [INFO] System is running in Active mode
[2025-12-14 12:49:55.365] [INFO] System is running in Active mode
[2025-12-14 12:49:55.628] [INFO] System is running in Active mode
[2025-12-14 12:50:55.380] [INFO] System is running in Active mode
[2025-12-14 12:50:55.668] [INFO] System is running in Active mode
[2025-12-14 12:51:55.389] [INFO] System is running in Active mode
[2025-12-14 12:51:55.671] [INFO] System is running in Active mode
[2025-12-14 12:52:55.399] [INFO] System is running in Active mode
[2025-12-14 12:52:55.680] [INFO] System is running in Active mode
[2025-12-14 12:53:55.411] [INFO] System is running in Active mode
[2025-12-14 12:53:55.691] [INFO] System is running in Active mode
[2025-12-14 12:54:55.430] [INFO] System is running in Active mode
[2025-12-14 12:54:55.707] [INFO] System is running in Active mode
[2025-12-14 12:55:55.438] [INFO] System is running in Active mode
[2025-12-14 12:55:55.719] [INFO] System is running in Active mode
[2025-12-14 12:56:55.502] [INFO] System is running in Active mode
[2025-12-14 12:56:55.737] [INFO] System is running in Active mode
[2025-12-14 12:57:55.520] [INFO] System is running in Active mode
[2025-12-14 12:57:55.769] [INFO] System is running in Active mode
[2025-12-14 12:58:55.539] [INFO] System is running in Active mode
[2025-12-14 12:58:55.780] [INFO] System is running in Active mode
[2025-12-14 12:59:55.552] [INFO] System is running in Active mode
[2025-12-14 12:59:55.796] [INFO] System is running in Active mode
[2025-12-14 13:00:55.562] [INFO] System is running in Active mode
[2025-12-14 13:00:55.818] [INFO] System is running in Active mode
[2025-12-14 13:01:55.582] [INFO] System is running in Active mode
[2025-12-14 13:01:55.827] [INFO] System is running in Active mode
[2025-12-14 13:02:55.598] [INFO] System is running in Active mode
[2025-12-14 13:02:55.852] [INFO] System is running in Active mode
[2025-12-14 13:03:55.644] [INFO] System is running in Active mode
[2025-12-14 13:03:55.956] [INFO] System is running in Active mode
[2025-12-14 13:04:55.694] [INFO] System is running in Active mode
[2025-12-14 13:04:56.058] [INFO] System is running in Active mode
[2025-12-14 13:05:55.723] [INFO] System is running in Active mode
[2025-12-14 13:05:56.084] [INFO] System is running in Active mode
[2025-12-14 13:06:55.738] [INFO] System is running in Active mode
[2025-12-14 13:07:55.779] [INFO] System is running in Active mode
[2025-12-14 13:07:56.604] [INFO] System is running in Active mode
[2025-12-14 13:08:55.792] [INFO] System is running in Active mode
[2025-12-14 13:08:56.625] [INFO] System is running in Active mode
[2025-12-14 13:09:55.807] [INFO] System is running in Active mode
[2025-12-14 13:09:56.648] [INFO] System is running in Active mode
[2025-12-14 13:10:55.881] [INFO] System is running in Active mode
[2025-12-14 13:10:56.666] [INFO] System is running in Active mode
[2025-12-14 13:11:55.909] [INFO] System is running in Active mode
[2025-12-14 13:11:56.685] [INFO] System is running in Active mode
[2025-12-14 13:12:55.921] [INFO] System is running in Active mode
[2025-12-14 13:12:56.712] [INFO] System is running in Active mode
[2025-12-14 13:13:55.940] [INFO] System is running in Active mode
[2025-12-14 13:13:56.727] [INFO] System is running in Active mode
[2025-12-14 13:14:55.954] [INFO] System is running in Active mode
[2025-12-14 13:14:56.767] [INFO] System is running in Active mode
[2025-12-14 13:15:55.982] [INFO] System is running in Active mode
[2025-12-14 13:15:56.784] [INFO] System is running in Active mode
[2025-12-14 13:16:56.028] [INFO] System is running in Active mode
[2025-12-14 13:16:56.858] [INFO] System is running in Active mode
[2025-12-14 13:17:56.075] [INFO] System is running in Active mode
[2025-12-14 13:17:56.931] [INFO] System is running in Active mode
[2025-12-14 13:18:56.227] [INFO] System is running in Active mode
[2025-12-14 13:18:56.981] [INFO] System is running in Active mode
[2025-12-14 13:19:56.240] [INFO] System is running in Active mode
[2025-12-14 13:19:57.007] [INFO] System is running in Active mode
[2025-12-14 13:20:56.283] [INFO] System is running in Active mode
[2025-12-14 13:20:57.014] [INFO] System is running in Active mode
[2025-12-14 13:21:56.324] [INFO] System is running in Active mode
[2025-12-14 13:21:57.024] [INFO] System is running in Active mode
[2025-12-14 13:22:56.344] [INFO] System is running in Active mode
[2025-12-14 13:22:57.041] [INFO] System is running in Active mode
[2025-12-14 13:23:56.383] [INFO] System is running in Active mode
[2025-12-14 13:23:57.062] [INFO] System is running in Active mode
[2025-12-14 13:24:56.402] [INFO] System is running in Active mode
[2025-12-14 13:24:57.083] [INFO] System is running in Active mode
[2025-12-14 13:25:56.412] [INFO] System is running in Active mode
[2025-12-14 13:25:57.093] [INFO] System is running in Active mode
[2025-12-14 13:26:56.430] [INFO] System is running in Active mode
[2025-12-14 13:26:57.096] [INFO] System is running in Active mode
[2025-12-14 13:27:56.451] [INFO] System is running in Active mode
[2025-12-14 13:27:57.103] [INFO] System is running in Active mode
[2025-12-14 13:28:56.462] [INFO] System is running in Active mode
[2025-12-14 13:28:57.125] [INFO] System is running in Active mode
[2025-12-14 13:29:56.480] [INFO] System is running in Active mode
[2025-12-14 13:29:57.138] [INFO] System is running in Active mode
[2025-12-14 13:30:56.487] [INFO] System is running in Active mode
[2025-12-14 13:30:57.160] [INFO] System is running in Active mode
[2025-12-14 13:31:56.532] [INFO] System is running in Active mode
[2025-12-14 13:31:57.192] [INFO] System is running in Active mode
[2025-12-14 13:32:56.550] [INFO] System is running in Active mode
[2025-12-14 13:32:57.222] [INFO] System is running in Active mode
[2025-12-14 13:33:56.560] [INFO] System is running in Active mode
[2025-12-14 13:33:57.240] [INFO] System is running in Active mode
[2025-12-14 13:34:56.571] [INFO] System is running in Active mode
[2025-12-14 13:34:57.247] [INFO] System is running in Active mode
[2025-12-14 13:35:56.586] [INFO] System is running in Active mode
[2025-12-14 13:35:57.270] [INFO] System is running in Active mode
[2025-12-14 13:36:56.604] [INFO] System is running in Active mode
[2025-12-14 13:36:57.291] [INFO] System is running in Active mode
[2025-12-14 13:37:56.614] [INFO] System is running in Active mode
[2025-12-14 13:37:57.310] [INFO] System is running in Active mode
[2025-12-14 13:38:56.630] [INFO] System is running in Active mode
[2025-12-14 13:38:57.328] [INFO] System is running in Active mode
[2025-12-14 13:39:56.638] [INFO] System is running in Active mode
[2025-12-14 13:39:57.348] [INFO] System is running in Active mode
[2025-12-14 13:40:56.644] [INFO] System is running in Active mode
[2025-12-14 13:40:57.365] [INFO] System is running in Active mode
[2025-12-14 13:41:56.661] [INFO] System is running in Active mode
[2025-12-14 13:41:57.371] [INFO] System is running in Active mode
[2025-12-14 13:42:56.671] [INFO] System is running in Active mode
[2025-12-14 13:42:57.391] [INFO] System is running in Active mode
[2025-12-14 13:43:56.676] [INFO] System is running in Active mode
[2025-12-14 13:43:57.398] [INFO] System is running in Active mode
[2025-12-14 13:44:56.684] [INFO] System is running in Active mode
[2025-12-14 13:44:57.407] [INFO] System is running in Active mode
[2025-12-14 13:45:56.711] [INFO] System is running in Active mode
[2025-12-14 13:45:57.425] [INFO] System is running in Active mode
[2025-12-14 13:46:56.716] [INFO] System is running in Active mode
[2025-12-14 13:46:57.443] [INFO] System is running in Active mode
[2025-12-14 13:47:56.722] [INFO] System is running in Active mode
[2025-12-14 13:47:57.450] [INFO] System is running in Active mode
[2025-12-14 13:48:56.729] [INFO] System is running in Active mode
[2025-12-14 13:48:57.462] [INFO] System is running in Active mode
[2025-12-14 13:49:56.744] [INFO] System is running in Active mode
[2025-12-14 13:49:57.480] [INFO] System is running in Active mode
[2025-12-14 13:50:56.757] [INFO] System is running in Active mode
[2025-12-14 13:50:57.491] [INFO] System is running in Active mode
[2025-12-14 13:51:56.763] [INFO] System is running in Active mode
[2025-12-14 13:51:57.496] [INFO] System is running in Active mode
[2025-12-14 13:52:56.781] [INFO] System is running in Active mode
[2025-12-14 13:52:57.517] [INFO] System is running in Active mode
[2025-12-14 13:53:56.791] [INFO] System is running in Active mode
[2025-12-14 13:53:57.543] [INFO] System is running in Active mode
[2025-12-14 13:54:56.799] [INFO] System is running in Active mode
[2025-12-14 13:54:57.561] [INFO] System is running in Active mode
[2025-12-14 13:55:56.818] [INFO] System is running in Active mode
[2025-12-14 13:55:57.578] [INFO] System is running in Active mode
[2025-12-14 13:56:56.827] [INFO] System is running in Active mode
[2025-12-14 13:56:57.587] [INFO] System is running in Active mode
[2025-12-14 13:57:56.838] [INFO] System is running in Active mode
[2025-12-14 13:57:57.599] [INFO] System is running in Active mode
[2025-12-14 13:58:56.845] [INFO] System is running in Active mode
[2025-12-14 13:58:57.610] [INFO] System is running in Active mode
[2025-12-14 13:59:56.864] [INFO] System is running in Active mode
[2025-12-14 13:59:57.630] [INFO] System is running in Active mode
[2025-12-14 14:00:56.872] [INFO] System is running in Active mode
[2025-12-14 14:00:57.650] [INFO] System is running in Active mode
[2025-12-14 14:01:56.890] [INFO] System is running in Active mode
[2025-12-14 14:01:57.675] [INFO] System is running in Active mode
[2025-12-14 14:02:56.896] [INFO] System is running in Active mode
[2025-12-14 14:02:57.691] [INFO] System is running in Active mode
[2025-12-14 14:03:56.900] [INFO] System is running in Active mode
[2025-12-14 14:03:57.700] [INFO] System is running in Active mode
[2025-12-14 14:04:56.906] [INFO] System is running in Active mode
[2025-12-14 14:04:57.715] [INFO] System is running in Active mode
[2025-12-14 14:05:56.911] [INFO] System is running in Active mode
[2025-12-14 14:05:57.726] [INFO] System is running in Active mode
[2025-12-14 14:06:56.915] [INFO] System is running in Active mode
[2025-12-14 14:06:57.734] [INFO] System is running in Active mode
[2025-12-14 14:07:56.923] [INFO] System is running in Active mode
[2025-12-14 14:07:57.742] [INFO] System is running in Active mode
[2025-12-14 14:08:56.943] [INFO] System is running in Active mode
[2025-12-14 14:08:57.762] [INFO] System is running in Active mode
[2025-12-14 14:09:56.950] [INFO] System is running in Active mode
[2025-12-14 14:09:57.768] [INFO] System is running in Active mode
[2025-12-14 14:10:56.958] [INFO] System is running in Active mode
[2025-12-14 14:10:57.775] [INFO] System is running in Active mode
[2025-12-14 14:11:56.964] [INFO] System is running in Active mode
[2025-12-14 14:11:57.798] [INFO] System is running in Active mode
[2025-12-14 14:12:56.972] [INFO] System is running in Active mode
[2025-12-14 14:12:57.802] [INFO] System is running in Active mode
[2025-12-14 14:13:56.993] [INFO] System is running in Active mode
[2025-12-14 14:13:57.809] [INFO] System is running in Active mode
[2025-12-14 14:14:56.997] [INFO] System is running in Active mode
[2025-12-14 14:14:57.831] [INFO] System is running in Active mode
[2025-12-14 14:15:57.003] [INFO] System is running in Active mode
[2025-12-14 14:15:57.858] [INFO] System is running in Active mode
[2025-12-14 14:16:57.009] [INFO] System is running in Active mode
[2025-12-14 14:16:57.875] [INFO] System is running in Active mode
[2025-12-14 14:17:57.017] [INFO] System is running in Active mode
[2025-12-14 14:17:57.883] [INFO] System is running in Active mode
[2025-12-14 14:18:57.022] [INFO] System is running in Active mode
[2025-12-14 14:18:57.903] [INFO] System is running in Active mode
[2025-12-14 14:19:57.028] [INFO] System is running in Active mode
[2025-12-14 14:19:57.925] [INFO] System is running in Active mode
[2025-12-14 14:20:57.036] [INFO] System is running in Active mode
[2025-12-14 14:20:57.932] [INFO] System is running in Active mode
[2025-12-14 14:21:57.059] [INFO] System is running in Active mode
[2025-12-14 14:21:57.940] [INFO] System is running in Active mode
[2025-12-14 14:22:57.079] [INFO] System is running in Active mode
[2025-12-14 14:22:57.948] [INFO] System is running in Active mode
[2025-12-14 14:23:57.085] [INFO] System is running in Active mode
[2025-12-14 14:23:57.954] [INFO] System is running in Active mode
[2025-12-14 14:24:57.093] [INFO] System is running in Active mode
[2025-12-14 14:24:57.973] [INFO] System is running in Active mode
[2025-12-14 14:25:57.098] [INFO] System is running in Active mode
[2025-12-14 14:25:57.981] [INFO] System is running in Active mode
[2025-12-14 14:26:57.116] [INFO] System is running in Active mode
[2025-12-14 14:26:58.001] [INFO] System is running in Active mode
[2025-12-14 14:27:57.130] [INFO] System is running in Active mode
[2025-12-14 14:27:58.017] [INFO] System is running in Active mode
[2025-12-14 14:28:57.196] [INFO] System is running in Active mode
[2025-12-14 14:28:58.032] [INFO] System is running in Active mode
[2025-12-14 14:29:57.202] [INFO] System is running in Active mode
[2025-12-14 14:29:58.050] [INFO] System is running in Active mode
[2025-12-14 14:30:57.221] [INFO] System is running in Active mode
[2025-12-14 14:30:58.064] [INFO] System is running in Active mode
[2025-12-14 14:31:57.234] [INFO] System is running in Active mode
[2025-12-14 14:31:58.072] [INFO] System is running in Active mode
[2025-12-14 14:32:57.249] [INFO] System is running in Active mode
[2025-12-14 14:32:58.079] [INFO] System is running in Active mode
[2025-12-14 14:33:57.281] [INFO] System is running in Active mode
[2025-12-14 14:33:58.095] [INFO] System is running in Active mode
[2025-12-14 14:34:57.299] [INFO] System is running in Active mode
[2025-12-14 14:34:58.119] [INFO] System is running in Active mode
[2025-12-14 14:35:57.304] [INFO] System is running in Active mode
[2025-12-14 14:35:58.126] [INFO] System is running in Active mode
[2025-12-14 14:36:57.313] [INFO] System is running in Active mode
[2025-12-14 14:36:58.145] [INFO] System is running in Active mode
[2025-12-14 14:37:57.333] [INFO] System is running in Active mode
[2025-12-14 14:37:58.163] [INFO] System is running in Active mode
[2025-12-14 14:38:57.339] [INFO] System is running in Active mode
[2025-12-14 14:38:58.181] [INFO] System is running in Active mode
[2025-12-14 14:39:57.362] [INFO] System is running in Active mode
[2025-12-14 14:39:58.193] [INFO] System is running in Active mode
[2025-12-14 14:40:57.369] [INFO] System is running in Active mode
[2025-12-14 14:40:58.199] [INFO] System is running in Active mode
[2025-12-14 14:41:57.389] [INFO] System is running in Active mode
[2025-12-14 14:41:58.212] [INFO] System is running in Active mode
[2025-12-14 14:42:57.395] [INFO] System is running in Active mode
[2025-12-14 14:42:58.232] [INFO] System is running in Active mode
[2025-12-14 14:43:57.403] [INFO] System is running in Active mode
[2025-12-14 14:43:58.253] [INFO] System is running in Active mode
[2025-12-14 14:44:57.407] [INFO] System is running in Active mode
[2025-12-14 14:44:58.262] [INFO] System is running in Active mode
[2025-12-14 14:45:57.420] [INFO] System is running in Active mode
[2025-12-14 14:45:58.275] [INFO] System is running in Active mode
[2025-12-14 14:46:57.439] [INFO] System is running in Active mode
[2025-12-14 14:46:58.292] [INFO] System is running in Active mode
[2025-12-14 14:47:57.453] [INFO] System is running in Active mode
[2025-12-14 14:47:58.298] [INFO] System is running in Active mode
[2025-12-14 14:48:57.478] [INFO] System is running in Active mode
[2025-12-14 14:48:58.316] [INFO] System is running in Active mode
[2025-12-14 14:49:57.495] [INFO] System is running in Active mode
[2025-12-14 14:49:58.333] [INFO] System is running in Active mode
[2025-12-14 14:50:57.513] [INFO] System is running in Active mode
[2025-12-14 14:50:58.338] [INFO] System is running in Active mode
[2025-12-14 14:51:57.530] [INFO] System is running in Active mode
[2025-12-14 14:51:58.357] [INFO] System is running in Active mode
[2025-12-14 14:52:57.544] [INFO] System is running in Active mode
[2025-12-14 14:52:58.370] [INFO] System is running in Active mode
[2025-12-14 14:53:57.562] [INFO] System is running in Active mode
[2025-12-14 14:53:58.383] [INFO] System is running in Active mode
[2025-12-14 14:54:57.583] [INFO] System is running in Active mode
[2025-12-14 14:54:58.390] [INFO] System is running in Active mode
[2025-12-14 14:55:57.598] [INFO] System is running in Active mode
[2025-12-14 14:55:58.406] [INFO] System is running in Active mode
[2025-12-14 14:56:57.613] [INFO] System is running in Active mode
[2025-12-14 14:56:58.422] [INFO] System is running in Active mode
[2025-12-14 14:57:57.635] [INFO] System is running in Active mode
[2025-12-14 14:57:58.439] [INFO] System is running in Active mode
[2025-12-14 14:58:57.657] [INFO] System is running in Active mode
[2025-12-14 14:58:58.446] [INFO] System is running in Active mode
[2025-12-14 14:59:57.672] [INFO] System is running in Active mode
[2025-12-14 14:59:58.462] [INFO] System is running in Active mode
[2025-12-14 15:00:57.685] [INFO] System is running in Active mode
[2025-12-14 15:00:58.480] [INFO] System is running in Active mode
[2025-12-14 15:01:57.700] [INFO] System is running in Active mode
[2025-12-14 15:01:58.489] [INFO] System is running in Active mode
[2025-12-14 15:02:57.716] [INFO] System is running in Active mode
[2025-12-14 15:02:58.503] [INFO] System is running in Active mode
[2025-12-14 15:03:57.744] [INFO] System is running in Active mode
[2025-12-14 15:03:58.512] [INFO] System is running in Active mode
[2025-12-14 15:04:57.763] [INFO] System is running in Active mode
[2025-12-14 15:04:58.526] [INFO] System is running in Active mode
[2025-12-14 15:05:57.795] [INFO] System is running in Active mode
[2025-12-14 15:05:58.539] [INFO] System is running in Active mode
[2025-12-14 15:06:57.816] [INFO] System is running in Active mode
[2025-12-14 15:06:58.547] [INFO] System is running in Active mode
[2025-12-14 15:07:57.834] [INFO] System is running in Active mode
[2025-12-14 15:07:58.563] [INFO] System is running in Active mode
[2025-12-14 15:08:57.848] [INFO] System is running in Active mode
[2025-12-14 15:08:58.573] [INFO] System is running in Active mode
[2025-12-14 15:09:57.873] [INFO] System is running in Active mode
[2025-12-14 15:09:58.581] [INFO] System is running in Active mode
[2025-12-14 15:10:57.892] [INFO] System is running in Active mode
[2025-12-14 15:10:58.591] [INFO] System is running in Active mode
[2025-12-14 15:11:57.909] [INFO] System is running in Active mode
[2025-12-14 15:11:58.607] [INFO] System is running in Active mode
[2025-12-14 15:12:57.934] [INFO] System is running in Active mode
[2025-12-14 15:12:58.617] [INFO] System is running in Active mode
[2025-12-14 15:13:57.953] [INFO] System is running in Active mode
[2025-12-14 15:13:58.625] [INFO] System is running in Active mode
[2025-12-14 15:14:57.971] [INFO] System is running in Active mode
[2025-12-14 15:14:58.640] [INFO] System is running in Active mode
[2025-12-14 15:15:57.985] [INFO] System is running in Active mode
[2025-12-14 15:15:58.653] [INFO] System is running in Active mode
[2025-12-14 15:16:58.008] [INFO] System is running in Active mode
[2025-12-14 15:16:58.666] [INFO] System is running in Active mode
[2025-12-14 15:17:58.028] [INFO] System is running in Active mode
[2025-12-14 15:17:58.680] [INFO] System is running in Active mode
[2025-12-14 15:18:58.048] [INFO] System is running in Active mode
[2025-12-14 15:18:58.700] [INFO] System is running in Active mode
[2025-12-14 15:19:58.075] [INFO] System is running in Active mode
[2025-12-14 15:19:58.714] [INFO] System is running in Active mode
[2025-12-14 15:20:58.098] [INFO] System is running in Active mode
[2025-12-14 15:20:58.731] [INFO] System is running in Active mode
[2025-12-14 15:21:58.117] [INFO] System is running in Active mode
[2025-12-14 15:21:58.738] [INFO] System is running in Active mode
[2025-12-14 15:22:58.137] [INFO] System is running in Active mode
[2025-12-14 15:22:58.748] [INFO] System is running in Active mode
[2025-12-14 15:23:58.150] [INFO] System is running in Active mode
[2025-12-14 15:23:58.759] [INFO] System is running in Active mode
[2025-12-14 15:24:58.182] [INFO] System is running in Active mode
[2025-12-14 15:24:58.773] [INFO] System is running in Active mode
[2025-12-14 15:25:58.205] [INFO] System is running in Active mode
[2025-12-14 15:25:58.794] [INFO] System is running in Active mode
[2025-12-14 15:26:58.248] [INFO] System is running in Active mode
[2025-12-14 15:26:58.809] [INFO] System is running in Active mode
[2025-12-14 15:27:58.267] [INFO] System is running in Active mode
[2025-12-14 15:27:58.822] [INFO] System is running in Active mode
[2025-12-14 15:28:58.293] [INFO] System is running in Active mode
[2025-12-14 15:28:58.835] [INFO] System is running in Active mode
[2025-12-14 15:29:58.328] [INFO] System is running in Active mode
[2025-12-14 15:29:58.853] [INFO] System is running in Active mode
[2025-12-14 15:30:58.342] [INFO] System is running in Active mode
[2025-12-14 15:30:58.866] [INFO] System is running in Active mode
[2025-12-14 15:31:58.368] [INFO] System is running in Active mode
[2025-12-14 15:31:58.879] [INFO] System is running in Active mode
[2025-12-14 15:32:58.391] [INFO] System is running in Active mode
[2025-12-14 15:32:58.887] [INFO] System is running in Active mode
[2025-12-14 15:33:58.405] [INFO] System is running in Active mode
[2025-12-14 15:33:58.901] [INFO] System is running in Active mode
[2025-12-14 15:34:58.434] [INFO] System is running in Active mode
[2025-12-14 15:34:58.914] [INFO] System is running in Active mode
[2025-12-14 15:35:58.449] [INFO] System is running in Active mode
[2025-12-14 15:35:58.924] [INFO] System is running in Active mode
[2025-12-14 15:36:58.471] [INFO] System is running in Active mode
[2025-12-14 15:36:58.943] [INFO] System is running in Active mode
[2025-12-14 15:37:58.494] [INFO] System is running in Active mode
[2025-12-14 15:37:58.946] [INFO] System is running in Active mode
[2025-12-14 15:38:58.519] [INFO] System is running in Active mode
[2025-12-14 15:38:58.952] [INFO] System is running in Active mode
[2025-12-14 15:39:58.533] [INFO] System is running in Active mode
[2025-12-14 15:39:58.971] [INFO] System is running in Active mode
[2025-12-14 15:40:58.559] [INFO] System is running in Active mode
[2025-12-14 15:40:58.978] [INFO] System is running in Active mode
[2025-12-14 15:41:58.572] [INFO] System is running in Active mode
[2025-12-14 15:41:58.991] [INFO] System is running in Active mode
[2025-12-14 15:42:58.590] [INFO] System is running in Active mode
[2025-12-14 15:42:59.008] [INFO] System is running in Active mode
[2025-12-14 15:43:58.621] [INFO] System is running in Active mode
[2025-12-14 15:43:59.026] [INFO] System is running in Active mode
[2025-12-14 15:44:58.632] [INFO] System is running in Active mode
[2025-12-14 15:44:59.038] [INFO] System is running in Active mode
[2025-12-14 15:45:58.650] [INFO] System is running in Active mode
[2025-12-14 15:45:59.053] [INFO] System is running in Active mode
[2025-12-14 15:46:58.673] [INFO] System is running in Active mode
[2025-12-14 15:46:59.074] [INFO] System is running in Active mode
[2025-12-14 15:47:58.687] [INFO] System is running in Active mode
[2025-12-14 15:47:59.092] [INFO] System is running in Active mode
[2025-12-14 15:48:58.704] [INFO] System is running in Active mode
[2025-12-14 15:48:59.119] [INFO] System is running in Active mode
[2025-12-14 15:49:58.726] [INFO] System is running in Active mode
[2025-12-14 15:49:59.179] [INFO] System is running in Active mode
[2025-12-14 15:50:58.742] [INFO] System is running in Active mode
[2025-12-14 15:50:59.190] [INFO] System is running in Active mode
[2025-12-14 15:51:58.766] [INFO] System is running in Active mode
[2025-12-14 15:51:59.199] [INFO] System is running in Active mode
[2025-12-14 15:52:58.800] [INFO] System is running in Active mode
[2025-12-14 15:52:59.206] [INFO] System is running in Active mode
[2025-12-14 15:53:58.803] [INFO] System is running in Active mode
[2025-12-14 15:53:59.225] [INFO] System is running in Active mode
[2025-12-14 15:54:58.819] [INFO] System is running in Active mode
[2025-12-14 15:54:59.235] [INFO] System is running in Active mode
[2025-12-14 15:55:58.847] [INFO] System is running in Active mode
[2025-12-14 15:55:59.249] [INFO] System is running in Active mode
[2025-12-14 15:56:58.866] [INFO] System is running in Active mode
[2025-12-14 15:56:59.266] [INFO] System is running in Active mode
[2025-12-14 15:57:58.893] [INFO] System is running in Active mode
[2025-12-14 15:57:59.273] [INFO] System is running in Active mode
[2025-12-14 15:58:58.913] [INFO] System is running in Active mode
[2025-12-14 15:58:59.280] [INFO] System is running in Active mode
[2025-12-14 15:59:58.935] [INFO] System is running in Active mode
[2025-12-14 15:59:59.285] [INFO] System is running in Active mode
[2025-12-14 16:00:58.956] [INFO] System is running in Active mode
[2025-12-14 16:00:59.293] [INFO] System is running in Active mode
[2025-12-14 16:01:58.981] [INFO] System is running in Active mode
[2025-12-14 16:01:59.312] [INFO] System is running in Active mode
[2025-12-14 16:02:59.003] [INFO] System is running in Active mode
[2025-12-14 16:02:59.333] [INFO] System is running in Active mode
[2025-12-14 16:03:59.026] [INFO] System is running in Active mode
[2025-12-14 16:03:59.341] [INFO] System is running in Active mode
[2025-12-14 16:04:59.045] [INFO] System is running in Active mode
[2025-12-14 16:04:59.347] [INFO] System is running in Active mode
[2025-12-14 16:05:59.064] [INFO] System is running in Active mode
[2025-12-14 16:05:59.357] [INFO] System is running in Active mode
[2025-12-14 16:06:59.087] [INFO] System is running in Active mode
[2025-12-14 16:06:59.370] [INFO] System is running in Active mode
[2025-12-14 16:07:59.118] [INFO] System is running in Active mode
[2025-12-14 16:07:59.387] [INFO] System is running in Active mode
[2025-12-14 16:08:59.156] [INFO] System is running in Active mode
[2025-12-14 16:08:59.398] [INFO] System is running in Active mode
[2025-12-14 16:09:59.176] [INFO] System is running in Active mode
[2025-12-14 16:09:59.412] [INFO] System is running in Active mode
[2025-12-14 16:10:59.199] [INFO] System is running in Active mode
[2025-12-14 16:10:59.432] [INFO] System is running in Active mode
[2025-12-14 16:11:59.221] [INFO] System is running in Active mode
[2025-12-14 16:11:59.440] [INFO] System is running in Active mode
[2025-12-14 16:12:59.244] [INFO] System is running in Active mode
[2025-12-14 16:12:59.445] [INFO] System is running in Active mode
[2025-12-14 16:13:59.269] [INFO] System is running in Active mode
[2025-12-14 16:13:59.468] [INFO] System is running in Active mode
[2025-12-14 16:14:59.292] [INFO] System is running in Active mode
[2025-12-14 16:14:59.487] [INFO] System is running in Active mode
[2025-12-14 16:15:59.314] [INFO] System is running in Active mode
[2025-12-14 16:15:59.496] [INFO] System is running in Active mode
[2025-12-14 16:16:59.336] [INFO] System is running in Active mode
[2025-12-14 16:16:59.504] [INFO] System is running in Active mode
[2025-12-14 16:17:59.362] [INFO] System is running in Active mode
[2025-12-14 16:17:59.515] [INFO] System is running in Active mode
[2025-12-14 16:18:59.378] [INFO] System is running in Active mode
[2025-12-14 16:18:59.531] [INFO] System is running in Active mode
[2025-12-14 16:19:59.393] [INFO] System is running in Active mode
[2025-12-14 16:19:59.539] [INFO] System is running in Active mode
[2025-12-14 16:20:59.420] [INFO] System is running in Active mode
[2025-12-14 16:20:59.556] [INFO] System is running in Active mode
[2025-12-14 16:21:59.448] [INFO] System is running in Active mode
[2025-12-14 16:21:59.563] [INFO] System is running in Active mode
[2025-12-14 16:22:59.470] [INFO] System is running in Active mode
[2025-12-14 16:22:59.573] [INFO] System is running in Active mode
[2025-12-14 16:23:59.475] [INFO] System is running in Active mode
[2025-12-14 16:23:59.590] [INFO] System is running in Active mode
[2025-12-14 16:24:59.499] [INFO] System is running in Active mode
[2025-12-14 16:24:59.599] [INFO] System is running in Active mode
[2025-12-14 16:25:59.526] [INFO] System is running in Active mode
[2025-12-14 16:25:59.610] [INFO] System is running in Active mode
[2025-12-14 16:26:59.576] [INFO] System is running in Active mode
[2025-12-14 16:26:59.627] [INFO] System is running in Active mode
[2025-12-14 16:27:59.600] [INFO] System is running in Active mode
[2025-12-14 16:27:59.633] [INFO] System is running in Active mode
[2025-12-14 16:28:59.638] [INFO] System is running in Active mode
[2025-12-14 16:28:59.654] [INFO] System is running in Active mode
[2025-12-14 16:29:59.646] [INFO] System is running in Active mode
[2025-12-14 16:38:00.497] [INFO] System is running in Active mode
[2025-12-14 16:38:59.799] [INFO] System is running in Active mode
[2025-12-14 16:39:00.530] [INFO] System is running in Active mode
[2025-12-14 16:39:59.805] [INFO] System is running in Active mode
[2025-12-14 16:40:00.541] [INFO] System is running in Active mode
[2025-12-14 16:40:59.825] [INFO] System is running in Active mode
[2025-12-14 16:41:00.559] [INFO] System is running in Active mode
[2025-12-14 16:41:59.834] [INFO] System is running in Active mode
[2025-12-14 16:42:00.573] [INFO] System is running in Active mode
[2025-12-14 16:42:59.858] [INFO] System is running in Active mode
[2025-12-14 16:43:00.597] [INFO] System is running in Active mode
[2025-12-14 16:43:59.877] [INFO] System is running in Active mode
[2025-12-14 16:44:00.606] [INFO] System is running in Active mode
[2025-12-14 16:44:59.883] [INFO] System is running in Active mode
[2025-12-14 16:45:00.618] [INFO] System is running in Active mode
[2025-12-14 16:45:59.890] [INFO] System is running in Active mode
[2025-12-14 16:46:00.627] [INFO] System is running in Active mode
[2025-12-14 16:46:59.901] [INFO] System is running in Active mode
[2025-12-14 16:47:00.645] [INFO] System is running in Active mode
[2025-12-14 16:47:59.921] [INFO] System is running in Active mode
[2025-12-14 16:48:00.670] [INFO] System is running in Active mode
[2025-12-14 16:48:59.930] [INFO] System is running in Active mode
[2025-12-14 16:49:00.679] [INFO] System is running in Active mode
[2025-12-14 16:49:59.946] [INFO] System is running in Active mode
[2025-12-14 16:50:00.692] [INFO] System is running in Active mode
[2025-12-14 16:50:59.955] [INFO] System is running in Active mode
[2025-12-14 16:51:00.717] [INFO] System is running in Active mode
[2025-12-14 16:51:59.962] [INFO] System is running in Active mode
[2025-12-14 16:52:00.738] [INFO] System is running in Active mode
[2025-12-14 16:52:59.972] [INFO] System is running in Active mode
[2025-12-14 16:53:00.751] [INFO] System is running in Active mode
[2025-12-14 16:53:59.987] [INFO] System is running in Active mode
[2025-12-14 16:54:00.771] [INFO] System is running in Active mode
[2025-12-14 16:54:59.992] [INFO] System is running in Active mode
[2025-12-14 16:55:00.783] [INFO] System is running in Active mode
[2025-12-14 16:55:59.998] [INFO] System is running in Active mode
[2025-12-14 16:56:00.799] [INFO] System is running in Active mode
[2025-12-14 16:57:00.016] [INFO] System is running in Active mode
[2025-12-14 16:57:00.808] [INFO] System is running in Active mode
[2025-12-14 16:58:00.030] [INFO] System is running in Active mode
[2025-12-14 16:58:00.826] [INFO] System is running in Active mode
[2025-12-14 16:59:00.052] [INFO] System is running in Active mode
[2025-12-14 16:59:00.839] [INFO] System is running in Active mode
[2025-12-14 17:00:00.072] [INFO] System is running in Active mode
[2025-12-14 17:00:00.853] [INFO] System is running in Active mode
[2025-12-14 17:01:00.086] [INFO] System is running in Active mode
[2025-12-14 17:01:00.863] [INFO] System is running in Active mode
[2025-12-14 17:02:00.101] [INFO] System is running in Active mode
[2025-12-14 17:02:00.883] [INFO] System is running in Active mode
[2025-12-14 17:03:00.118] [INFO] System is running in Active mode
[2025-12-14 17:03:00.907] [INFO] System is running in Active mode
[2025-12-14 17:04:00.132] [INFO] System is running in Active mode
[2025-12-14 17:04:00.913] [INFO] System is running in Active mode
[2025-12-14 17:05:00.143] [INFO] System is running in Active mode
[2025-12-14 17:05:00.930] [INFO] System is running in Active mode
[2025-12-14 17:06:00.159] [INFO] System is running in Active mode
[2025-12-14 17:06:00.941] [INFO] System is running in Active mode
[2025-12-14 17:07:00.164] [INFO] System is running in Active mode
[2025-12-14 17:07:00.949] [INFO] System is running in Active mode
[2025-12-14 17:08:00.187] [INFO] System is running in Active mode
[2025-12-14 17:08:00.958] [INFO] System is running in Active mode
[2025-12-14 17:09:00.198] [INFO] System is running in Active mode
[2025-12-14 17:09:00.976] [INFO] System is running in Active mode
[2025-12-14 17:10:00.223] [INFO] System is running in Active mode
[2025-12-14 17:10:01.004] [INFO] System is running in Active mode
[2025-12-14 17:11:00.262] [INFO] System is running in Active mode
[2025-12-14 17:11:01.026] [INFO] System is running in Active mode
[2025-12-14 17:12:00.277] [INFO] System is running in Active mode
[2025-12-14 17:12:01.045] [INFO] System is running in Active mode
[2025-12-14 17:13:00.291] [INFO] System is running in Active mode
[2025-12-14 17:13:01.060] [INFO] System is running in Active mode
[2025-12-14 17:14:00.301] [INFO] System is running in Active mode
[2025-12-14 17:14:01.106] [INFO] System is running in Active mode
[2025-12-14 17:15:00.311] [INFO] System is running in Active mode
[2025-12-14 17:15:01.115] [INFO] System is running in Active mode
[2025-12-14 17:16:00.321] [INFO] System is running in Active mode
[2025-12-14 17:16:01.149] [INFO] System is running in Active mode
[2025-12-14 17:17:00.335] [INFO] System is running in Active mode
[2025-12-14 17:17:01.171] [INFO] System is running in Active mode
[2025-12-14 17:18:00.353] [INFO] System is running in Active mode
[2025-12-14 17:18:01.219] [INFO] System is running in Active mode
[2025-12-14 17:19:00.368] [INFO] System is running in Active mode
[2025-12-14 17:19:01.231] [INFO] System is running in Active mode
[2025-12-14 17:20:00.402] [INFO] System is running in Active mode
[2025-12-14 17:20:01.395] [INFO] System is running in Active mode
[2025-12-14 17:21:00.540] [INFO] System is running in Active mode
[2025-12-14 17:21:01.562] [INFO] System is running in Active mode
[2025-12-14 17:22:00.554] [INFO] System is running in Active mode
[2025-12-14 17:22:01.588] [INFO] System is running in Active mode
[2025-12-14 17:23:00.559] [INFO] System is running in Active mode
[2025-12-14 17:23:01.611] [INFO] System is running in Active mode
[2025-12-14 17:24:00.568] [INFO] System is running in Active mode
[2025-12-14 17:24:01.633] [INFO] System is running in Active mode
[2025-12-14 17:25:00.575] [INFO] System is running in Active mode
[2025-12-14 17:25:01.657] [INFO] System is running in Active mode
[2025-12-14 17:26:00.593] [INFO] System is running in Active mode
[2025-12-14 17:26:01.673] [INFO] System is running in Active mode
[2025-12-14 17:27:00.613] [INFO] System is running in Active mode
[2025-12-14 17:27:01.681] [INFO] System is running in Active mode
[2025-12-14 17:28:00.621] [INFO] System is running in Active mode
[2025-12-14 17:28:01.688] [INFO] System is running in Active mode
[2025-12-14 17:29:00.631] [INFO] System is running in Active mode
[2025-12-14 17:29:01.707] [INFO] System is running in Active mode
[2025-12-14 17:30:00.648] [INFO] System is running in Active mode
[2025-12-14 17:30:01.731] [INFO] System is running in Active mode
[2025-12-14 17:31:00.672] [INFO] System is running in Active mode
[2025-12-14 17:31:01.738] [INFO] System is running in Active mode
[2025-12-14 17:32:00.695] [INFO] System is running in Active mode
[2025-12-14 17:32:01.745] [INFO] System is running in Active mode
[2025-12-14 17:33:00.705] [INFO] System is running in Active mode
[2025-12-14 17:33:01.766] [INFO] System is running in Active mode
[2025-12-14 17:34:00.720] [INFO] System is running in Active mode
[2025-12-14 17:34:01.778] [INFO] System is running in Active mode
[2025-12-14 17:35:00.742] [INFO] System is running in Active mode
[2025-12-14 17:35:01.818] [INFO] System is running in Active mode
[2025-12-14 17:36:00.787] [INFO] System is running in Active mode
[2025-12-14 17:36:01.867] [INFO] System is running in Active mode
[2025-12-14 17:37:00.803] [INFO] System is running in Active mode
[2025-12-14 17:37:01.890] [INFO] System is running in Active mode
[2025-12-14 17:38:00.818] [INFO] System is running in Active mode
[2025-12-14 17:38:01.911] [INFO] System is running in Active mode
[2025-12-14 17:39:00.838] [INFO] System is running in Active mode
[2025-12-14 17:39:01.924] [INFO] System is running in Active mode
[2025-12-14 17:40:00.865] [INFO] System is running in Active mode
[2025-12-14 17:40:01.930] [INFO] System is running in Active mode
[2025-12-14 17:41:00.881] [INFO] System is running in Active mode
[2025-12-14 17:41:01.945] [INFO] System is running in Active mode
[2025-12-14 17:42:00.902] [INFO] System is running in Active mode
[2025-12-14 17:42:01.955] [INFO] System is running in Active mode
[2025-12-14 17:43:00.911] [INFO] System is running in Active mode
[2025-12-14 17:43:01.975] [INFO] System is running in Active mode
[2025-12-14 17:44:00.935] [INFO] System is running in Active mode
[2025-12-14 17:44:01.987] [INFO] System is running in Active mode
[2025-12-14 17:45:00.943] [INFO] System is running in Active mode
[2025-12-14 17:45:01.997] [INFO] System is running in Active mode
[2025-12-14 17:46:00.960] [INFO] System is running in Active mode
[2025-12-14 17:46:02.031] [INFO] System is running in Active mode
[2025-12-14 17:47:00.984] [INFO] System is running in Active mode
[2025-12-14 17:47:02.058] [INFO] System is running in Active mode
[2025-12-14 17:48:01.006] [INFO] System is running in Active mode
[2025-12-14 17:48:02.092] [INFO] System is running in Active mode
[2025-12-14 17:49:01.016] [INFO] System is running in Active mode
[2025-12-14 17:49:02.119] [INFO] System is running in Active mode
[2025-12-14 17:50:01.035] [INFO] System is running in Active mode
[2025-12-14 17:50:02.141] [INFO] System is running in Active mode
[2025-12-14 17:51:01.058] [INFO] System is running in Active mode
[2025-12-14 17:51:02.158] [INFO] System is running in Active mode
[2025-12-14 17:52:01.063] [INFO] System is running in Active mode
[2025-12-14 17:52:02.176] [INFO] System is running in Active mode
[2025-12-14 17:53:01.085] [INFO] System is running in Active mode
[2025-12-14 17:53:02.186] [INFO] System is running in Active mode
[2025-12-14 17:54:01.091] [INFO] System is running in Active mode
[2025-12-14 17:54:02.193] [INFO] System is running in Active mode
[2025-12-14 17:55:01.102] [INFO] System is running in Active mode
[2025-12-14 17:55:02.211] [INFO] System is running in Active mode
[2025-12-14 17:56:01.123] [INFO] System is running in Active mode
[2025-12-14 17:56:02.231] [INFO] System is running in Active mode
[2025-12-14 17:57:01.130] [INFO] System is running in Active mode
[2025-12-14 17:57:02.242] [INFO] System is running in Active mode
[2025-12-14 17:58:01.143] [INFO] System is running in Active mode
[2025-12-14 17:58:02.249] [INFO] System is running in Active mode
[2025-12-14 17:59:01.150] [INFO] System is running in Active mode
[2025-12-14 17:59:02.264] [INFO] System is running in Active mode
[2025-12-14 18:00:01.161] [INFO] System is running in Active mode
[2025-12-14 18:00:02.280] [INFO] System is running in Active mode
[2025-12-14 18:01:01.168] [INFO] System is running in Active mode
[2025-12-14 18:01:02.300] [INFO] System is running in Active mode
[2025-12-14 18:02:01.173] [INFO] System is running in Active mode
[2025-12-14 18:02:02.319] [INFO] System is running in Active mode
[2025-12-14 18:03:01.180] [INFO] System is running in Active mode
[2025-12-14 18:03:02.340] [INFO] System is running in Active mode
[2025-12-14 18:04:01.200] [INFO] System is running in Active mode
[2025-12-14 18:04:02.354] [INFO] System is running in Active mode
[2025-12-14 18:05:01.220] [INFO] System is running in Active mode
[2025-12-14 18:05:02.373] [INFO] System is running in Active mode
[2025-12-14 18:06:01.235] [INFO] System is running in Active mode
[2025-12-14 18:06:02.396] [INFO] System is running in Active mode
[2025-12-14 18:07:01.252] [INFO] System is running in Active mode
[2025-12-14 18:07:02.403] [INFO] System is running in Active mode
[2025-12-14 18:08:01.259] [INFO] System is running in Active mode
[2025-12-14 18:08:02.419] [INFO] System is running in Active mode
[2025-12-14 18:09:01.264] [INFO] System is running in Active mode
[2025-12-14 18:09:02.441] [INFO] System is running in Active mode
[2025-12-14 18:10:01.270] [INFO] System is running in Active mode
[2025-12-14 18:10:02.463] [INFO] System is running in Active mode
[2025-12-14 18:11:01.275] [INFO] System is running in Active mode
[2025-12-14 18:11:02.491] [INFO] System is running in Active mode
[2025-12-14 18:12:01.286] [INFO] System is running in Active mode
[2025-12-14 18:12:02.504] [INFO] System is running in Active mode
[2025-12-14 18:13:01.296] [INFO] System is running in Active mode
[2025-12-14 18:13:02.521] [INFO] System is running in Active mode
[2025-12-14 18:14:01.312] [INFO] System is running in Active mode
[2025-12-14 18:14:02.538] [INFO] System is running in Active mode
[2025-12-14 18:15:01.330] [INFO] System is running in Active mode
[2025-12-14 18:15:02.548] [INFO] System is running in Active mode
[2025-12-14 18:16:01.340] [INFO] System is running in Active mode
[2025-12-14 18:16:02.555] [INFO] System is running in Active mode
[2025-12-14 18:17:01.357] [INFO] System is running in Active mode
[2025-12-14 18:17:02.573] [INFO] System is running in Active mode
[2025-12-14 18:18:01.383] [INFO] System is running in Active mode
[2025-12-14 18:18:02.599] [INFO] System is running in Active mode
[2025-12-14 18:19:01.400] [INFO] System is running in Active mode
[2025-12-14 18:19:02.606] [INFO] System is running in Active mode
[2025-12-14 18:20:01.433] [INFO] System is running in Active mode
[2025-12-14 18:20:02.626] [INFO] System is running in Active mode
[2025-12-14 18:21:01.469] [INFO] System is running in Active mode
[2025-12-14 18:21:02.634] [INFO] System is running in Active mode
[2025-12-14 18:22:01.475] [INFO] System is running in Active mode
[2025-12-14 18:22:02.646] [INFO] System is running in Active mode
[2025-12-14 18:23:01.479] [INFO] System is running in Active mode
[2025-12-14 18:23:02.662] [INFO] System is running in Active mode
[2025-12-14 18:24:01.488] [INFO] System is running in Active mode
[2025-12-14 18:24:02.671] [INFO] System is running in Active mode
[2025-12-14 18:25:01.508] [INFO] System is running in Active mode
[2025-12-14 18:25:02.685] [INFO] System is running in Active mode
[2025-12-14 18:26:01.533] [INFO] System is running in Active mode
[2025-12-14 18:26:02.697] [INFO] System is running in Active mode
[2025-12-14 18:27:01.556] [INFO] System is running in Active mode
[2025-12-14 18:27:02.721] [INFO] System is running in Active mode
[2025-12-14 18:28:01.564] [INFO] System is running in Active mode
[2025-12-14 18:28:02.746] [INFO] System is running in Active mode
[2025-12-14 18:29:01.583] [INFO] System is running in Active mode
[2025-12-14 18:29:02.781] [INFO] System is running in Active mode
[2025-12-14 18:30:01.666] [INFO] System is running in Active mode
[2025-12-14 18:30:02.813] [INFO] System is running in Active mode
[2025-12-14 18:31:01.706] [INFO] System is running in Active mode
[2025-12-14 18:31:02.824] [INFO] System is running in Active mode
[2025-12-14 18:32:01.715] [INFO] System is running in Active mode
[2025-12-14 18:32:02.834] [INFO] System is running in Active mode
[2025-12-14 18:33:01.723] [INFO] System is running in Active mode
[2025-12-14 18:33:02.856] [INFO] System is running in Active mode
[2025-12-14 18:34:01.731] [INFO] System is running in Active mode
[2025-12-14 18:34:02.862] [INFO] System is running in Active mode
[2025-12-14 18:35:01.752] [INFO] System is running in Active mode
[2025-12-14 18:35:02.884] [INFO] System is running in Active mode
[2025-12-14 18:36:01.775] [INFO] System is running in Active mode
[2025-12-14 18:36:02.901] [INFO] System is running in Active mode
[2025-12-14 18:37:01.788] [INFO] System is running in Active mode
[2025-12-14 18:37:02.920] [INFO] System is running in Active mode
[2025-12-14 18:38:01.801] [INFO] System is running in Active mode
[2025-12-14 18:38:02.936] [INFO] System is running in Active mode
[2025-12-14 18:39:01.807] [INFO] System is running in Active mode
[2025-12-14 18:39:02.957] [INFO] System is running in Active mode
[2025-12-14 18:40:01.829] [INFO] System is running in Active mode
[2025-12-14 18:40:02.977] [INFO] System is running in Active mode
[2025-12-14 18:41:01.835] [INFO] System is running in Active mode
[2025-12-14 18:41:02.987] [INFO] System is running in Active mode
[2025-12-14 18:42:01.844] [INFO] System is running in Active mode
[2025-12-14 18:42:03.000] [INFO] System is running in Active mode
[2025-12-14 18:43:01.859] [INFO] System is running in Active mode
[2025-12-14 18:43:03.007] [INFO] System is running in Active mode
[2025-12-14 18:44:01.868] [INFO] System is running in Active mode
[2025-12-14 18:44:03.022] [INFO] System is running in Active mode
[2025-12-14 18:45:01.875] [INFO] System is running in Active mode
[2025-12-14 18:45:03.043] [INFO] System is running in Active mode
[2025-12-14 18:46:01.893] [INFO] System is running in Active mode
[2025-12-14 18:46:03.068] [INFO] System is running in Active mode
[2025-12-14 18:47:01.917] [INFO] System is running in Active mode
[2025-12-14 18:47:03.088] [INFO] System is running in Active mode
[2025-12-14 18:48:01.926] [INFO] System is running in Active mode
[2025-12-14 18:48:03.110] [INFO] System is running in Active mode
[2025-12-14 18:49:01.935] [INFO] System is running in Active mode
[2025-12-14 18:49:03.120] [INFO] System is running in Active mode
[2025-12-14 18:50:01.958] [INFO] System is running in Active mode
[2025-12-14 18:50:03.139] [INFO] System is running in Active mode
[2025-12-14 18:51:01.963] [INFO] System is running in Active mode
[2025-12-14 18:51:03.147] [INFO] System is running in Active mode
[2025-12-14 18:52:01.967] [INFO] System is running in Active mode
[2025-12-14 18:52:03.168] [INFO] System is running in Active mode
[2025-12-14 18:53:02.015] [INFO] System is running in Active mode
[2025-12-14 18:53:03.181] [INFO] System is running in Active mode
[2025-12-14 18:54:02.050] [INFO] System is running in Active mode
[2025-12-14 18:54:03.323] [INFO] System is running in Active mode
[2025-12-14 18:55:02.072] [INFO] System is running in Active mode
[2025-12-14 18:55:03.339] [INFO] System is running in Active mode
[2025-12-14 18:56:02.097] [INFO] System is running in Active mode
[2025-12-14 18:56:03.364] [INFO] System is running in Active mode
[2025-12-14 18:57:02.124] [INFO] System is running in Active mode
[2025-12-14 18:57:03.380] [INFO] System is running in Active mode
[2025-12-14 18:58:02.141] [INFO] System is running in Active mode
[2025-12-14 18:58:03.406] [INFO] System is running in Active mode
[2025-12-14 18:59:02.147] [INFO] System is running in Active mode
[2025-12-14 18:59:03.429] [INFO] System is running in Active mode
[2025-12-14 19:00:02.171] [INFO] System is running in Active mode
[2025-12-14 19:00:03.452] [INFO] System is running in Active mode
[2025-12-14 19:01:02.207] [INFO] System is running in Active mode
[2025-12-14 19:01:03.480] [INFO] System is running in Active mode
[2025-12-14 19:02:02.221] [INFO] System is running in Active mode
[2025-12-14 19:02:03.507] [INFO] System is running in Active mode
[2025-12-14 19:03:02.250] [INFO] System is running in Active mode
[2025-12-14 19:03:03.584] [INFO] System is running in Active mode
[2025-12-14 19:04:02.261] [INFO] System is running in Active mode
[2025-12-14 19:04:03.604] [INFO] System is running in Active mode
[2025-12-14 19:05:02.284] [INFO] System is running in Active mode
[2025-12-14 19:05:03.614] [INFO] System is running in Active mode
[2025-12-14 19:06:02.305] [INFO] System is running in Active mode
[2025-12-14 19:06:03.621] [INFO] System is running in Active mode
[2025-12-14 19:07:02.326] [INFO] System is running in Active mode
[2025-12-14 19:07:03.649] [INFO] System is running in Active mode
[2025-12-14 19:08:02.347] [INFO] System is running in Active mode
[2025-12-14 19:08:03.682] [INFO] System is running in Active mode
[2025-12-14 19:09:02.368] [INFO] System is running in Active mode
[2025-12-14 19:09:03.704] [INFO] System is running in Active mode
[2025-12-14 19:10:02.378] [INFO] System is running in Active mode
[2025-12-14 19:10:03.720] [INFO] System is running in Active mode
[2025-12-14 19:11:02.403] [INFO] System is running in Active mode
[2025-12-14 19:11:03.741] [INFO] System is running in Active mode
[2025-12-14 19:12:02.424] [INFO] System is running in Active mode
[2025-12-14 19:12:03.790] [INFO] System is running in Active mode
[2025-12-14 19:13:02.434] [INFO] System is running in Active mode
[2025-12-14 19:13:03.815] [INFO] System is running in Active mode
[2025-12-14 19:14:02.454] [INFO] System is running in Active mode
[2025-12-14 19:14:03.840] [INFO] System is running in Active mode
[2025-12-14 19:15:02.471] [INFO] System is running in Active mode
[2025-12-14 19:15:03.873] [INFO] System is running in Active mode
[2025-12-14 19:16:02.485] [INFO] System is running in Active mode
[2025-12-14 19:16:03.911] [INFO] System is running in Active mode
[2025-12-14 19:17:02.510] [INFO] System is running in Active mode
[2025-12-14 19:17:03.940] [INFO] System is running in Active mode
[2025-12-14 19:18:02.526] [INFO] System is running in Active mode
[2025-12-14 19:18:03.954] [INFO] System is running in Active mode
[2025-12-14 19:19:02.547] [INFO] System is running in Active mode
[2025-12-14 19:19:03.978] [INFO] System is running in Active mode
[2025-12-14 19:20:02.578] [INFO] System is running in Active mode
[2025-12-14 19:20:03.989] [INFO] System is running in Active mode
[2025-12-14 19:21:02.592] [INFO] System is running in Active mode
[2025-12-14 19:21:04.010] [INFO] System is running in Active mode
[2025-12-14 19:22:02.612] [INFO] System is running in Active mode
[2025-12-14 19:22:04.037] [INFO] System is running in Active mode
[2025-12-14 19:23:02.637] [INFO] System is running in Active mode
[2025-12-14 19:23:04.072] [INFO] System is running in Active mode
[2025-12-14 19:24:02.654] [INFO] System is running in Active mode
[2025-12-14 19:24:04.108] [INFO] System is running in Active mode
[2025-12-14 19:25:02.668] [INFO] System is running in Active mode
[2025-12-14 19:25:04.117] [INFO] System is running in Active mode
[2025-12-14 19:26:02.690] [INFO] System is running in Active mode
[2025-12-14 19:26:04.141] [INFO] System is running in Active mode
[2025-12-14 19:27:02.700] [INFO] System is running in Active mode
[2025-12-14 19:27:04.176] [INFO] System is running in Active mode
[2025-12-14 19:28:02.725] [INFO] System is running in Active mode
[2025-12-14 19:28:04.198] [INFO] System is running in Active mode
[2025-12-14 19:29:02.740] [INFO] System is running in Active mode
[2025-12-14 19:29:04.216] [INFO] System is running in Active mode
[2025-12-14 19:30:02.762] [INFO] System is running in Active mode
[2025-12-14 19:30:04.240] [INFO] System is running in Active mode
[2025-12-14 19:31:02.786] [INFO] System is running in Active mode
[2025-12-14 19:31:04.270] [INFO] System is running in Active mode
[2025-12-14 19:32:02.802] [INFO] System is running in Active mode
[2025-12-14 19:32:04.289] [INFO] System is running in Active mode
[2025-12-14 19:33:02.813] [INFO] System is running in Active mode
[2025-12-14 19:33:04.310] [INFO] System is running in Active mode
[2025-12-14 19:34:02.820] [INFO] System is running in Active mode
[2025-12-14 19:34:04.323] [INFO] System is running in Active mode
[2025-12-14 19:35:02.840] [INFO] System is running in Active mode
[2025-12-14 19:35:04.337] [INFO] System is running in Active mode
[2025-12-14 19:36:02.862] [INFO] System is running in Active mode
[2025-12-14 19:36:04.364] [INFO] System is running in Active mode
[2025-12-14 19:37:02.875] [INFO] System is running in Active mode
[2025-12-14 19:37:04.380] [INFO] System is running in Active mode
[2025-12-14 19:38:02.882] [INFO] System is running in Active mode
[2025-12-14 19:38:04.400] [INFO] System is running in Active mode
[2025-12-14 19:39:02.898] [INFO] System is running in Active mode
[2025-12-14 19:39:04.410] [INFO] System is running in Active mode
[2025-12-14 19:40:02.918] [INFO] System is running in Active mode
[2025-12-14 19:40:04.421] [INFO] System is running in Active mode
[2025-12-14 19:41:02.927] [INFO] System is running in Active mode
[2025-12-14 19:41:04.439] [INFO] System is running in Active mode
[2025-12-14 19:42:02.944] [INFO] System is running in Active mode
[2025-12-14 19:42:04.459] [INFO] System is running in Active mode
[2025-12-14 19:43:02.953] [INFO] System is running in Active mode
[2025-12-14 19:43:04.469] [INFO] System is running in Active mode
[2025-12-14 19:44:02.958] [INFO] System is running in Active mode
[2025-12-14 19:44:04.475] [INFO] System is running in Active mode
[2025-12-14 19:45:02.971] [INFO] System is running in Active mode
[2025-12-14 19:45:04.488] [INFO] System is running in Active mode
[2025-12-14 19:46:02.991] [INFO] System is running in Active mode
[2025-12-14 19:46:04.520] [INFO] System is running in Active mode
[2025-12-14 19:47:03.009] [INFO] System is running in Active mode
[2025-12-14 19:47:04.530] [INFO] System is running in Active mode
[2025-12-14 19:48:03.017] [INFO] System is running in Active mode
[2025-12-14 19:48:04.550] [INFO] System is running in Active mode
[2025-12-14 19:49:03.041] [INFO] System is running in Active mode
[2025-12-14 19:49:04.562] [INFO] System is running in Active mode
[2025-12-14 19:50:03.064] [INFO] System is running in Active mode
[2025-12-14 19:50:04.577] [INFO] System is running in Active mode
[2025-12-14 19:51:03.079] [INFO] System is running in Active mode
[2025-12-14 19:51:04.599] [INFO] System is running in Active mode
[2025-12-14 19:52:03.088] [INFO] System is running in Active mode
[2025-12-14 19:52:04.616] [INFO] System is running in Active mode
[2025-12-14 19:53:03.096] [INFO] System is running in Active mode
[2025-12-14 19:53:04.645] [INFO] System is running in Active mode
[2025-12-14 19:54:03.103] [INFO] System is running in Active mode
[2025-12-14 19:54:04.662] [INFO] System is running in Active mode
[2025-12-14 19:55:03.126] [INFO] System is running in Active mode
[2025-12-14 19:55:04.674] [INFO] System is running in Active mode
[2025-12-14 19:56:03.145] [INFO] System is running in Active mode
[2025-12-14 19:56:04.694] [INFO] System is running in Active mode
[2025-12-14 19:57:03.153] [INFO] System is running in Active mode
[2025-12-14 19:57:04.702] [INFO] System is running in Active mode
[2025-12-14 19:58:03.207] [INFO] System is running in Active mode
[2025-12-14 19:58:04.721] [INFO] System is running in Active mode
[2025-12-14 19:59:03.215] [INFO] System is running in Active mode
[2025-12-14 19:59:04.746] [INFO] System is running in Active mode
[2025-12-14 20:00:03.226] [INFO] System is running in Active mode
[2025-12-14 20:00:04.777] [INFO] System is running in Active mode
[2025-12-14 20:01:03.241] [INFO] System is running in Active mode
[2025-12-14 20:01:04.814] [INFO] System is running in Active mode
[2025-12-14 20:02:03.256] [INFO] System is running in Active mode
[2025-12-14 20:02:04.835] [INFO] System is running in Active mode
[2025-12-14 20:03:03.680] [INFO] System is running in Active mode
[2025-12-14 20:03:05.008] [INFO] System is running in Active mode
[2025-12-14 20:04:04.498] [INFO] System is running in Active mode
[2025-12-14 20:04:05.275] [INFO] System is running in Active mode
[2025-12-14 20:05:04.517] [INFO] System is running in Active mode
[2025-12-14 20:05:05.298] [INFO] System is running in Active mode
[2025-12-14 20:06:04.522] [INFO] System is running in Active mode
[2025-12-14 20:06:05.308] [INFO] System is running in Active mode
[2025-12-14 20:07:04.530] [INFO] System is running in Active mode
[2025-12-14 20:07:05.327] [INFO] System is running in Active mode
[2025-12-14 20:08:04.537] [INFO] System is running in Active mode
[2025-12-14 20:08:05.350] [INFO] System is running in Active mode
[2025-12-14 20:09:04.544] [INFO] System is running in Active mode
[2025-12-14 20:09:05.359] [INFO] System is running in Active mode
[2025-12-14 20:10:04.558] [INFO] System is running in Active mode
[2025-12-14 20:10:05.384] [INFO] System is running in Active mode
[2025-12-14 20:11:04.574] [INFO] System is running in Active mode
[2025-12-14 20:11:05.440] [INFO] System is running in Active mode
[2025-12-14 20:12:04.610] [INFO] System is running in Active mode
[2025-12-14 20:12:05.538] [INFO] System is running in Active mode
[2025-12-14 20:13:04.633] [INFO] System is running in Active mode
[2025-12-14 20:13:05.561] [INFO] System is running in Active mode
[2025-12-14 20:14:04.641] [INFO] System is running in Active mode
[2025-12-14 20:14:05.569] [INFO] System is running in Active mode
[2025-12-14 20:15:04.663] [INFO] System is running in Active mode
[2025-12-14 20:15:05.594] [INFO] System is running in Active mode
[2025-12-14 20:16:04.685] [INFO] System is running in Active mode
[2025-12-14 20:16:05.614] [INFO] System is running in Active mode
[2025-12-14 20:17:04.701] [INFO] System is running in Active mode
[2025-12-14 20:17:05.627] [INFO] System is running in Active mode
[2025-12-14 20:18:04.723] [INFO] System is running in Active mode
[2025-12-14 20:18:05.647] [INFO] System is running in Active mode
[2025-12-14 20:19:04.736] [INFO] System is running in Active mode
[2025-12-14 20:19:05.685] [INFO] System is running in Active mode
[2025-12-14 20:20:04.741] [INFO] System is running in Active mode
[2025-12-14 20:20:05.725] [INFO] System is running in Active mode
[2025-12-14 20:21:04.764] [INFO] System is running in Active mode
[2025-12-14 20:21:05.746] [INFO] System is running in Active mode
[2025-12-14 20:22:04.787] [INFO] System is running in Active mode
[2025-12-14 20:22:05.765] [INFO] System is running in Active mode
[2025-12-14 20:23:04.808] [INFO] System is running in Active mode
[2025-12-14 20:23:05.792] [INFO] System is running in Active mode
[2025-12-14 20:24:04.832] [INFO] System is running in Active mode
[2025-12-14 20:24:05.812] [INFO] System is running in Active mode
[2025-12-14 20:25:04.850] [INFO] System is running in Active mode
[2025-12-14 20:25:05.836] [INFO] System is running in Active mode
[2025-12-14 20:26:04.860] [INFO] System is running in Active mode
[2025-12-14 20:26:05.856] [INFO] System is running in Active mode
[2025-12-14 20:27:04.881] [INFO] System is running in Active mode
[2025-12-14 20:27:05.868] [INFO] System is running in Active mode
[2025-12-14 20:28:04.888] [INFO] System is running in Active mode
[2025-12-14 20:28:05.885] [INFO] System is running in Active mode
[2025-12-14 20:29:04.909] [INFO] System is running in Active mode
[2025-12-14 20:29:05.908] [INFO] System is running in Active mode
[2025-12-14 20:30:04.933] [INFO] System is running in Active mode
[2025-12-14 20:30:05.935] [INFO] System is running in Active mode
[2025-12-14 20:31:04.963] [INFO] System is running in Active mode
[2025-12-14 20:31:05.968] [INFO] System is running in Active mode
[2025-12-14 20:32:04.988] [INFO] System is running in Active mode
[2025-12-14 20:32:05.977] [INFO] System is running in Active mode
[2025-12-14 20:33:05.019] [INFO] System is running in Active mode
[2025-12-14 20:33:05.999] [INFO] System is running in Active mode
[2025-12-14 20:34:05.031] [INFO] System is running in Active mode
[2025-12-14 20:34:06.006] [INFO] System is running in Active mode
[2025-12-14 20:35:05.050] [INFO] System is running in Active mode
[2025-12-14 20:35:06.026] [INFO] System is running in Active mode
[2025-12-14 20:36:05.074] [INFO] System is running in Active mode
[2025-12-14 20:36:06.039] [INFO] System is running in Active mode
[2025-12-14 20:37:05.103] [INFO] System is running in Active mode
[2025-12-14 20:37:06.058] [INFO] System is running in Active mode
[2025-12-14 20:38:05.111] [INFO] System is running in Active mode
[2025-12-14 20:38:06.078] [INFO] System is running in Active mode
[2025-12-14 20:39:05.133] [INFO] System is running in Active mode
[2025-12-14 20:39:06.103] [INFO] System is running in Active mode
[2025-12-14 20:40:05.141] [INFO] System is running in Active mode
[2025-12-14 20:40:06.120] [INFO] System is running in Active mode
[2025-12-14 20:41:05.148] [INFO] System is running in Active mode
[2025-12-14 20:41:06.141] [INFO] System is running in Active mode
[2025-12-14 20:42:05.175] [INFO] System is running in Active mode
[2025-12-14 20:42:06.161] [INFO] System is running in Active mode
[2025-12-14 20:43:05.193] [INFO] System is running in Active mode
[2025-12-14 20:43:06.189] [INFO] System is running in Active mode
[2025-12-14 20:44:05.211] [INFO] System is running in Active mode
[2025-12-14 20:44:06.216] [INFO] System is running in Active mode
[2025-12-14 20:45:05.238] [INFO] System is running in Active mode
[2025-12-14 20:45:06.239] [INFO] System is running in Active mode
[2025-12-14 20:46:05.259] [INFO] System is running in Active mode
[2025-12-14 20:46:06.249] [INFO] System is running in Active mode
[2025-12-14 20:47:05.284] [INFO] System is running in Active mode
[2025-12-14 20:47:06.286] [INFO] System is running in Active mode
[2025-12-14 20:48:05.302] [INFO] System is running in Active mode
[2025-12-14 20:48:06.301] [INFO] System is running in Active mode
[2025-12-14 20:49:05.318] [INFO] System is running in Active mode
[2025-12-14 20:49:06.319] [INFO] System is running in Active mode
[2025-12-14 20:50:05.334] [INFO] System is running in Active mode
[2025-12-14 20:50:06.330] [INFO] System is running in Active mode
[2025-12-14 20:51:05.341] [INFO] System is running in Active mode
[2025-12-14 20:51:06.350] [INFO] System is running in Active mode
[2025-12-14 20:52:05.361] [INFO] System is running in Active mode
[2025-12-14 20:52:06.364] [INFO] System is running in Active mode
[2025-12-14 20:53:05.383] [INFO] System is running in Active mode
[2025-12-14 20:53:06.383] [INFO] System is running in Active mode
[2025-12-14 20:54:05.390] [INFO] System is running in Active mode
[2025-12-14 20:54:06.402] [INFO] System is running in Active mode
[2025-12-14 20:55:05.411] [INFO] System is running in Active mode
[2025-12-14 20:55:06.412] [INFO] System is running in Active mode
[2025-12-14 20:56:05.426] [INFO] System is running in Active mode
[2025-12-14 20:56:06.436] [INFO] System is running in Active mode
[2025-12-14 20:57:05.469] [INFO] System is running in Active mode
[2025-12-14 20:57:06.454] [INFO] System is running in Active mode
[2025-12-14 20:58:05.506] [INFO] System is running in Active mode
[2025-12-14 20:58:06.475] [INFO] System is running in Active mode
[2025-12-14 20:59:05.523] [INFO] System is running in Active mode
[2025-12-14 20:59:06.486] [INFO] System is running in Active mode
[2025-12-14 21:00:05.547] [INFO] System is running in Active mode
[2025-12-14 21:00:06.494] [INFO] System is running in Active mode
[2025-12-14 21:01:05.564] [INFO] System is running in Active mode
[2025-12-14 21:01:06.514] [INFO] System is running in Active mode
[2025-12-14 21:02:05.583] [INFO] System is running in Active mode
[2025-12-14 21:02:06.535] [INFO] System is running in Active mode
[2025-12-14 21:03:05.594] [INFO] System is running in Active mode
[2025-12-14 21:03:06.566] [INFO] System is running in Active mode
[2025-12-14 21:04:05.614] [INFO] System is running in Active mode
[2025-12-14 21:04:06.595] [INFO] System is running in Active mode
[2025-12-14 21:05:05.624] [INFO] System is running in Active mode
[2025-12-14 21:05:06.605] [INFO] System is running in Active mode
[2025-12-14 21:06:05.642] [INFO] System is running in Active mode
[2025-12-14 21:06:06.627] [INFO] System is running in Active mode
[2025-12-14 21:07:05.665] [INFO] System is running in Active mode
[2025-12-14 21:07:06.635] [INFO] System is running in Active mode
[2025-12-14 21:08:05.687] [INFO] System is running in Active mode
[2025-12-14 21:08:06.640] [INFO] System is running in Active mode
[2025-12-14 21:09:05.708] [INFO] System is running in Active mode
[2025-12-14 21:09:06.659] [INFO] System is running in Active mode
[2025-12-14 21:10:05.728] [INFO] System is running in Active mode
[2025-12-14 21:10:06.681] [INFO] System is running in Active mode
[2025-12-14 21:11:05.739] [INFO] System is running in Active mode
[2025-12-14 21:11:06.700] [INFO] System is running in Active mode
[2025-12-14 21:12:05.748] [INFO] System is running in Active mode
[2025-12-14 21:12:06.711] [INFO] System is running in Active mode
[2025-12-14 21:13:05.770] [INFO] System is running in Active mode
[2025-12-14 21:13:06.722] [INFO] System is running in Active mode
[2025-12-14 21:14:05.777] [INFO] System is running in Active mode
[2025-12-14 21:14:06.744] [INFO] System is running in Active mode
[2025-12-14 21:15:05.794] [INFO] System is running in Active mode
[2025-12-14 21:15:06.765] [INFO] System is running in Active mode
[2025-12-14 21:16:05.802] [INFO] System is running in Active mode
[2025-12-14 21:16:06.788] [INFO] System is running in Active mode
[2025-12-14 21:17:05.811] [INFO] System is running in Active mode
[2025-12-14 21:17:06.810] [INFO] System is running in Active mode
[2025-12-14 21:18:05.827] [INFO] System is running in Active mode
[2025-12-14 21:18:06.832] [INFO] System is running in Active mode
[2025-12-14 21:19:05.840] [INFO] System is running in Active mode
[2025-12-14 21:19:06.853] [INFO] System is running in Active mode
[2025-12-14 21:20:05.859] [INFO] System is running in Active mode
[2025-12-14 21:20:06.871] [INFO] System is running in Active mode
[2025-12-14 21:21:05.879] [INFO] System is running in Active mode
[2025-12-14 21:21:06.884] [INFO] System is running in Active mode
[2025-12-14 21:22:05.886] [INFO] System is running in Active mode
[2025-12-14 21:22:06.907] [INFO] System is running in Active mode
[2025-12-14 21:23:05.893] [INFO] System is running in Active mode
[2025-12-14 21:23:06.928] [INFO] System is running in Active mode
[2025-12-14 21:24:05.901] [INFO] System is running in Active mode
[2025-12-14 21:24:06.955] [INFO] System is running in Active mode
[2025-12-14 21:25:05.924] [INFO] System is running in Active mode
[2025-12-14 21:25:06.973] [INFO] System is running in Active mode
[2025-12-14 21:26:05.930] [INFO] System is running in Active mode
[2025-12-14 21:26:06.996] [INFO] System is running in Active mode
[2025-12-14 21:27:05.937] [INFO] System is running in Active mode
[2025-12-14 21:27:07.022] [INFO] System is running in Active mode
[2025-12-14 21:28:05.958] [INFO] System is running in Active mode
[2025-12-14 21:28:07.041] [INFO] System is running in Active mode
[2025-12-14 21:29:05.975] [INFO] System is running in Active mode
[2025-12-14 21:29:07.061] [INFO] System is running in Active mode
[2025-12-14 21:30:05.982] [INFO] System is running in Active mode
[2025-12-14 21:30:07.082] [INFO] System is running in Active mode
[2025-12-14 21:31:05.987] [INFO] System is running in Active mode
[2025-12-14 21:31:07.095] [INFO] System is running in Active mode
[2025-12-14 21:32:05.999] [INFO] System is running in Active mode
[2025-12-14 21:32:07.112] [INFO] System is running in Active mode
[2025-12-14 21:33:06.018] [INFO] System is running in Active mode
[2025-12-14 21:33:07.122] [INFO] System is running in Active mode
[2025-12-14 21:34:06.044] [INFO] System is running in Active mode
[2025-12-14 21:34:07.129] [INFO] System is running in Active mode
[2025-12-14 21:35:06.066] [INFO] System is running in Active mode
[2025-12-14 21:35:07.152] [INFO] System is running in Active mode
[2025-12-14 21:36:06.084] [INFO] System is running in Active mode
[2025-12-14 21:36:07.178] [INFO] System is running in Active mode
[2025-12-14 21:37:06.091] [INFO] System is running in Active mode
[2025-12-14 21:37:07.191] [INFO] System is running in Active mode
[2025-12-14 21:38:06.098] [INFO] System is running in Active mode
[2025-12-14 21:38:07.214] [INFO] System is running in Active mode
[2025-12-14 21:39:06.107] [INFO] System is running in Active mode
[2025-12-14 21:39:07.225] [INFO] System is running in Active mode
[2025-12-14 21:40:06.128] [INFO] System is running in Active mode
[2025-12-14 21:40:07.244] [INFO] System is running in Active mode
[2025-12-14 21:41:06.152] [INFO] System is running in Active mode
[2025-12-14 21:41:07.252] [INFO] System is running in Active mode
[2025-12-14 21:42:06.159] [INFO] System is running in Active mode
[2025-12-14 21:42:07.272] [INFO] System is running in Active mode
[2025-12-14 21:43:06.179] [INFO] System is running in Active mode
[2025-12-14 21:43:07.292] [INFO] System is running in Active mode
[2025-12-14 21:44:06.186] [INFO] System is running in Active mode
[2025-12-14 21:44:07.299] [INFO] System is running in Active mode
[2025-12-14 21:45:06.210] [INFO] System is running in Active mode
[2025-12-14 21:45:07.311] [INFO] System is running in Active mode
[2025-12-14 21:46:06.232] [INFO] System is running in Active mode
[2025-12-14 21:46:07.332] [INFO] System is running in Active mode
[2025-12-14 21:47:06.251] [INFO] System is running in Active mode
[2025-12-14 21:47:07.354] [INFO] System is running in Active mode
[2025-12-14 21:48:06.262] [INFO] System is running in Active mode
[2025-12-14 21:48:07.376] [INFO] System is running in Active mode
[2025-12-14 21:49:06.279] [INFO] System is running in Active mode
[2025-12-14 21:49:07.395] [INFO] System is running in Active mode
[2025-12-14 21:50:06.301] [INFO] System is running in Active mode
[2025-12-14 21:50:07.417] [INFO] System is running in Active mode
[2025-12-14 21:51:06.322] [INFO] System is running in Active mode
[2025-12-14 21:51:07.437] [INFO] System is running in Active mode
[2025-12-14 21:52:06.331] [INFO] System is running in Active mode
[2025-12-14 21:52:07.448] [INFO] System is running in Active mode
[2025-12-14 21:53:06.338] [INFO] System is running in Active mode
[2025-12-14 21:53:07.455] [INFO] System is running in Active mode
[2025-12-14 21:54:06.346] [INFO] System is running in Active mode
[2025-12-14 21:54:07.460] [INFO] System is running in Active mode
[2025-12-14 21:55:06.366] [INFO] System is running in Active mode
[2025-12-14 21:55:07.466] [INFO] System is running in Active mode
[2025-12-14 21:56:06.386] [INFO] System is running in Active mode
[2025-12-14 21:56:07.486] [INFO] System is running in Active mode
[2025-12-14 21:57:06.407] [INFO] System is running in Active mode
[2025-12-14 21:57:07.495] [INFO] System is running in Active mode
[2025-12-14 21:58:06.418] [INFO] System is running in Active mode
[2025-12-14 21:58:07.502] [INFO] System is running in Active mode
[2025-12-14 21:59:06.439] [INFO] System is running in Active mode
[2025-12-14 21:59:07.524] [INFO] System is running in Active mode
[2025-12-14 22:00:06.461] [INFO] System is running in Active mode
[2025-12-14 22:00:07.545] [INFO] System is running in Active mode
[2025-12-14 22:01:06.470] [INFO] System is running in Active mode
[2025-12-14 22:01:07.551] [INFO] System is running in Active mode
[2025-12-14 22:02:06.491] [INFO] System is running in Active mode
[2025-12-14 22:02:07.558] [INFO] System is running in Active mode
[2025-12-14 22:03:06.512] [INFO] System is running in Active mode
[2025-12-14 22:03:07.577] [INFO] System is running in Active mode
[2025-12-14 22:04:06.534] [INFO] System is running in Active mode
[2025-12-14 22:04:07.585] [INFO] System is running in Active mode
[2025-12-14 22:05:06.557] [INFO] System is running in Active mode
[2025-12-14 22:05:07.591] [INFO] System is running in Active mode
[2025-12-14 22:06:06.580] [INFO] System is running in Active mode
[2025-12-14 22:06:07.599] [INFO] System is running in Active mode
[2025-12-14 22:07:06.587] [INFO] System is running in Active mode
[2025-12-14 22:07:07.604] [INFO] System is running in Active mode
[2025-12-14 22:08:06.591] [INFO] System is running in Active mode
[2025-12-14 22:08:07.611] [INFO] System is running in Active mode
[2025-12-14 22:09:06.597] [INFO] System is running in Active mode
[2025-12-14 22:09:07.631] [INFO] System is running in Active mode
[2025-12-14 22:10:06.601] [INFO] System is running in Active mode
[2025-12-14 22:10:07.639] [INFO] System is running in Active mode
[2025-12-14 22:11:06.610] [INFO] System is running in Active mode
[2025-12-14 22:11:07.656] [INFO] System is running in Active mode
[2025-12-14 22:12:06.617] [INFO] System is running in Active mode
[2025-12-14 22:12:07.666] [INFO] System is running in Active mode
[2025-12-14 22:13:06.622] [INFO] System is running in Active mode
[2025-12-14 22:13:07.684] [INFO] System is running in Active mode
[2025-12-14 22:14:06.642] [INFO] System is running in Active mode
[2025-12-14 22:14:07.688] [INFO] System is running in Active mode
[2025-12-14 22:15:06.651] [INFO] System is running in Active mode
[2025-12-14 22:15:07.698] [INFO] System is running in Active mode
[2025-12-14 22:16:06.657] [INFO] System is running in Active mode
[2025-12-14 22:16:07.721] [INFO] System is running in Active mode
[2025-12-14 22:17:06.664] [INFO] System is running in Active mode
[2025-12-14 22:17:07.745] [INFO] System is running in Active mode
[2025-12-14 22:18:06.684] [INFO] System is running in Active mode
[2025-12-14 22:18:07.751] [INFO] System is running in Active mode
[2025-12-14 22:19:06.704] [INFO] System is running in Active mode
[2025-12-14 22:19:07.760] [INFO] System is running in Active mode
[2025-12-14 22:20:06.714] [INFO] System is running in Active mode
[2025-12-14 22:20:07.780] [INFO] System is running in Active mode
[2025-12-14 22:21:06.721] [INFO] System is running in Active mode
[2025-12-14 22:21:07.800] [INFO] System is running in Active mode
[2025-12-14 22:22:06.726] [INFO] System is running in Active mode
[2025-12-14 22:22:07.807] [INFO] System is running in Active mode
[2025-12-14 22:23:06.733] [INFO] System is running in Active mode
[2025-12-14 22:23:07.827] [INFO] System is running in Active mode
[2025-12-14 22:24:06.750] [INFO] System is running in Active mode
[2025-12-14 22:24:07.839] [INFO] System is running in Active mode
[2025-12-14 22:25:06.758] [INFO] System is running in Active mode
[2025-12-14 22:25:07.861] [INFO] System is running in Active mode
[2025-12-14 22:26:06.766] [INFO] System is running in Active mode
[2025-12-14 22:26:07.883] [INFO] System is running in Active mode
[2025-12-14 22:27:06.771] [INFO] System is running in Active mode
[2025-12-14 22:27:07.904] [INFO] System is running in Active mode
[2025-12-14 22:28:06.780] [INFO] System is running in Active mode
[2025-12-14 22:28:07.910] [INFO] System is running in Active mode
[2025-12-14 22:29:06.796] [INFO] System is running in Active mode
[2025-12-14 22:29:07.934] [INFO] System is running in Active mode
[2025-12-14 22:30:06.806] [INFO] System is running in Active mode
[2025-12-14 22:30:07.940] [INFO] System is running in Active mode
[2025-12-14 22:31:06.827] [INFO] System is running in Active mode
[2025-12-14 22:31:07.950] [INFO] System is running in Active mode
[2025-12-14 22:32:06.846] [INFO] System is running in Active mode
[2025-12-14 22:32:07.960] [INFO] System is running in Active mode
[2025-12-14 22:33:06.858] [INFO] System is running in Active mode
[2025-12-14 22:33:07.990] [INFO] System is running in Active mode
[2025-12-14 22:34:06.869] [INFO] System is running in Active mode
[2025-12-14 22:34:08.018] [INFO] System is running in Active mode
[2025-12-14 22:35:06.886] [INFO] System is running in Active mode
[2025-12-14 22:35:08.035] [INFO] System is running in Active mode
[2025-12-14 22:36:06.914] [INFO] System is running in Active mode
[2025-12-14 22:36:08.048] [INFO] System is running in Active mode
[2025-12-14 22:37:06.935] [INFO] System is running in Active mode
[2025-12-14 22:37:08.068] [INFO] System is running in Active mode
[2025-12-14 22:38:06.949] [INFO] System is running in Active mode
[2025-12-14 22:38:08.084] [INFO] System is running in Active mode
[2025-12-14 22:39:06.969] [INFO] System is running in Active mode
[2025-12-14 22:39:08.100] [INFO] System is running in Active mode
[2025-12-14 22:40:06.976] [INFO] System is running in Active mode
[2025-12-14 22:40:08.107] [INFO] System is running in Active mode
[2025-12-14 22:41:06.996] [INFO] System is running in Active mode
[2025-12-14 22:41:08.126] [INFO] System is running in Active mode
[2025-12-14 22:42:07.016] [INFO] System is running in Active mode
[2025-12-14 22:42:08.132] [INFO] System is running in Active mode
[2025-12-14 22:43:07.035] [INFO] System is running in Active mode
[2025-12-14 22:43:08.151] [INFO] System is running in Active mode
[2025-12-14 22:44:07.047] [INFO] System is running in Active mode
[2025-12-14 22:44:08.173] [INFO] System is running in Active mode
[2025-12-14 22:45:07.051] [INFO] System is running in Active mode
[2025-12-14 22:45:08.179] [INFO] System is running in Active mode
[2025-12-14 22:46:07.063] [INFO] System is running in Active mode
[2025-12-14 22:46:08.199] [INFO] System is running in Active mode
[2025-12-14 22:47:07.076] [INFO] System is running in Active mode
[2025-12-14 22:47:08.223] [INFO] System is running in Active mode
[2025-12-14 22:48:07.094] [INFO] System is running in Active mode
[2025-12-14 22:48:08.230] [INFO] System is running in Active mode
[2025-12-14 22:49:07.103] [INFO] System is running in Active mode
[2025-12-14 22:49:08.268] [INFO] System is running in Active mode
[2025-12-14 22:50:07.122] [INFO] System is running in Active mode
[2025-12-14 22:50:08.275] [INFO] System is running in Active mode
[2025-12-14 22:51:07.141] [INFO] System is running in Active mode
[2025-12-14 22:51:08.280] [INFO] System is running in Active mode
[2025-12-14 22:52:07.152] [INFO] System is running in Active mode
[2025-12-14 22:52:08.300] [INFO] System is running in Active mode
[2025-12-14 22:53:07.159] [INFO] System is running in Active mode
[2025-12-14 22:53:08.307] [INFO] System is running in Active mode
[2025-12-14 22:54:07.165] [INFO] System is running in Active mode
[2025-12-14 22:54:08.347] [INFO] System is running in Active mode
[2025-12-14 22:55:07.187] [INFO] System is running in Active mode
[2025-12-14 22:55:08.355] [INFO] System is running in Active mode
[2025-12-14 22:56:07.254] [INFO] System is running in Active mode
[2025-12-14 22:56:08.362] [INFO] System is running in Active mode
[2025-12-14 22:57:07.383] [INFO] System is running in Active mode
[2025-12-14 22:57:08.402] [INFO] System is running in Active mode
[2025-12-14 22:58:07.412] [INFO] System is running in Active mode
[2025-12-14 22:58:08.422] [INFO] System is running in Active mode
[2025-12-14 22:59:07.451] [INFO] System is running in Active mode
[2025-12-14 22:59:08.521] [INFO] System is running in Active mode
[2025-12-14 23:00:07.584] [INFO] System is running in Active mode
[2025-12-14 23:00:08.575] [INFO] System is running in Active mode
[2025-12-14 23:01:07.617] [INFO] System is running in Active mode
[2025-12-14 23:01:08.607] [INFO] System is running in Active mode
[2025-12-14 23:02:07.636] [INFO] System is running in Active mode
[2025-12-14 23:02:08.649] [INFO] System is running in Active mode
[2025-12-14 23:03:07.687] [INFO] System is running in Active mode
[2025-12-14 23:03:08.683] [INFO] System is running in Active mode
[2025-12-14 23:04:07.712] [INFO] System is running in Active mode
[2025-12-14 23:04:08.727] [INFO] System is running in Active mode
[2025-12-14 23:05:07.763] [INFO] System is running in Active mode
[2025-12-14 23:05:08.777] [INFO] System is running in Active mode
[2025-12-14 23:06:08.255] [INFO] System is running in Active mode
[2025-12-14 23:06:08.856] [INFO] System is running in Active mode
[2025-12-14 23:07:08.291] [INFO] System is running in Active mode
[2025-12-14 23:07:08.925] [INFO] System is running in Active mode
[2025-12-14 23:08:08.331] [INFO] System is running in Active mode
[2025-12-14 23:08:08.961] [INFO] System is running in Active mode
[2025-12-14 23:09:08.369] [INFO] System is running in Active mode
[2025-12-14 23:09:08.983] [INFO] System is running in Active mode
[2025-12-14 23:10:08.419] [INFO] System is running in Active mode
[2025-12-14 23:10:09.036] [INFO] System is running in Active mode
[2025-12-14 23:11:08.445] [INFO] System is running in Active mode
[2025-12-14 23:11:09.061] [INFO] System is running in Active mode
[2025-12-14 23:12:08.460] [INFO] System is running in Active mode
[2025-12-14 23:12:09.097] [INFO] System is running in Active mode
[2025-12-14 23:13:08.515] [INFO] System is running in Active mode
[2025-12-14 23:13:09.152] [INFO] System is running in Active mode
[2025-12-14 23:14:08.533] [INFO] System is running in Active mode
[2025-12-14 23:14:09.188] [INFO] System is running in Active mode
[2025-12-14 23:15:08.559] [INFO] System is running in Active mode
[2025-12-14 23:15:09.228] [INFO] System is running in Active mode
[2025-12-14 23:16:08.600] [INFO] System is running in Active mode
[2025-12-14 23:16:09.322] [INFO] System is running in Active mode
[2025-12-14 23:17:08.619] [INFO] System is running in Active mode
[2025-12-14 23:17:09.333] [INFO] System is running in Active mode
[2025-12-14 23:18:08.639] [INFO] System is running in Active mode
[2025-12-14 23:18:09.346] [INFO] System is running in Active mode
[2025-12-14 23:19:08.649] [INFO] System is running in Active mode
[2025-12-14 23:19:09.359] [INFO] System is running in Active mode
[2025-12-14 23:20:08.658] [INFO] System is running in Active mode
[2025-12-14 23:20:09.374] [INFO] System is running in Active mode
[2025-12-14 23:21:08.682] [INFO] System is running in Active mode
[2025-12-14 23:21:09.392] [INFO] System is running in Active mode
[2025-12-14 23:22:08.709] [INFO] System is running in Active mode
[2025-12-14 23:22:09.405] [INFO] System is running in Active mode
[2025-12-14 23:23:08.726] [INFO] System is running in Active mode
[2025-12-14 23:23:09.417] [INFO] System is running in Active mode
[2025-12-14 23:24:08.740] [INFO] System is running in Active mode
[2025-12-14 23:24:09.439] [INFO] System is running in Active mode
[2025-12-14 23:25:08.751] [INFO] System is running in Active mode
[2025-12-14 23:25:09.456] [INFO] System is running in Active mode
[2025-12-14 23:26:08.790] [INFO] System is running in Active mode
[2025-12-14 23:26:09.484] [INFO] System is running in Active mode
[2025-12-14 23:27:08.875] [INFO] System is running in Active mode
[2025-12-14 23:27:09.586] [INFO] System is running in Active mode
[2025-12-14 23:28:08.894] [INFO] System is running in Active mode
[2025-12-14 23:28:09.601] [INFO] System is running in Active mode
[2025-12-14 23:29:08.929] [INFO] System is running in Active mode
[2025-12-14 23:29:09.618] [INFO] System is running in Active mode
[2025-12-14 23:30:08.941] [INFO] System is running in Active mode
[2025-12-14 23:30:09.629] [INFO] System is running in Active mode
[2025-12-14 23:31:08.965] [INFO] System is running in Active mode
[2025-12-14 23:31:09.650] [INFO] System is running in Active mode
[2025-12-14 23:32:08.986] [INFO] System is running in Active mode
[2025-12-14 23:32:09.669] [INFO] System is running in Active mode
[2025-12-14 23:33:08.995] [INFO] System is running in Active mode
[2025-12-14 23:33:09.691] [INFO] System is running in Active mode
[2025-12-14 23:34:09.017] [INFO] System is running in Active mode
[2025-12-14 23:34:09.701] [INFO] System is running in Active mode
[2025-12-14 23:35:09.022] [INFO] System is running in Active mode
[2025-12-14 23:35:09.721] [INFO] System is running in Active mode
[2025-12-14 23:36:09.043] [INFO] System is running in Active mode
[2025-12-14 23:36:09.740] [INFO] System is running in Active mode
[2025-12-14 23:37:09.052] [INFO] System is running in Active mode
[2025-12-14 23:37:09.748] [INFO] System is running in Active mode
[2025-12-14 23:38:09.073] [INFO] System is running in Active mode
[2025-12-14 23:38:09.757] [INFO] System is running in Active mode
[2025-12-14 23:39:09.095] [INFO] System is running in Active mode
[2025-12-14 23:39:09.774] [INFO] System is running in Active mode
[2025-12-14 23:40:09.102] [INFO] System is running in Active mode
[2025-12-14 23:40:09.786] [INFO] System is running in Active mode
[2025-12-14 23:41:09.109] [INFO] System is running in Active mode
[2025-12-14 23:41:09.790] [INFO] System is running in Active mode
[2025-12-14 23:42:09.116] [INFO] System is running in Active mode
[2025-12-14 23:42:09.811] [INFO] System is running in Active mode
[2025-12-14 23:43:09.121] [INFO] System is running in Active mode
[2025-12-14 23:43:09.817] [INFO] System is running in Active mode
[2025-12-14 23:44:09.141] [INFO] System is running in Active mode
[2025-12-14 23:44:09.840] [INFO] System is running in Active mode
[2025-12-14 23:45:09.150] [INFO] System is running in Active mode
[2025-12-14 23:45:09.846] [INFO] System is running in Active mode
[2025-12-14 23:46:09.168] [INFO] System is running in Active mode
[2025-12-14 23:46:09.853] [INFO] System is running in Active mode
[2025-12-14 23:47:09.176] [INFO] System is running in Active mode
[2025-12-14 23:47:09.864] [INFO] System is running in Active mode
[2025-12-14 23:48:09.183] [INFO] System is running in Active mode
[2025-12-14 23:48:09.883] [INFO] System is running in Active mode
[2025-12-14 23:49:09.190] [INFO] System is running in Active mode
[2025-12-14 23:49:09.890] [INFO] System is running in Active mode
[2025-12-14 23:50:09.196] [INFO] System is running in Active mode
[2025-12-14 23:50:09.911] [INFO] System is running in Active mode
[2025-12-14 23:51:09.216] [INFO] System is running in Active mode
[2025-12-14 23:51:09.918] [INFO] System is running in Active mode
[2025-12-14 23:52:09.224] [INFO] System is running in Active mode
[2025-12-14 23:52:09.924] [INFO] System is running in Active mode
[2025-12-14 23:53:09.241] [INFO] System is running in Active mode
[2025-12-14 23:53:09.930] [INFO] System is running in Active mode
[2025-12-14 23:54:09.248] [INFO] System is running in Active mode
[2025-12-14 23:54:09.939] [INFO] System is running in Active mode
[2025-12-14 23:55:09.259] [INFO] System is running in Active mode
[2025-12-14 23:55:09.958] [INFO] System is running in Active mode
[2025-12-14 23:56:09.278] [INFO] System is running in Active mode
[2025-12-14 23:56:09.978] [INFO] System is running in Active mode
[2025-12-14 23:57:09.287] [INFO] System is running in Active mode
[2025-12-14 23:57:09.985] [INFO] System is running in Active mode
[2025-12-14 23:58:09.305] [INFO] System is running in Active mode
[2025-12-14 23:58:10.009] [INFO] System is running in Active mode
[2025-12-14 23:59:09.314] [INFO] System is running in Active mode
[2025-12-14 23:59:10.031] [INFO] System is running in Active mode
[2025-12-15 00:00:09.322] [INFO] System is running in Active mode
[2025-12-15 00:00:10.049] [INFO] System is running in Active mode
[2025-12-15 00:01:09.328] [INFO] System is running in Active mode
[2025-12-15 00:01:10.060] [INFO] System is running in Active mode
[2025-12-15 00:02:09.350] [INFO] System is running in Active mode
[2025-12-15 00:02:10.067] [INFO] System is running in Active mode
[2025-12-15 00:03:09.368] [INFO] System is running in Active mode
[2025-12-15 00:03:10.088] [INFO] System is running in Active mode
[2025-12-15 00:04:09.375] [INFO] System is running in Active mode
[2025-12-15 00:04:10.109] [INFO] System is running in Active mode
[2025-12-15 00:05:09.381] [INFO] System is running in Active mode
[2025-12-15 00:05:10.117] [INFO] System is running in Active mode
[2025-12-15 00:06:09.390] [INFO] System is running in Active mode
[2025-12-15 00:06:10.137] [INFO] System is running in Active mode
[2025-12-15 00:07:09.409] [INFO] System is running in Active mode
[2025-12-15 00:07:10.146] [INFO] System is running in Active mode
[2025-12-15 00:08:09.434] [INFO] System is running in Active mode
[2025-12-15 00:08:10.167] [INFO] System is running in Active mode
[2025-12-15 00:09:09.455] [INFO] System is running in Active mode
[2025-12-15 00:09:10.186] [INFO] System is running in Active mode
[2025-12-15 00:10:09.465] [INFO] System is running in Active mode
[2025-12-15 00:10:10.194] [INFO] System is running in Active mode
[2025-12-15 00:11:09.470] [INFO] System is running in Active mode
[2025-12-15 00:11:10.201] [INFO] System is running in Active mode
[2025-12-15 00:12:09.492] [INFO] System is running in Active mode
[2025-12-15 00:12:10.207] [INFO] System is running in Active mode
[2025-12-15 00:13:09.496] [INFO] System is running in Active mode
[2025-12-15 00:13:10.229] [INFO] System is running in Active mode
[2025-12-15 00:14:09.505] [INFO] System is running in Active mode
[2025-12-15 00:14:10.252] [INFO] System is running in Active mode
[2025-12-15 00:15:09.525] [INFO] System is running in Active mode
[2025-12-15 00:15:10.260] [INFO] System is running in Active mode
[2025-12-15 00:16:09.531] [INFO] System is running in Active mode
[2025-12-15 00:16:10.280] [INFO] System is running in Active mode
[2025-12-15 00:17:09.537] [INFO] System is running in Active mode
[2025-12-15 00:17:10.285] [INFO] System is running in Active mode
[2025-12-15 00:18:09.544] [INFO] System is running in Active mode
[2025-12-15 00:18:10.293] [INFO] System is running in Active mode
[2025-12-15 00:19:09.552] [INFO] System is running in Active mode
[2025-12-15 00:19:10.305] [INFO] System is running in Active mode
[2025-12-15 00:20:09.572] [INFO] System is running in Active mode
[2025-12-15 00:20:10.321] [INFO] System is running in Active mode
[2025-12-15 00:21:09.588] [INFO] System is running in Active mode
[2025-12-15 00:21:10.329] [INFO] System is running in Active mode
[2025-12-15 00:22:09.599] [INFO] System is running in Active mode
[2025-12-15 00:22:10.351] [INFO] System is running in Active mode
[2025-12-15 00:23:09.605] [INFO] System is running in Active mode
[2025-12-15 00:23:10.368] [INFO] System is running in Active mode
[2025-12-15 00:24:09.627] [INFO] System is running in Active mode
[2025-12-15 00:24:10.379] [INFO] System is running in Active mode
[2025-12-15 00:25:09.649] [INFO] System is running in Active mode
[2025-12-15 00:25:10.385] [INFO] System is running in Active mode
[2025-12-15 00:26:09.658] [INFO] System is running in Active mode
[2025-12-15 00:26:10.405] [INFO] System is running in Active mode
[2025-12-15 00:27:09.664] [INFO] System is running in Active mode
[2025-12-15 00:27:10.430] [INFO] System is running in Active mode
[2025-12-15 00:28:09.671] [INFO] System is running in Active mode
[2025-12-15 00:28:10.454] [INFO] System is running in Active mode
[2025-12-15 00:29:09.676] [INFO] System is running in Active mode
[2025-12-15 00:29:10.474] [INFO] System is running in Active mode
[2025-12-15 00:30:09.682] [INFO] System is running in Active mode
[2025-12-15 00:30:10.481] [INFO] System is running in Active mode
[2025-12-15 00:31:09.689] [INFO] System is running in Active mode
[2025-12-15 00:31:10.486] [INFO] System is running in Active mode
[2025-12-15 00:32:09.709] [INFO] System is running in Active mode
[2025-12-15 00:32:10.492] [INFO] System is running in Active mode
[2025-12-15 00:33:09.727] [INFO] System is running in Active mode
[2025-12-15 00:33:10.498] [INFO] System is running in Active mode
[2025-12-15 00:34:09.736] [INFO] System is running in Active mode
[2025-12-15 00:34:10.522] [INFO] System is running in Active mode
[2025-12-15 00:35:09.757] [INFO] System is running in Active mode
[2025-12-15 00:35:10.544] [INFO] System is running in Active mode
[2025-12-15 00:36:09.765] [INFO] System is running in Active mode
[2025-12-15 00:36:10.565] [INFO] System is running in Active mode
[2025-12-15 00:37:09.783] [INFO] System is running in Active mode
[2025-12-15 00:37:10.572] [INFO] System is running in Active mode
[2025-12-15 00:38:09.794] [INFO] System is running in Active mode
[2025-12-15 00:38:10.590] [INFO] System is running in Active mode
[2025-12-15 00:39:09.819] [INFO] System is running in Active mode
[2025-12-15 00:39:10.602] [INFO] System is running in Active mode
[2025-12-15 00:40:09.837] [INFO] System is running in Active mode
[2025-12-15 00:40:10.622] [INFO] System is running in Active mode
[2025-12-15 00:41:09.846] [INFO] System is running in Active mode
[2025-12-15 00:41:10.643] [INFO] System is running in Active mode
[2025-12-15 00:42:09.853] [INFO] System is running in Active mode
[2025-12-15 00:42:10.652] [INFO] System is running in Active mode
[2025-12-15 00:43:09.874] [INFO] System is running in Active mode
[2025-12-15 00:43:10.659] [INFO] System is running in Active mode
[2025-12-15 00:44:09.881] [INFO] System is running in Active mode
[2025-12-15 00:44:10.680] [INFO] System is running in Active mode
[2025-12-15 00:45:09.901] [INFO] System is running in Active mode
[2025-12-15 00:45:10.686] [INFO] System is running in Active mode
[2025-12-15 00:46:09.909] [INFO] System is running in Active mode
[2025-12-15 00:46:10.713] [INFO] System is running in Active mode
[2025-12-15 00:47:09.913] [INFO] System is running in Active mode
[2025-12-15 00:47:10.732] [INFO] System is running in Active mode
[2025-12-15 00:48:09.921] [INFO] System is running in Active mode
[2025-12-15 00:48:10.743] [INFO] System is running in Active mode
[2025-12-15 00:49:09.928] [INFO] System is running in Active mode
[2025-12-15 00:49:10.760] [INFO] System is running in Active mode
[2025-12-15 00:50:09.947] [INFO] System is running in Active mode
[2025-12-15 00:50:10.767] [INFO] System is running in Active mode
[2025-12-15 00:51:09.957] [INFO] System is running in Active mode
[2025-12-15 00:51:10.787] [INFO] System is running in Active mode
[2025-12-15 00:52:09.976] [INFO] System is running in Active mode
[2025-12-15 00:52:10.795] [INFO] System is running in Active mode
[2025-12-15 00:53:09.995] [INFO] System is running in Active mode
[2025-12-15 00:53:10.801] [INFO] System is running in Active mode
[2025-12-15 00:54:10.006] [INFO] System is running in Active mode
[2025-12-15 00:54:10.807] [INFO] System is running in Active mode
[2025-12-15 00:55:10.027] [INFO] System is running in Active mode
[2025-12-15 00:55:10.827] [INFO] System is running in Active mode
[2025-12-15 00:56:10.031] [INFO] System is running in Active mode
[2025-12-15 00:56:10.840] [INFO] System is running in Active mode
[2025-12-15 00:57:10.036] [INFO] System is running in Active mode
[2025-12-15 00:57:10.857] [INFO] System is running in Active mode
[2025-12-15 00:58:10.043] [INFO] System is running in Active mode
[2025-12-15 00:58:10.864] [INFO] System is running in Active mode
[2025-12-15 00:59:10.051] [INFO] System is running in Active mode
[2025-12-15 00:59:10.870] [INFO] System is running in Active mode
[2025-12-15 01:00:10.058] [INFO] System is running in Active mode
[2025-12-15 01:00:10.890] [INFO] System is running in Active mode
[2025-12-15 01:01:10.064] [INFO] System is running in Active mode
[2025-12-15 01:01:10.899] [INFO] System is running in Active mode
[2025-12-15 01:02:10.071] [INFO] System is running in Active mode
[2025-12-15 01:02:10.904] [INFO] System is running in Active mode
[2025-12-15 01:03:10.074] [INFO] System is running in Active mode
[2025-12-15 01:03:10.925] [INFO] System is running in Active mode
[2025-12-15 01:04:10.082] [INFO] System is running in Active mode
[2025-12-15 01:04:10.934] [INFO] System is running in Active mode
[2025-12-15 01:05:10.088] [INFO] System is running in Active mode
[2025-12-15 01:05:10.951] [INFO] System is running in Active mode
[2025-12-15 01:06:10.095] [INFO] System is running in Active mode
[2025-12-15 01:06:10.961] [INFO] System is running in Active mode
[2025-12-15 01:07:10.101] [INFO] System is running in Active mode
[2025-12-15 01:07:10.967] [INFO] System is running in Active mode
[2025-12-15 01:08:10.107] [INFO] System is running in Active mode
[2025-12-15 01:08:10.987] [INFO] System is running in Active mode
[2025-12-15 01:09:10.113] [INFO] System is running in Active mode
[2025-12-15 01:09:10.993] [INFO] System is running in Active mode
[2025-12-15 01:10:10.132] [INFO] System is running in Active mode
[2025-12-15 01:10:10.996] [INFO] System is running in Active mode
[2025-12-15 01:11:10.140] [INFO] System is running in Active mode
[2025-12-15 01:11:11.002] [INFO] System is running in Active mode
[2025-12-15 01:12:10.160] [INFO] System is running in Active mode
[2025-12-15 01:12:11.013] [INFO] System is running in Active mode
[2025-12-15 01:13:10.167] [INFO] System is running in Active mode
[2025-12-15 01:13:11.033] [INFO] System is running in Active mode
[2025-12-15 01:14:10.177] [INFO] System is running in Active mode
[2025-12-15 01:14:11.042] [INFO] System is running in Active mode
[2025-12-15 01:15:10.196] [INFO] System is running in Active mode
[2025-12-15 01:15:11.048] [INFO] System is running in Active mode
[2025-12-15 01:16:10.203] [INFO] System is running in Active mode
[2025-12-15 01:16:11.067] [INFO] System is running in Active mode
[2025-12-15 01:17:10.209] [INFO] System is running in Active mode
[2025-12-15 01:17:11.076] [INFO] System is running in Active mode
[2025-12-15 01:18:10.214] [INFO] System is running in Active mode
[2025-12-15 01:18:11.083] [INFO] System is running in Active mode
[2025-12-15 01:19:10.221] [INFO] System is running in Active mode
[2025-12-15 01:19:11.102] [INFO] System is running in Active mode
[2025-12-15 01:20:10.237] [INFO] System is running in Active mode
[2025-12-15 01:20:11.109] [INFO] System is running in Active mode
[2025-12-15 01:21:10.247] [INFO] System is running in Active mode
[2025-12-15 01:21:11.113] [INFO] System is running in Active mode
[2025-12-15 01:22:10.252] [INFO] System is running in Active mode
[2025-12-15 01:22:11.121] [INFO] System is running in Active mode
[2025-12-15 01:23:10.260] [INFO] System is running in Active mode
[2025-12-15 01:23:11.138] [INFO] System is running in Active mode
[2025-12-15 01:24:10.280] [INFO] System is running in Active mode
[2025-12-15 01:24:11.155] [INFO] System is running in Active mode
[2025-12-15 01:25:10.288] [INFO] System is running in Active mode
[2025-12-15 01:25:11.173] [INFO] System is running in Active mode
[2025-12-15 01:26:10.297] [INFO] System is running in Active mode
[2025-12-15 01:26:11.193] [INFO] System is running in Active mode
[2025-12-15 01:27:10.317] [INFO] System is running in Active mode
[2025-12-15 01:27:11.201] [INFO] System is running in Active mode
[2025-12-15 01:28:10.336] [INFO] System is running in Active mode
[2025-12-15 01:28:11.217] [INFO] System is running in Active mode
[2025-12-15 01:29:10.342] [INFO] System is running in Active mode
[2025-12-15 01:29:11.232] [INFO] System is running in Active mode
[2025-12-15 01:30:10.354] [INFO] System is running in Active mode
[2025-12-15 01:30:11.266] [INFO] System is running in Active mode
[2025-12-15 01:31:10.372] [INFO] System is running in Active mode
[2025-12-15 01:31:11.273] [INFO] System is running in Active mode
[2025-12-15 01:32:10.380] [INFO] System is running in Active mode
[2025-12-15 01:32:11.281] [INFO] System is running in Active mode
[2025-12-15 01:33:10.386] [INFO] System is running in Active mode
[2025-12-15 01:33:11.296] [INFO] System is running in Active mode
[2025-12-15 01:34:10.395] [INFO] System is running in Active mode
[2025-12-15 01:34:11.309] [INFO] System is running in Active mode
[2025-12-15 01:35:10.416] [INFO] System is running in Active mode
[2025-12-15 01:35:11.331] [INFO] System is running in Active mode
[2025-12-15 01:36:10.422] [INFO] System is running in Active mode
[2025-12-15 01:36:11.349] [INFO] System is running in Active mode
[2025-12-15 01:37:10.428] [INFO] System is running in Active mode
[2025-12-15 01:37:11.358] [INFO] System is running in Active mode
[2025-12-15 01:38:10.447] [INFO] System is running in Active mode
[2025-12-15 01:38:11.383] [INFO] System is running in Active mode
[2025-12-15 01:39:10.454] [INFO] System is running in Active mode
[2025-12-15 01:39:11.388] [INFO] System is running in Active mode
[2025-12-15 01:40:10.473] [INFO] System is running in Active mode
[2025-12-15 01:40:11.399] [INFO] System is running in Active mode
[2025-12-15 01:41:10.481] [INFO] System is running in Active mode
[2025-12-15 01:41:11.418] [INFO] System is running in Active mode
[2025-12-15 01:42:10.490] [INFO] System is running in Active mode
[2025-12-15 01:42:11.438] [INFO] System is running in Active mode
[2025-12-15 01:43:10.496] [INFO] System is running in Active mode
[2025-12-15 01:43:11.446] [INFO] System is running in Active mode
[2025-12-15 01:44:10.501] [INFO] System is running in Active mode
[2025-12-15 01:44:11.467] [INFO] System is running in Active mode
[2025-12-15 01:45:10.507] [INFO] System is running in Active mode
[2025-12-15 01:45:11.473] [INFO] System is running in Active mode
[2025-12-15 01:46:10.529] [INFO] System is running in Active mode
[2025-12-15 01:46:11.480] [INFO] System is running in Active mode
[2025-12-15 01:47:10.553] [INFO] System is running in Active mode
[2025-12-15 01:47:11.501] [INFO] System is running in Active mode
[2025-12-15 01:48:10.560] [INFO] System is running in Active mode
[2025-12-15 01:48:11.509] [INFO] System is running in Active mode
[2025-12-15 01:49:10.564] [INFO] System is running in Active mode
[2025-12-15 01:49:11.530] [INFO] System is running in Active mode
[2025-12-15 01:50:10.583] [INFO] System is running in Active mode
[2025-12-15 01:50:11.538] [INFO] System is running in Active mode
[2025-12-15 01:51:10.592] [INFO] System is running in Active mode
[2025-12-15 01:51:11.556] [INFO] System is running in Active mode
[2025-12-15 01:52:10.598] [INFO] System is running in Active mode
[2025-12-15 01:52:11.568] [INFO] System is running in Active mode
[2025-12-15 01:53:10.605] [INFO] System is running in Active mode
[2025-12-15 01:53:11.588] [INFO] System is running in Active mode
[2025-12-15 01:54:10.624] [INFO] System is running in Active mode
[2025-12-15 01:54:11.595] [INFO] System is running in Active mode
[2025-12-15 01:55:10.633] [INFO] System is running in Active mode
[2025-12-15 01:55:11.601] [INFO] System is running in Active mode
[2025-12-15 01:56:10.641] [INFO] System is running in Active mode
[2025-12-15 01:56:11.619] [INFO] System is running in Active mode
[2025-12-15 01:57:10.662] [INFO] System is running in Active mode
[2025-12-15 01:57:11.639] [INFO] System is running in Active mode
[2025-12-15 01:58:10.668] [INFO] System is running in Active mode
[2025-12-15 01:58:11.649] [INFO] System is running in Active mode
[2025-12-15 01:59:10.688] [INFO] System is running in Active mode
[2025-12-15 01:59:11.655] [INFO] System is running in Active mode
[2025-12-15 02:00:10.698] [INFO] System is running in Active mode
[2025-12-15 02:00:11.661] [INFO] System is running in Active mode
[2025-12-15 02:01:10.720] [INFO] System is running in Active mode
[2025-12-15 02:01:11.668] [INFO] System is running in Active mode
[2025-12-15 02:02:10.740] [INFO] System is running in Active mode
[2025-12-15 02:02:11.692] [INFO] System is running in Active mode
[2025-12-15 02:03:10.748] [INFO] System is running in Active mode
[2025-12-15 02:03:11.715] [INFO] System is running in Active mode
[2025-12-15 02:04:10.753] [INFO] System is running in Active mode
[2025-12-15 02:04:11.735] [INFO] System is running in Active mode
[2025-12-15 02:05:10.761] [INFO] System is running in Active mode
[2025-12-15 02:05:11.756] [INFO] System is running in Active mode
[2025-12-15 02:06:10.781] [INFO] System is running in Active mode
[2025-12-15 02:06:11.763] [INFO] System is running in Active mode
[2025-12-15 02:07:10.800] [INFO] System is running in Active mode
[2025-12-15 02:07:11.785] [INFO] System is running in Active mode
[2025-12-15 02:08:10.811] [INFO] System is running in Active mode
[2025-12-15 02:08:11.792] [INFO] System is running in Active mode
[2025-12-15 02:09:10.830] [INFO] System is running in Active mode
[2025-12-15 02:09:11.814] [INFO] System is running in Active mode
[2025-12-15 02:10:10.837] [INFO] System is running in Active mode
[2025-12-15 02:10:11.836] [INFO] System is running in Active mode
[2025-12-15 02:11:10.843] [INFO] System is running in Active mode
[2025-12-15 02:11:11.843] [INFO] System is running in Active mode
[2025-12-15 02:12:10.851] [INFO] System is running in Active mode
[2025-12-15 02:12:11.851] [INFO] System is running in Active mode
[2025-12-15 02:13:10.868] [INFO] System is running in Active mode
[2025-12-15 02:13:11.871] [INFO] System is running in Active mode
[2025-12-15 02:14:10.877] [INFO] System is running in Active mode
[2025-12-15 02:14:11.880] [INFO] System is running in Active mode
[2025-12-15 02:15:10.884] [INFO] System is running in Active mode
[2025-12-15 02:15:11.900] [INFO] System is running in Active mode
[2025-12-15 02:16:10.891] [INFO] System is running in Active mode
[2025-12-15 02:16:11.907] [INFO] System is running in Active mode
[2025-12-15 02:17:10.900] [INFO] System is running in Active mode
[2025-12-15 02:17:11.928] [INFO] System is running in Active mode
[2025-12-15 02:18:10.918] [INFO] System is running in Active mode
[2025-12-15 02:18:11.950] [INFO] System is running in Active mode
[2025-12-15 02:19:10.924] [INFO] System is running in Active mode
[2025-12-15 02:19:11.969] [INFO] System is running in Active mode
[2025-12-15 02:20:10.931] [INFO] System is running in Active mode
[2025-12-15 02:20:11.981] [INFO] System is running in Active mode
[2025-12-15 02:21:10.937] [INFO] System is running in Active mode
[2025-12-15 02:21:12.002] [INFO] System is running in Active mode
[2025-12-15 02:22:10.943] [INFO] System is running in Active mode
[2025-12-15 02:22:12.009] [INFO] System is running in Active mode
[2025-12-15 02:23:10.950] [INFO] System is running in Active mode
[2025-12-15 02:23:12.016] [INFO] System is running in Active mode
[2025-12-15 02:24:10.955] [INFO] System is running in Active mode
[2025-12-15 02:24:12.038] [INFO] System is running in Active mode
[2025-12-15 02:25:10.976] [INFO] System is running in Active mode
[2025-12-15 02:25:12.061] [INFO] System is running in Active mode
[2025-12-15 02:26:10.984] [INFO] System is running in Active mode
[2025-12-15 02:26:12.081] [INFO] System is running in Active mode
[2025-12-15 02:27:11.002] [INFO] System is running in Active mode
[2025-12-15 02:27:12.106] [INFO] System is running in Active mode
[2025-12-15 02:28:11.024] [INFO] System is running in Active mode
[2025-12-15 02:28:12.125] [INFO] System is running in Active mode
[2025-12-15 02:29:11.035] [INFO] System is running in Active mode
[2025-12-15 02:29:12.134] [INFO] System is running in Active mode
[2025-12-15 02:30:11.041] [INFO] System is running in Active mode
[2025-12-15 02:30:12.153] [INFO] System is running in Active mode
[2025-12-15 02:31:11.049] [INFO] System is running in Active mode
[2025-12-15 02:31:12.163] [INFO] System is running in Active mode
[2025-12-15 02:32:11.068] [INFO] System is running in Active mode
[2025-12-15 02:32:12.185] [INFO] System is running in Active mode
[2025-12-15 02:33:11.074] [INFO] System is running in Active mode
[2025-12-15 02:33:12.210] [INFO] System is running in Active mode
[2025-12-15 02:34:11.095] [INFO] System is running in Active mode
[2025-12-15 02:34:12.246] [INFO] System is running in Active mode
[2025-12-15 02:35:11.101] [INFO] System is running in Active mode
[2025-12-15 02:35:12.276] [INFO] System is running in Active mode
[2025-12-15 02:36:11.108] [INFO] System is running in Active mode
[2025-12-15 02:36:12.305] [INFO] System is running in Active mode
[2025-12-15 02:37:11.116] [INFO] System is running in Active mode
[2025-12-15 02:37:12.316] [INFO] System is running in Active mode
[2025-12-15 02:38:11.121] [INFO] System is running in Active mode
[2025-12-15 02:38:12.334] [INFO] System is running in Active mode
[2025-12-15 02:39:11.141] [INFO] System is running in Active mode
[2025-12-15 02:39:12.355] [INFO] System is running in Active mode
[2025-12-15 02:40:11.163] [INFO] System is running in Active mode
[2025-12-15 02:40:12.367] [INFO] System is running in Active mode
[2025-12-15 02:41:11.172] [INFO] System is running in Active mode
[2025-12-15 02:41:12.374] [INFO] System is running in Active mode
[2025-12-15 02:42:11.190] [INFO] System is running in Active mode
[2025-12-15 02:42:12.390] [INFO] System is running in Active mode
[2025-12-15 02:43:11.199] [INFO] System is running in Active mode
[2025-12-15 02:43:12.399] [INFO] System is running in Active mode
[2025-12-15 02:44:11.206] [INFO] System is running in Active mode
[2025-12-15 02:44:12.406] [INFO] System is running in Active mode
[2025-12-15 02:45:11.213] [INFO] System is running in Active mode
[2025-12-15 02:45:12.413] [INFO] System is running in Active mode
[2025-12-15 02:46:11.233] [INFO] System is running in Active mode
[2025-12-15 02:46:12.432] [INFO] System is running in Active mode
[2025-12-15 02:47:11.241] [INFO] System is running in Active mode
[2025-12-15 02:47:12.452] [INFO] System is running in Active mode
[2025-12-15 02:48:11.246] [INFO] System is running in Active mode
[2025-12-15 02:48:12.464] [INFO] System is running in Active mode
[2025-12-15 02:49:11.252] [INFO] System is running in Active mode
[2025-12-15 02:49:12.470] [INFO] System is running in Active mode
[2025-12-15 02:50:11.261] [INFO] System is running in Active mode
[2025-12-15 02:50:12.489] [INFO] System is running in Active mode
[2025-12-15 02:51:11.280] [INFO] System is running in Active mode
[2025-12-15 02:51:12.496] [INFO] System is running in Active mode
[2025-12-15 02:52:11.301] [INFO] System is running in Active mode
[2025-12-15 02:52:12.505] [INFO] System is running in Active mode
[2025-12-15 02:53:11.310] [INFO] System is running in Active mode
[2025-12-15 02:53:12.523] [INFO] System is running in Active mode
[2025-12-15 02:54:11.330] [INFO] System is running in Active mode
[2025-12-15 02:54:12.546] [INFO] System is running in Active mode
[2025-12-15 02:55:11.351] [INFO] System is running in Active mode
[2025-12-15 02:55:12.555] [INFO] System is running in Active mode
[2025-12-15 02:56:11.357] [INFO] System is running in Active mode
[2025-12-15 02:56:12.572] [INFO] System is running in Active mode
[2025-12-15 02:57:11.366] [INFO] System is running in Active mode
[2025-12-15 02:57:12.581] [INFO] System is running in Active mode
[2025-12-15 02:58:11.387] [INFO] System is running in Active mode
[2025-12-15 02:58:12.590] [INFO] System is running in Active mode
[2025-12-15 02:59:11.393] [INFO] System is running in Active mode
[2025-12-15 02:59:12.609] [INFO] System is running in Active mode
[2025-12-15 03:00:11.403] [INFO] System is running in Active mode
[2025-12-15 03:00:12.617] [INFO] System is running in Active mode
[2025-12-15 03:01:11.422] [INFO] System is running in Active mode
[2025-12-15 03:01:12.636] [INFO] System is running in Active mode
[2025-12-15 03:02:11.430] [INFO] System is running in Active mode
[2025-12-15 03:02:12.656] [INFO] System is running in Active mode
[2025-12-15 03:03:11.449] [INFO] System is running in Active mode
[2025-12-15 03:03:12.667] [INFO] System is running in Active mode
[2025-12-15 03:04:11.456] [INFO] System is running in Active mode
[2025-12-15 03:04:12.688] [INFO] System is running in Active mode
[2025-12-15 03:05:11.461] [INFO] System is running in Active mode
[2025-12-15 03:05:12.696] [INFO] System is running in Active mode
[2025-12-15 03:06:11.471] [INFO] System is running in Active mode
[2025-12-15 03:06:12.704] [INFO] System is running in Active mode
[2025-12-15 03:07:11.493] [INFO] System is running in Active mode
[2025-12-15 03:07:12.722] [INFO] System is running in Active mode
[2025-12-15 03:08:11.498] [INFO] System is running in Active mode
[2025-12-15 03:08:12.731] [INFO] System is running in Active mode
[2025-12-15 03:09:11.505] [INFO] System is running in Active mode
[2025-12-15 03:09:12.749] [INFO] System is running in Active mode
[2025-12-15 03:10:11.527] [INFO] System is running in Active mode
[2025-12-15 03:10:12.756] [INFO] System is running in Active mode
[2025-12-15 03:11:11.547] [INFO] System is running in Active mode
[2025-12-15 03:11:12.768] [INFO] System is running in Active mode
[2025-12-15 03:12:11.566] [INFO] System is running in Active mode
[2025-12-15 03:12:12.788] [INFO] System is running in Active mode
[2025-12-15 03:13:11.577] [INFO] System is running in Active mode
[2025-12-15 03:13:12.810] [INFO] System is running in Active mode
[2025-12-15 03:14:11.584] [INFO] System is running in Active mode
[2025-12-15 03:14:12.817] [INFO] System is running in Active mode
[2025-12-15 03:15:11.602] [INFO] System is running in Active mode
[2025-12-15 03:15:12.835] [INFO] System is running in Active mode
[2025-12-15 03:16:11.611] [INFO] System is running in Active mode
[2025-12-15 03:16:12.841] [INFO] System is running in Active mode
[2025-12-15 03:17:11.618] [INFO] System is running in Active mode
[2025-12-15 03:17:12.853] [INFO] System is running in Active mode
[2025-12-15 03:18:11.624] [INFO] System is running in Active mode
[2025-12-15 03:18:12.873] [INFO] System is running in Active mode
[2025-12-15 03:19:11.633] [INFO] System is running in Active mode
[2025-12-15 03:19:12.878] [INFO] System is running in Active mode
[2025-12-15 03:20:11.648] [INFO] System is running in Active mode
[2025-12-15 03:20:12.901] [INFO] System is running in Active mode
[2025-12-15 03:21:11.659] [INFO] System is running in Active mode
[2025-12-15 03:21:12.921] [INFO] System is running in Active mode
[2025-12-15 03:22:11.665] [INFO] System is running in Active mode
[2025-12-15 03:22:12.945] [INFO] System is running in Active mode
[2025-12-15 03:23:11.672] [INFO] System is running in Active mode
[2025-12-15 03:23:12.952] [INFO] System is running in Active mode
[2025-12-15 03:24:11.691] [INFO] System is running in Active mode
[2025-12-15 03:24:12.961] [INFO] System is running in Active mode
[2025-12-15 03:25:11.699] [INFO] System is running in Active mode
[2025-12-15 03:25:12.982] [INFO] System is running in Active mode
[2025-12-15 03:26:11.705] [INFO] System is running in Active mode
[2025-12-15 03:26:13.003] [INFO] System is running in Active mode
[2025-12-15 03:27:11.709] [INFO] System is running in Active mode
[2025-12-15 03:27:13.026] [INFO] System is running in Active mode
[2025-12-15 03:28:11.717] [INFO] System is running in Active mode
[2025-12-15 03:28:13.045] [INFO] System is running in Active mode
[2025-12-15 03:29:11.725] [INFO] System is running in Active mode
[2025-12-15 03:29:13.052] [INFO] System is running in Active mode
[2025-12-15 03:30:11.745] [INFO] System is running in Active mode
[2025-12-15 03:30:13.060] [INFO] System is running in Active mode
[2025-12-15 03:31:11.751] [INFO] System is running in Active mode
[2025-12-15 03:31:13.082] [INFO] System is running in Active mode
[2025-12-15 03:32:11.771] [INFO] System is running in Active mode
[2025-12-15 03:32:13.092] [INFO] System is running in Active mode
[2025-12-15 03:33:11.778] [INFO] System is running in Active mode
[2025-12-15 03:33:13.112] [INFO] System is running in Active mode
[2025-12-15 03:34:11.786] [INFO] System is running in Active mode
[2025-12-15 03:34:13.133] [INFO] System is running in Active mode
[2025-12-15 03:35:11.791] [INFO] System is running in Active mode
[2025-12-15 03:35:13.158] [INFO] System is running in Active mode
[2025-12-15 03:36:11.799] [INFO] System is running in Active mode
[2025-12-15 03:36:13.177] [INFO] System is running in Active mode
[2025-12-15 03:37:11.819] [INFO] System is running in Active mode
[2025-12-15 03:37:13.196] [INFO] System is running in Active mode
[2025-12-15 03:38:11.827] [INFO] System is running in Active mode
[2025-12-15 03:38:13.209] [INFO] System is running in Active mode
[2025-12-15 03:39:11.846] [INFO] System is running in Active mode
[2025-12-15 03:39:13.231] [INFO] System is running in Active mode
[2025-12-15 03:40:11.865] [INFO] System is running in Active mode
[2025-12-15 03:40:13.251] [INFO] System is running in Active mode
[2025-12-15 03:41:11.874] [INFO] System is running in Active mode
[2025-12-15 03:41:13.260] [INFO] System is running in Active mode
[2025-12-15 03:42:11.896] [INFO] System is running in Active mode
[2025-12-15 03:42:13.282] [INFO] System is running in Active mode
[2025-12-15 03:43:11.921] [INFO] System is running in Active mode
[2025-12-15 03:43:13.303] [INFO] System is running in Active mode
[2025-12-15 03:44:11.944] [INFO] System is running in Active mode
[2025-12-15 03:44:13.311] [INFO] System is running in Active mode
[2025-12-15 03:45:11.963] [INFO] System is running in Active mode
[2025-12-15 03:45:13.333] [INFO] System is running in Active mode
[2025-12-15 03:46:11.988] [INFO] System is running in Active mode
[2025-12-15 03:46:13.351] [INFO] System is running in Active mode
[2025-12-15 03:47:12.012] [INFO] System is running in Active mode
[2025-12-15 03:47:13.362] [INFO] System is running in Active mode
[2025-12-15 03:48:12.030] [INFO] System is running in Active mode
[2025-12-15 03:48:13.372] [INFO] System is running in Active mode
[2025-12-15 03:49:12.055] [INFO] System is running in Active mode
[2025-12-15 03:49:13.388] [INFO] System is running in Active mode
[2025-12-15 03:50:12.077] [INFO] System is running in Active mode
[2025-12-15 03:50:13.396] [INFO] System is running in Active mode
[2025-12-15 03:51:12.103] [INFO] System is running in Active mode
[2025-12-15 03:51:13.400] [INFO] System is running in Active mode
[2025-12-15 03:52:12.125] [INFO] System is running in Active mode
[2025-12-15 03:52:13.408] [INFO] System is running in Active mode
[2025-12-15 03:53:12.144] [INFO] System is running in Active mode
[2025-12-15 03:53:13.430] [INFO] System is running in Active mode
[2025-12-15 03:54:12.169] [INFO] System is running in Active mode
[2025-12-15 03:54:13.451] [INFO] System is running in Active mode
[2025-12-15 03:55:12.191] [INFO] System is running in Active mode
[2025-12-15 03:55:13.459] [INFO] System is running in Active mode
[2025-12-15 03:56:12.217] [INFO] System is running in Active mode
[2025-12-15 03:56:13.478] [INFO] System is running in Active mode
[2025-12-15 03:57:12.251] [INFO] System is running in Active mode
[2025-12-15 03:57:13.488] [INFO] System is running in Active mode
[2025-12-15 03:58:12.264] [INFO] System is running in Active mode
[2025-12-15 03:58:13.509] [INFO] System is running in Active mode
[2025-12-15 03:59:12.284] [INFO] System is running in Active mode
[2025-12-15 03:59:13.527] [INFO] System is running in Active mode
[2025-12-15 04:00:12.307] [INFO] System is running in Active mode
[2025-12-15 04:00:13.537] [INFO] System is running in Active mode
[2025-12-15 04:01:12.330] [INFO] System is running in Active mode
[2025-12-15 04:01:13.544] [INFO] System is running in Active mode
[2025-12-15 04:02:12.352] [INFO] System is running in Active mode
[2025-12-15 04:02:13.549] [INFO] System is running in Active mode
[2025-12-15 04:03:12.373] [INFO] System is running in Active mode
[2025-12-15 04:03:13.559] [INFO] System is running in Active mode
[2025-12-15 04:04:12.396] [INFO] System is running in Active mode
[2025-12-15 04:04:13.580] [INFO] System is running in Active mode
[2025-12-15 04:05:12.418] [INFO] System is running in Active mode
[2025-12-15 04:05:13.601] [INFO] System is running in Active mode
[2025-12-15 04:06:12.437] [INFO] System is running in Active mode
[2025-12-15 04:06:13.621] [INFO] System is running in Active mode
[2025-12-15 04:07:12.464] [INFO] System is running in Active mode
[2025-12-15 04:07:13.632] [INFO] System is running in Active mode
[2025-12-15 04:08:12.487] [INFO] System is running in Active mode
[2025-12-15 04:08:13.647] [INFO] System is running in Active mode
[2025-12-15 04:09:12.509] [INFO] System is running in Active mode
[2025-12-15 04:09:13.654] [INFO] System is running in Active mode
[2025-12-15 04:10:12.530] [INFO] System is running in Active mode
[2025-12-15 04:10:13.661] [INFO] System is running in Active mode
[2025-12-15 04:11:12.551] [INFO] System is running in Active mode
[2025-12-15 04:11:13.667] [INFO] System is running in Active mode
[2025-12-15 04:12:12.576] [INFO] System is running in Active mode
[2025-12-15 04:12:13.674] [INFO] System is running in Active mode
[2025-12-15 04:13:12.599] [INFO] System is running in Active mode
[2025-12-15 04:13:13.685] [INFO] System is running in Active mode
[2025-12-15 04:14:12.622] [INFO] System is running in Active mode
[2025-12-15 04:14:13.699] [INFO] System is running in Active mode
[2025-12-15 04:15:12.640] [INFO] System is running in Active mode
[2025-12-15 04:15:13.709] [INFO] System is running in Active mode
[2025-12-15 04:16:12.668] [INFO] System is running in Active mode
[2025-12-15 04:16:13.728] [INFO] System is running in Active mode
[2025-12-15 04:17:12.689] [INFO] System is running in Active mode
[2025-12-15 04:17:13.737] [INFO] System is running in Active mode
[2025-12-15 04:18:12.712] [INFO] System is running in Active mode
[2025-12-15 04:18:13.753] [INFO] System is running in Active mode
[2025-12-15 04:19:12.734] [INFO] System is running in Active mode
[2025-12-15 04:19:13.768] [INFO] System is running in Active mode
[2025-12-15 04:20:12.755] [INFO] System is running in Active mode
[2025-12-15 04:20:13.774] [INFO] System is running in Active mode
[2025-12-15 04:21:12.780] [INFO] System is running in Active mode
[2025-12-15 04:21:13.776] [INFO] System is running in Active mode
[2025-12-15 04:22:12.799] [INFO] System is running in Active mode
[2025-12-15 04:22:13.800] [INFO] System is running in Active mode
[2025-12-15 04:23:12.808] [INFO] System is running in Active mode
[2025-12-15 04:23:13.822] [INFO] System is running in Active mode
[2025-12-15 04:24:12.836] [INFO] System is running in Active mode
[2025-12-15 04:24:13.848] [INFO] System is running in Active mode
[2025-12-15 04:25:12.900] [INFO] System is running in Active mode
[2025-12-15 04:25:13.854] [INFO] System is running in Active mode
[2025-12-15 04:26:12.931] [INFO] System is running in Active mode
[2025-12-15 04:26:13.875] [INFO] System is running in Active mode
[2025-12-15 04:27:12.966] [INFO] System is running in Active mode
[2025-12-15 04:27:13.880] [INFO] System is running in Active mode
[2025-12-15 04:28:13.003] [INFO] System is running in Active mode
[2025-12-15 04:28:13.902] [INFO] System is running in Active mode
[2025-12-15 04:29:13.025] [INFO] System is running in Active mode
[2025-12-15 04:29:13.925] [INFO] System is running in Active mode
[2025-12-15 04:30:13.044] [INFO] System is running in Active mode
[2025-12-15 04:30:13.947] [INFO] System is running in Active mode
[2025-12-15 04:31:13.066] [INFO] System is running in Active mode
[2025-12-15 04:31:13.969] [INFO] System is running in Active mode
[2025-12-15 04:32:13.076] [INFO] System is running in Active mode
[2025-12-15 04:32:13.979] [INFO] System is running in Active mode
[2025-12-15 04:33:13.096] [INFO] System is running in Active mode
[2025-12-15 04:33:13.988] [INFO] System is running in Active mode
[2025-12-15 04:34:13.119] [INFO] System is running in Active mode
[2025-12-15 04:34:14.003] [INFO] System is running in Active mode
[2025-12-15 04:35:13.144] [INFO] System is running in Active mode
[2025-12-15 04:35:14.011] [INFO] System is running in Active mode
[2025-12-15 04:36:13.167] [INFO] System is running in Active mode
[2025-12-15 04:36:14.018] [INFO] System is running in Active mode
[2025-12-15 04:37:13.188] [INFO] System is running in Active mode
[2025-12-15 04:37:14.038] [INFO] System is running in Active mode
[2025-12-15 04:38:13.213] [INFO] System is running in Active mode
[2025-12-15 04:38:14.046] [INFO] System is running in Active mode
[2025-12-15 04:39:13.234] [INFO] System is running in Active mode
[2025-12-15 04:39:14.068] [INFO] System is running in Active mode
[2025-12-15 04:40:13.257] [INFO] System is running in Active mode
[2025-12-15 04:40:14.088] [INFO] System is running in Active mode
[2025-12-15 04:41:13.280] [INFO] System is running in Active mode
[2025-12-15 04:41:14.094] [INFO] System is running in Active mode
[2025-12-15 04:42:13.300] [INFO] System is running in Active mode
[2025-12-15 04:42:14.101] [INFO] System is running in Active mode
[2025-12-15 04:43:13.326] [INFO] System is running in Active mode
[2025-12-15 04:43:14.109] [INFO] System is running in Active mode
[2025-12-15 04:44:13.347] [INFO] System is running in Active mode
[2025-12-15 04:44:14.116] [INFO] System is running in Active mode
[2025-12-15 04:45:13.365] [INFO] System is running in Active mode
[2025-12-15 04:45:14.137] [INFO] System is running in Active mode
[2025-12-15 04:46:13.379] [INFO] System is running in Active mode
[2025-12-15 04:46:14.146] [INFO] System is running in Active mode
[2025-12-15 04:47:13.396] [INFO] System is running in Active mode
[2025-12-15 04:47:14.167] [INFO] System is running in Active mode
[2025-12-15 04:48:13.422] [INFO] System is running in Active mode
[2025-12-15 04:48:14.186] [INFO] System is running in Active mode
[2025-12-15 04:49:13.443] [INFO] System is running in Active mode
[2025-12-15 04:49:14.194] [INFO] System is running in Active mode
[2025-12-15 04:50:13.467] [INFO] System is running in Active mode
[2025-12-15 04:50:14.201] [INFO] System is running in Active mode
[2025-12-15 04:51:13.490] [INFO] System is running in Active mode
[2025-12-15 04:51:14.221] [INFO] System is running in Active mode
[2025-12-15 04:52:13.512] [INFO] System is running in Active mode
[2025-12-15 04:52:14.243] [INFO] System is running in Active mode
[2025-12-15 04:53:13.536] [INFO] System is running in Active mode
[2025-12-15 04:53:14.264] [INFO] System is running in Active mode
[2025-12-15 04:54:13.559] [INFO] System is running in Active mode
[2025-12-15 04:54:14.273] [INFO] System is running in Active mode
[2025-12-15 04:55:13.578] [INFO] System is running in Active mode
[2025-12-15 04:55:14.295] [INFO] System is running in Active mode
[2025-12-15 04:56:13.601] [INFO] System is running in Active mode
[2025-12-15 04:56:14.302] [INFO] System is running in Active mode
[2025-12-15 04:57:13.625] [INFO] System is running in Active mode
[2025-12-15 04:57:14.326] [INFO] System is running in Active mode
[2025-12-15 04:58:13.647] [INFO] System is running in Active mode
[2025-12-15 04:58:14.348] [INFO] System is running in Active mode
[2025-12-15 04:59:13.654] [INFO] System is running in Active mode
[2025-12-15 04:59:14.354] [INFO] System is running in Active mode
[2025-12-15 05:00:13.675] [INFO] System is running in Active mode
[2025-12-15 05:00:14.374] [INFO] System is running in Active mode
[2025-12-15 05:01:13.697] [INFO] System is running in Active mode
[2025-12-15 05:01:14.383] [INFO] System is running in Active mode
[2025-12-15 05:02:13.722] [INFO] System is running in Active mode
[2025-12-15 05:02:14.402] [INFO] System is running in Active mode
[2025-12-15 05:03:13.728] [INFO] System is running in Active mode
[2025-12-15 05:03:14.409] [INFO] System is running in Active mode
[2025-12-15 05:04:13.748] [INFO] System is running in Active mode
[2025-12-15 05:04:14.433] [INFO] System is running in Active mode
[2025-12-15 05:05:13.771] [INFO] System is running in Active mode
[2025-12-15 05:05:14.440] [INFO] System is running in Active mode
[2025-12-15 05:06:13.795] [INFO] System is running in Active mode
[2025-12-15 05:06:14.459] [INFO] System is running in Active mode
[2025-12-15 05:07:13.819] [INFO] System is running in Active mode
[2025-12-15 05:07:14.480] [INFO] System is running in Active mode
[2025-12-15 05:08:13.842] [INFO] System is running in Active mode
[2025-12-15 05:08:14.490] [INFO] System is running in Active mode
[2025-12-15 05:09:13.858] [INFO] System is running in Active mode
[2025-12-15 05:09:14.499] [INFO] System is running in Active mode
[2025-12-15 05:10:13.868] [INFO] System is running in Active mode
[2025-12-15 05:10:14.514] [INFO] System is running in Active mode
[2025-12-15 05:11:13.890] [INFO] System is running in Active mode
[2025-12-15 05:11:14.525] [INFO] System is running in Active mode
[2025-12-15 05:12:13.914] [INFO] System is running in Active mode
[2025-12-15 05:12:14.545] [INFO] System is running in Active mode
[2025-12-15 05:13:13.938] [INFO] System is running in Active mode
[2025-12-15 05:13:14.551] [INFO] System is running in Active mode
[2025-12-15 05:14:13.959] [INFO] System is running in Active mode
[2025-12-15 05:14:14.571] [INFO] System is running in Active mode
[2025-12-15 05:15:13.964] [INFO] System is running in Active mode
[2025-12-15 05:15:14.580] [INFO] System is running in Active mode
[2025-12-15 05:16:13.987] [INFO] System is running in Active mode
[2025-12-15 05:16:14.602] [INFO] System is running in Active mode
[2025-12-15 05:17:14.009] [INFO] System is running in Active mode
[2025-12-15 05:17:14.611] [INFO] System is running in Active mode
[2025-12-15 05:18:14.031] [INFO] System is running in Active mode
[2025-12-15 05:18:14.635] [INFO] System is running in Active mode
[2025-12-15 05:19:14.052] [INFO] System is running in Active mode
[2025-12-15 05:19:14.654] [INFO] System is running in Active mode
[2025-12-15 05:20:14.061] [INFO] System is running in Active mode
[2025-12-15 05:20:14.661] [INFO] System is running in Active mode
[2025-12-15 05:21:14.081] [INFO] System is running in Active mode
[2025-12-15 05:21:14.668] [INFO] System is running in Active mode
[2025-12-15 05:22:14.102] [INFO] System is running in Active mode
[2025-12-15 05:22:14.688] [INFO] System is running in Active mode
[2025-12-15 05:23:14.130] [INFO] System is running in Active mode
[2025-12-15 05:23:14.696] [INFO] System is running in Active mode
[2025-12-15 05:24:14.149] [INFO] System is running in Active mode
[2025-12-15 05:24:14.701] [INFO] System is running in Active mode
[2025-12-15 05:25:14.173] [INFO] System is running in Active mode
[2025-12-15 05:25:14.708] [INFO] System is running in Active mode
[2025-12-15 05:26:14.195] [INFO] System is running in Active mode
[2025-12-15 05:26:14.728] [INFO] System is running in Active mode
[2025-12-15 05:27:14.220] [INFO] System is running in Active mode
[2025-12-15 05:27:14.750] [INFO] System is running in Active mode
[2025-12-15 05:28:14.241] [INFO] System is running in Active mode
[2025-12-15 05:28:14.758] [INFO] System is running in Active mode
[2025-12-15 05:29:14.265] [INFO] System is running in Active mode
[2025-12-15 05:29:14.764] [INFO] System is running in Active mode
[2025-12-15 05:30:14.288] [INFO] System is running in Active mode
[2025-12-15 05:30:14.787] [INFO] System is running in Active mode
[2025-12-15 05:31:14.307] [INFO] System is running in Active mode
[2025-12-15 05:31:14.794] [INFO] System is running in Active mode
[2025-12-15 05:32:14.330] [INFO] System is running in Active mode
[2025-12-15 05:32:14.815] [INFO] System is running in Active mode
[2025-12-15 05:33:14.353] [INFO] System is running in Active mode
[2025-12-15 05:33:14.819] [INFO] System is running in Active mode
[2025-12-15 05:34:14.378] [INFO] System is running in Active mode
[2025-12-15 05:34:14.827] [INFO] System is running in Active mode
[2025-12-15 05:35:14.396] [INFO] System is running in Active mode
[2025-12-15 05:35:14.846] [INFO] System is running in Active mode
[2025-12-15 05:36:14.423] [INFO] System is running in Active mode
[2025-12-15 05:36:14.853] [INFO] System is running in Active mode
[2025-12-15 05:37:14.443] [INFO] System is running in Active mode
[2025-12-15 05:37:14.862] [INFO] System is running in Active mode
[2025-12-15 05:38:14.468] [INFO] System is running in Active mode
[2025-12-15 05:38:14.869] [INFO] System is running in Active mode
[2025-12-15 05:39:14.490] [INFO] System is running in Active mode
[2025-12-15 05:39:14.884] [INFO] System is running in Active mode
[2025-12-15 05:40:14.512] [INFO] System is running in Active mode
[2025-12-15 05:40:14.893] [INFO] System is running in Active mode
[2025-12-15 05:41:14.530] [INFO] System is running in Active mode
[2025-12-15 05:41:14.903] [INFO] System is running in Active mode
[2025-12-15 05:42:14.557] [INFO] System is running in Active mode
[2025-12-15 05:42:14.926] [INFO] System is running in Active mode
[2025-12-15 05:43:14.578] [INFO] System is running in Active mode
[2025-12-15 05:43:14.945] [INFO] System is running in Active mode
[2025-12-15 05:44:14.601] [INFO] System is running in Active mode
[2025-12-15 05:44:14.964] [INFO] System is running in Active mode
[2025-12-15 05:45:14.626] [INFO] System is running in Active mode
[2025-12-15 05:45:14.976] [INFO] System is running in Active mode
[2025-12-15 05:46:14.646] [INFO] System is running in Active mode
[2025-12-15 05:46:14.980] [INFO] System is running in Active mode
[2025-12-15 05:47:14.671] [INFO] System is running in Active mode
[2025-12-15 05:47:14.988] [INFO] System is running in Active mode
[2025-12-15 05:48:14.690] [INFO] System is running in Active mode
[2025-12-15 05:48:14.994] [INFO] System is running in Active mode
[2025-12-15 05:49:14.716] [INFO] System is running in Active mode
[2025-12-15 05:49:15.000] [INFO] System is running in Active mode
[2025-12-15 05:50:14.736] [INFO] System is running in Active mode
[2025-12-15 05:50:15.022] [INFO] System is running in Active mode
[2025-12-15 05:51:14.760] [INFO] System is running in Active mode
[2025-12-15 05:51:15.028] [INFO] System is running in Active mode
[2025-12-15 05:52:14.817] [INFO] System is running in Active mode
[2025-12-15 05:52:15.049] [INFO] System is running in Active mode
[2025-12-15 05:53:14.835] [INFO] System is running in Active mode
[2025-12-15 05:53:15.072] [INFO] System is running in Active mode
[2025-12-15 05:54:14.861] [INFO] System is running in Active mode
[2025-12-15 05:54:15.093] [INFO] System is running in Active mode
[2025-12-15 05:55:14.884] [INFO] System is running in Active mode
[2025-12-15 05:55:15.101] [INFO] System is running in Active mode
[2025-12-15 05:56:14.906] [INFO] System is running in Active mode
[2025-12-15 05:56:15.122] [INFO] System is running in Active mode
[2025-12-15 05:57:14.930] [INFO] System is running in Active mode
[2025-12-15 05:57:15.131] [INFO] System is running in Active mode
[2025-12-15 05:58:14.949] [INFO] System is running in Active mode
[2025-12-15 05:58:15.152] [INFO] System is running in Active mode
[2025-12-15 05:59:14.973] [INFO] System is running in Active mode
[2025-12-15 05:59:15.172] [INFO] System is running in Active mode
[2025-12-15 06:00:14.996] [INFO] System is running in Active mode
[2025-12-15 06:00:15.179] [INFO] System is running in Active mode
[2025-12-15 06:01:15.020] [INFO] System is running in Active mode
[2025-12-15 06:01:15.188] [INFO] System is running in Active mode
[2025-12-15 06:02:15.038] [INFO] System is running in Active mode
[2025-12-15 06:02:15.194] [INFO] System is running in Active mode
[2025-12-15 06:03:15.062] [INFO] System is running in Active mode
[2025-12-15 06:03:15.200] [INFO] System is running in Active mode
[2025-12-15 06:04:15.088] [INFO] System is running in Active mode
[2025-12-15 06:04:15.206] [INFO] System is running in Active mode
[2025-12-15 06:05:15.111] [INFO] System is running in Active mode
[2025-12-15 06:05:15.228] [INFO] System is running in Active mode
[2025-12-15 06:06:15.128] [INFO] System is running in Active mode
[2025-12-15 06:06:15.249] [INFO] System is running in Active mode
[2025-12-15 06:07:15.154] [INFO] System is running in Active mode
[2025-12-15 06:07:15.257] [INFO] System is running in Active mode
[2025-12-15 06:08:15.181] [INFO] System is running in Active mode
[2025-12-15 06:08:15.278] [INFO] System is running in Active mode
[2025-12-15 06:09:15.199] [INFO] System is running in Active mode
[2025-12-15 06:09:15.297] [INFO] System is running in Active mode
[2025-12-15 06:10:15.222] [INFO] System is running in Active mode
[2025-12-15 06:10:15.302] [INFO] System is running in Active mode
[2025-12-15 06:11:15.241] [INFO] System is running in Active mode
[2025-12-15 06:11:15.314] [INFO] System is running in Active mode
[2025-12-15 06:12:15.268] [INFO] System is running in Active mode
[2025-12-15 06:12:15.338] [INFO] System is running in Active mode
[2025-12-15 06:13:15.288] [INFO] System is running in Active mode
[2025-12-15 06:13:15.357] [INFO] System is running in Active mode
[2025-12-15 06:14:15.311] [INFO] System is running in Active mode
[2025-12-15 06:14:15.376] [INFO] System is running in Active mode
[2025-12-15 06:15:15.336] [INFO] System is running in Active mode
[2025-12-15 06:15:15.386] [INFO] System is running in Active mode
[2025-12-15 06:16:15.357] [INFO] System is running in Active mode
[2025-12-15 06:16:15.392] [INFO] System is running in Active mode
[2025-12-15 06:17:15.382] [INFO] System is running in Active mode
[2025-12-15 06:17:15.414] [INFO] System is running in Active mode
[2025-12-15 06:18:15.422] [INFO] System is running in Active mode
[2025-12-15 06:18:15.439] [INFO] System is running in Active mode
[2025-12-15 06:19:15.444] [INFO] System is running in Active mode
[2025-12-15 06:19:15.460] [INFO] System is running in Active mode
[2025-12-15 06:20:15.464] [INFO] System is running in Active mode
[2025-12-15 06:21:15.488] [INFO] System is running in Active mode
[2025-12-15 06:21:15.536] [INFO] System is running in Active mode
[2025-12-15 06:22:15.510] [INFO] System is running in Active mode
[2025-12-15 06:22:15.545] [INFO] System is running in Active mode
[2025-12-15 06:23:15.533] [INFO] System is running in Active mode
[2025-12-15 06:23:15.567] [INFO] System is running in Active mode
[2025-12-15 06:24:15.556] [INFO] System is running in Active mode
[2025-12-15 06:24:15.586] [INFO] System is running in Active mode
[2025-12-15 06:25:15.577] [INFO] System is running in Active mode
[2025-12-15 06:25:15.593] [INFO] System is running in Active mode
[2025-12-15 06:26:15.599] [INFO] System is running in Active mode
[2025-12-15 06:27:15.621] [INFO] System is running in Active mode
[2025-12-15 06:28:15.643] [INFO] System is running in Active mode
[2025-12-15 06:29:15.668] [INFO] System is running in Active mode
[2025-12-15 06:30:15.691] [INFO] System is running in Active mode
[2025-12-15 06:30:15.791] [INFO] System is running in Active mode
[2025-12-15 06:31:15.713] [INFO] System is running in Active mode
[2025-12-15 06:31:15.811] [INFO] System is running in Active mode
[2025-12-15 06:32:15.735] [INFO] System is running in Active mode
[2025-12-15 06:32:15.820] [INFO] System is running in Active mode
[2025-12-15 06:33:15.757] [INFO] System is running in Active mode
[2025-12-15 06:33:15.826] [INFO] System is running in Active mode
[2025-12-15 06:34:15.782] [INFO] System is running in Active mode
[2025-12-15 06:34:15.846] [INFO] System is running in Active mode
[2025-12-15 06:35:15.802] [INFO] System is running in Active mode
[2025-12-15 06:35:15.855] [INFO] System is running in Active mode
[2025-12-15 06:36:15.825] [INFO] System is running in Active mode
[2025-12-15 06:36:15.872] [INFO] System is running in Active mode
[2025-12-15 06:37:15.846] [INFO] System is running in Active mode
[2025-12-15 06:37:15.894] [INFO] System is running in Active mode
[2025-12-15 06:38:15.856] [INFO] System is running in Active mode
[2025-12-15 06:38:15.905] [INFO] System is running in Active mode
[2025-12-15 06:39:15.876] [INFO] System is running in Active mode
[2025-12-15 06:39:15.927] [INFO] System is running in Active mode
[2025-12-15 06:40:15.901] [INFO] System is running in Active mode
[2025-12-15 06:40:15.934] [INFO] System is running in Active mode
[2025-12-15 06:41:15.918] [INFO] System is running in Active mode
[2025-12-15 06:41:15.950] [INFO] System is running in Active mode
[2025-12-15 06:42:15.942] [INFO] System is running in Active mode
[2025-12-15 06:42:15.957] [INFO] System is running in Active mode
[2025-12-15 06:43:15.964] [INFO] System is running in Active mode
[2025-12-15 06:43:15.980] [INFO] System is running in Active mode
[2025-12-15 06:44:15.990] [INFO] System is running in Active mode
[2025-12-15 06:45:15.999] [INFO] System is running in Active mode
[2025-12-15 06:45:16.014] [INFO] System is running in Active mode
[2025-12-15 06:46:16.034] [INFO] System is running in Active mode
[2025-12-15 06:47:16.057] [INFO] System is running in Active mode
[2025-12-15 06:48:16.081] [INFO] System is running in Active mode
[2025-12-15 06:49:16.096] [INFO] System is running in Active mode
[2025-12-15 06:50:16.110] [INFO] System is running in Active mode
[2025-12-15 06:50:16.142] [INFO] System is running in Active mode
[2025-12-15 06:51:16.130] [INFO] System is running in Active mode
[2025-12-15 06:51:16.164] [INFO] System is running in Active mode
[2025-12-15 06:52:16.156] [INFO] System is running in Active mode
[2025-12-15 06:52:16.186] [INFO] System is running in Active mode
[2025-12-15 06:53:16.177] [INFO] System is running in Active mode
[2025-12-15 06:53:16.196] [INFO] System is running in Active mode
[2025-12-15 06:54:16.200] [INFO] System is running in Active mode
[2025-12-15 06:54:16.216] [INFO] System is running in Active mode
[2025-12-15 06:55:16.223] [INFO] System is running in Active mode
[2025-12-15 06:56:16.244] [INFO] System is running in Active mode
[2025-12-15 06:56:16.328] [INFO] System is running in Active mode
[2025-12-15 06:57:16.267] [INFO] System is running in Active mode
[2025-12-15 06:57:16.349] [INFO] System is running in Active mode
[2025-12-15 06:58:16.286] [INFO] System is running in Active mode
[2025-12-15 06:58:16.358] [INFO] System is running in Active mode
[2025-12-15 06:59:16.311] [INFO] System is running in Active mode
[2025-12-15 06:59:16.378] [INFO] System is running in Active mode
[2025-12-15 07:00:16.335] [INFO] System is running in Active mode
[2025-12-15 07:00:16.400] [INFO] System is running in Active mode
[2025-12-15 07:01:16.341] [INFO] System is running in Active mode
[2025-12-15 07:01:16.408] [INFO] System is running in Active mode
[2025-12-15 07:02:16.363] [INFO] System is running in Active mode
[2025-12-15 07:02:16.413] [INFO] System is running in Active mode
[2025-12-15 07:03:16.384] [INFO] System is running in Active mode
[2025-12-15 07:03:16.435] [INFO] System is running in Active mode
[2025-12-15 07:04:16.405] [INFO] System is running in Active mode
[2025-12-15 07:04:16.442] [INFO] System is running in Active mode
[2025-12-15 07:05:16.431] [INFO] System is running in Active mode
[2025-12-15 07:05:16.449] [INFO] System is running in Active mode
[2025-12-15 07:06:16.451] [INFO] System is running in Active mode
[2025-12-15 07:06:16.467] [INFO] System is running in Active mode
[2025-12-15 07:07:16.470] [INFO] System is running in Active mode
[2025-12-15 07:08:16.496] [INFO] System is running in Active mode
[2025-12-15 07:08:16.510] [INFO] System is running in Active mode
[2025-12-15 07:09:16.522] [INFO] System is running in Active mode
[2025-12-15 07:10:16.540] [INFO] System is running in Active mode
[2025-12-15 07:11:16.567] [INFO] System is running in Active mode
[2025-12-15 07:11:16.583] [INFO] System is running in Active mode
[2025-12-15 07:12:16.586] [INFO] System is running in Active mode
[2025-12-15 07:13:16.613] [INFO] System is running in Active mode
[2025-12-15 07:14:16.633] [INFO] System is running in Active mode
[2025-12-15 07:15:16.653] [INFO] System is running in Active mode
[2025-12-15 07:16:16.681] [INFO] System is running in Active mode
[2025-12-15 07:17:16.701] [INFO] System is running in Active mode
[2025-12-15 07:18:16.722] [INFO] System is running in Active mode
[2025-12-15 07:18:16.739] [INFO] System is running in Active mode
[2025-12-15 07:19:16.747] [INFO] System is running in Active mode
[2025-12-15 07:20:16.771] [INFO] System is running in Active mode
[2025-12-15 07:20:16.938] [INFO] System is running in Active mode
[2025-12-15 07:21:16.807] [INFO] System is running in Active mode
[2025-12-15 07:21:16.953] [INFO] System is running in Active mode
[2025-12-15 07:22:16.831] [INFO] System is running in Active mode
[2025-12-15 07:22:16.966] [INFO] System is running in Active mode
[2025-12-15 07:23:16.838] [INFO] System is running in Active mode
[2025-12-15 07:23:16.971] [INFO] System is running in Active mode
[2025-12-15 07:24:16.858] [INFO] System is running in Active mode
[2025-12-15 07:24:16.991] [INFO] System is running in Active mode
[2025-12-15 07:25:16.878] [INFO] System is running in Active mode
[2025-12-15 07:25:17.000] [INFO] System is running in Active mode
[2025-12-15 07:26:16.906] [INFO] System is running in Active mode
[2025-12-15 07:26:17.005] [INFO] System is running in Active mode
[2025-12-15 07:27:16.926] [INFO] System is running in Active mode
[2025-12-15 07:27:17.029] [INFO] System is running in Active mode
[2025-12-15 07:28:16.946] [INFO] System is running in Active mode
[2025-12-15 07:28:17.048] [INFO] System is running in Active mode
[2025-12-15 07:29:16.972] [INFO] System is running in Active mode
[2025-12-15 07:29:17.055] [INFO] System is running in Active mode
[2025-12-15 07:30:16.989] [INFO] System is running in Active mode
[2025-12-15 07:30:17.063] [INFO] System is running in Active mode
[2025-12-15 07:31:17.018] [INFO] System is running in Active mode
[2025-12-15 07:31:17.068] [INFO] System is running in Active mode
[2025-12-15 07:32:17.039] [INFO] System is running in Active mode
[2025-12-15 07:32:17.088] [INFO] System is running in Active mode
[2025-12-15 07:33:17.064] [INFO] System is running in Active mode
[2025-12-15 07:33:17.095] [INFO] System is running in Active mode
[2025-12-15 07:34:17.085] [INFO] System is running in Active mode
[2025-12-15 07:34:17.102] [INFO] System is running in Active mode
[2025-12-15 07:35:17.108] [INFO] System is running in Active mode
[2025-12-15 07:35:17.122] [INFO] System is running in Active mode
[2025-12-15 07:36:17.116] [INFO] System is running in Active mode
[2025-12-15 07:36:17.132] [INFO] System is running in Active mode
[2025-12-15 07:37:17.151] [INFO] System is running in Active mode
[2025-12-15 07:38:17.159] [INFO] System is running in Active mode
[2025-12-15 07:38:17.174] [INFO] System is running in Active mode
[2025-12-15 07:39:17.176] [INFO] System is running in Active mode
[2025-12-15 07:40:17.206] [INFO] System is running in Active mode
[2025-12-15 07:40:17.222] [INFO] System is running in Active mode
[2025-12-15 07:41:17.225] [INFO] System is running in Active mode
[2025-12-15 07:41:17.240] [INFO] System is running in Active mode
[2025-12-15 07:42:17.248] [INFO] System is running in Active mode
[2025-12-15 07:43:17.272] [INFO] System is running in Active mode
[2025-12-15 07:44:17.297] [INFO] System is running in Active mode
[2025-12-15 07:45:17.318] [INFO] System is running in Active mode
[2025-12-15 07:46:17.342] [INFO] System is running in Active mode
[2025-12-15 07:47:17.362] [INFO] System is running in Active mode
[2025-12-15 07:48:17.384] [INFO] System is running in Active mode
[2025-12-15 07:48:17.401] [INFO] System is running in Active mode
[2025-12-15 07:49:17.405] [INFO] System is running in Active mode
[2025-12-15 07:49:17.421] [INFO] System is running in Active mode
[2025-12-15 07:50:17.427] [INFO] System is running in Active mode
[2025-12-15 07:50:17.428] [INFO] System is running in Active mode
[2025-12-15 07:51:17.435] [INFO] System is running in Active mode
[2025-12-15 07:52:17.458] [INFO] System is running in Active mode
[2025-12-15 07:53:17.480] [INFO] System is running in Active mode
[2025-12-15 07:54:17.502] [INFO] System is running in Active mode
[2025-12-15 07:55:17.511] [INFO] System is running in Active mode
[2025-12-15 07:55:17.577] [INFO] System is running in Active mode
[2025-12-15 07:56:17.531] [INFO] System is running in Active mode
[2025-12-15 07:56:17.597] [INFO] System is running in Active mode
[2025-12-15 07:57:17.554] [INFO] System is running in Active mode
[2025-12-15 07:57:17.618] [INFO] System is running in Active mode
[2025-12-15 07:58:17.577] [INFO] System is running in Active mode
[2025-12-15 07:58:17.637] [INFO] System is running in Active mode
[2025-12-15 07:59:17.600] [INFO] System is running in Active mode
[2025-12-15 07:59:17.649] [INFO] System is running in Active mode
[2025-12-15 08:00:17.624] [INFO] System is running in Active mode
[2025-12-15 08:00:17.670] [INFO] System is running in Active mode
[2025-12-15 08:01:17.645] [INFO] System is running in Active mode
[2025-12-15 08:01:17.678] [INFO] System is running in Active mode
[2025-12-15 08:02:17.668] [INFO] System is running in Active mode
[2025-12-15 08:02:17.685] [INFO] System is running in Active mode
[2025-12-15 08:03:17.688] [INFO] System is running in Active mode
[2025-12-15 08:03:17.704] [INFO] System is running in Active mode
[2025-12-15 08:04:17.713] [INFO] System is running in Active mode
[2025-12-15 08:05:17.736] [INFO] System is running in Active mode
[2025-12-15 08:06:17.758] [INFO] System is running in Active mode
[2025-12-15 08:07:17.780] [INFO] System is running in Active mode
[2025-12-15 08:07:17.795] [INFO] System is running in Active mode
[2025-12-15 08:08:17.802] [INFO] System is running in Active mode
[2025-12-15 08:08:17.816] [INFO] System is running in Active mode
[2025-12-15 08:09:17.827] [INFO] System is running in Active mode
[2025-12-15 08:10:17.850] [INFO] System is running in Active mode
[2025-12-15 08:10:17.867] [INFO] System is running in Active mode
[2025-12-15 08:11:17.873] [INFO] System is running in Active mode
[2025-12-15 08:11:17.889] [INFO] System is running in Active mode
[2025-12-15 08:12:17.893] [INFO] System is running in Active mode
[2025-12-15 08:13:17.914] [INFO] System is running in Active mode
[2025-12-15 08:14:17.928] [INFO] System is running in Active mode
[2025-12-15 08:14:17.943] [INFO] System is running in Active mode
[2025-12-15 08:15:17.945] [INFO] System is running in Active mode
[2025-12-15 08:15:17.961] [INFO] System is running in Active mode
[2025-12-15 08:16:17.967] [INFO] System is running in Active mode
[2025-12-15 08:16:17.981] [INFO] System is running in Active mode
[2025-12-15 08:17:17.987] [INFO] System is running in Active mode
[2025-12-15 08:17:18.004] [INFO] System is running in Active mode
[2025-12-15 08:18:18.009] [INFO] System is running in Active mode
[2025-12-15 08:18:18.025] [INFO] System is running in Active mode
[2025-12-15 08:19:18.038] [INFO] System is running in Active mode
[2025-12-15 08:20:18.053] [INFO] System is running in Active mode
[2025-12-15 08:21:18.063] [INFO] System is running in Active mode
[2025-12-15 08:21:18.079] [INFO] System is running in Active mode
[2025-12-15 08:22:18.081] [INFO] System is running in Active mode
[2025-12-15 08:22:18.097] [INFO] System is running in Active mode
[2025-12-15 08:23:18.109] [INFO] System is running in Active mode
[2025-12-15 08:23:18.125] [INFO] System is running in Active mode
[2025-12-15 08:24:18.128] [INFO] System is running in Active mode
[2025-12-15 08:24:18.144] [INFO] System is running in Active mode
[2025-12-15 08:25:18.152] [INFO] System is running in Active mode
[2025-12-15 08:26:18.175] [INFO] System is running in Active mode
[2025-12-15 08:27:18.198] [INFO] System is running in Active mode
[2025-12-15 08:28:18.206] [INFO] System is running in Active mode
[2025-12-15 08:28:18.221] [INFO] System is running in Active mode
[2025-12-15 08:29:18.228] [INFO] System is running in Active mode
[2025-12-15 08:30:18.249] [INFO] System is running in Active mode
[2025-12-15 08:31:18.273] [INFO] System is running in Active mode
[2025-12-15 08:31:18.287] [INFO] System is running in Active mode
[2025-12-15 08:32:18.294] [INFO] System is running in Active mode
[2025-12-15 08:33:18.317] [INFO] System is running in Active mode
[2025-12-15 08:34:18.337] [INFO] System is running in Active mode
[2025-12-15 08:35:18.356] [INFO] System is running in Active mode
[2025-12-15 08:36:18.370] [INFO] System is running in Active mode
[2025-12-15 08:36:18.386] [INFO] System is running in Active mode
[2025-12-15 08:37:18.390] [INFO] System is running in Active mode
[2025-12-15 08:37:18.408] [INFO] System is running in Active mode
[2025-12-15 08:38:18.414] [INFO] System is running in Active mode
[2025-12-15 08:39:18.422] [INFO] System is running in Active mode
[2025-12-15 08:39:18.437] [INFO] System is running in Active mode
[2025-12-15 08:40:18.440] [INFO] System is running in Active mode
[2025-12-15 08:40:18.455] [INFO] System is running in Active mode
[2025-12-15 08:41:18.464] [INFO] System is running in Active mode
[2025-12-15 08:42:18.487] [INFO] System is running in Active mode
[2025-12-15 08:43:18.509] [INFO] System is running in Active mode
[2025-12-15 08:44:18.518] [INFO] System is running in Active mode
[2025-12-15 08:44:18.533] [INFO] System is running in Active mode
[2025-12-15 08:45:18.539] [INFO] System is running in Active mode
[2025-12-15 08:46:18.561] [INFO] System is running in Active mode
[2025-12-15 08:47:18.577] [INFO] System is running in Active mode
[2025-12-15 08:48:18.587] [INFO] System is running in Active mode
[2025-12-15 08:48:18.604] [INFO] System is running in Active mode
[2025-12-15 08:49:18.611] [INFO] System is running in Active mode
[2025-12-15 08:50:18.633] [INFO] System is running in Active mode
[2025-12-15 08:50:18.650] [INFO] System is running in Active mode
[2025-12-15 08:51:18.643] [INFO] System is running in Active mode
[2025-12-15 08:51:18.657] [INFO] System is running in Active mode
[2025-12-15 08:52:18.661] [INFO] System is running in Active mode
[2025-12-15 08:53:18.680] [INFO] System is running in Active mode
[2025-12-15 08:53:18.696] [INFO] System is running in Active mode
[2025-12-15 08:54:18.703] [INFO] System is running in Active mode
[2025-12-15 08:55:18.730] [INFO] System is running in Active mode
[2025-12-15 08:56:18.751] [INFO] System is running in Active mode
[2025-12-15 08:57:18.775] [INFO] System is running in Active mode
[2025-12-15 08:57:18.790] [INFO] System is running in Active mode
[2025-12-15 08:58:18.797] [INFO] System is running in Active mode
[2025-12-15 08:59:18.823] [INFO] System is running in Active mode
[2025-12-15 09:00:18.828] [INFO] System is running in Active mode
[2025-12-15 09:00:18.844] [INFO] System is running in Active mode
[2025-12-15 09:01:18.846] [INFO] System is running in Active mode
[2025-12-15 09:01:18.861] [INFO] System is running in Active mode
[2025-12-15 09:02:18.872] [INFO] System is running in Active mode
[2025-12-15 09:03:18.896] [INFO] System is running in Active mode
[2025-12-15 09:03:18.912] [INFO] System is running in Active mode
[2025-12-15 09:04:18.917] [INFO] System is running in Active mode
[2025-12-15 09:04:18.932] [INFO] System is running in Active mode
[2025-12-15 09:05:18.938] [INFO] System is running in Active mode
[2025-12-15 09:05:18.957] [INFO] System is running in Active mode
[2025-12-15 09:06:18.962] [INFO] System is running in Active mode
[2025-12-15 09:07:18.985] [INFO] System is running in Active mode
[2025-12-15 09:07:19.049] [INFO] System is running in Active mode
[2025-12-15 09:08:19.009] [INFO] System is running in Active mode
[2025-12-15 09:08:19.059] [INFO] System is running in Active mode
[2025-12-15 09:09:19.046] [INFO] System is running in Active mode
[2025-12-15 09:09:19.098] [INFO] System is running in Active mode
[2025-12-15 09:10:19.066] [INFO] System is running in Active mode
[2025-12-15 09:10:19.111] [INFO] System is running in Active mode
[2025-12-15 09:11:19.098] [INFO] System is running in Active mode
[2025-12-15 09:11:19.130] [INFO] System is running in Active mode
[2025-12-15 09:12:19.111] [INFO] System is running in Active mode
[2025-12-15 09:12:19.141] [INFO] System is running in Active mode
[2025-12-15 09:13:19.143] [INFO] System is running in Active mode
[2025-12-15 09:13:19.155] [INFO] System is running in Active mode
[2025-12-15 09:14:19.160] [INFO] System is running in Active mode
[2025-12-15 09:14:19.176] [INFO] System is running in Active mode
[2025-12-15 09:15:19.195] [INFO] System is running in Active mode
[2025-12-15 09:16:19.222] [INFO] System is running in Active mode
[2025-12-15 09:17:19.242] [INFO] System is running in Active mode
[2025-12-15 09:17:19.262] [INFO] System is running in Active mode
[2025-12-15 09:18:19.267] [INFO] System is running in Active mode
[2025-12-15 09:18:19.283] [INFO] System is running in Active mode
[2025-12-15 09:19:19.286] [INFO] System is running in Active mode
[2025-12-15 09:19:19.306] [INFO] System is running in Active mode
[2025-12-15 09:20:19.312] [INFO] System is running in Active mode
[2025-12-15 09:21:19.337] [INFO] System is running in Active mode
[2025-12-15 09:21:19.366] [INFO] System is running in Active mode
[2025-12-15 09:22:19.357] [INFO] System is running in Active mode
[2025-12-15 09:22:19.375] [INFO] System is running in Active mode
[2025-12-15 09:23:19.372] [INFO] System is running in Active mode
[2025-12-15 09:23:19.394] [INFO] System is running in Active mode
[2025-12-15 09:24:19.386] [INFO] System is running in Active mode
[2025-12-15 09:24:19.401] [INFO] System is running in Active mode
[2025-12-15 09:25:19.406] [INFO] System is running in Active mode
[2025-12-15 09:26:19.430] [INFO] System is running in Active mode
[2025-12-15 09:26:19.446] [INFO] System is running in Active mode
[2025-12-15 09:27:19.436] [INFO] System is running in Active mode
[2025-12-15 09:27:19.451] [INFO] System is running in Active mode
[2025-12-15 09:28:19.442] [INFO] System is running in Active mode
[2025-12-15 09:28:19.475] [INFO] System is running in Active mode
[2025-12-15 09:29:19.464] [INFO] System is running in Active mode
[2025-12-15 09:29:19.480] [INFO] System is running in Active mode
[2025-12-15 09:30:19.488] [INFO] System is running in Active mode
[2025-12-15 09:30:19.505] [INFO] System is running in Active mode
[2025-12-15 09:31:19.510] [INFO] System is running in Active mode
[2025-12-15 09:32:19.518] [INFO] System is running in Active mode
[2025-12-15 09:32:19.532] [INFO] System is running in Active mode
[2025-12-15 09:33:19.533] [INFO] System is running in Active mode
[2025-12-15 09:33:19.549] [INFO] System is running in Active mode
[2025-12-15 09:34:19.557] [INFO] System is running in Active mode
[2025-12-15 09:35:19.567] [INFO] System is running in Active mode
[2025-12-15 09:35:19.584] [INFO] System is running in Active mode
[2025-12-15 09:36:19.590] [INFO] System is running in Active mode
[2025-12-15 09:37:19.614] [INFO] System is running in Active mode
[2025-12-15 09:39:19.674] [INFO] System is running in Active mode
[2025-12-15 09:40:19.690] [INFO] System is running in Active mode
[2025-12-15 09:41:19.706] [INFO] System is running in Active mode
[2025-12-15 09:41:19.737] [INFO] System is running in Active mode
[2025-12-15 09:42:19.721] [INFO] System is running in Active mode
[2025-12-15 09:42:19.752] [INFO] System is running in Active mode
[2025-12-15 09:43:19.736] [INFO] System is running in Active mode
[2025-12-15 09:43:19.768] [INFO] System is running in Active mode
[2025-12-15 09:44:19.758] [INFO] System is running in Active mode
[2025-12-15 09:44:19.788] [INFO] System is running in Active mode
[2025-12-15 09:45:19.764] [INFO] System is running in Active mode
[2025-12-15 09:45:19.793] [INFO] System is running in Active mode
[2025-12-15 09:46:19.774] [INFO] System is running in Active mode
[2025-12-15 09:46:19.805] [INFO] System is running in Active mode
[2025-12-15 09:47:19.792] [INFO] System is running in Active mode
[2025-12-15 09:47:19.824] [INFO] System is running in Active mode
[2025-12-15 09:48:19.813] [INFO] System is running in Active mode
[2025-12-15 09:48:19.841] [INFO] System is running in Active mode
[2025-12-15 09:49:19.831] [INFO] System is running in Active mode
[2025-12-15 09:49:19.861] [INFO] System is running in Active mode
[2025-12-15 09:50:19.841] [INFO] System is running in Active mode
[2025-12-15 09:50:19.875] [INFO] System is running in Active mode
[2025-12-15 09:51:19.846] [INFO] System is running in Active mode
[2025-12-15 09:51:19.895] [INFO] System is running in Active mode
[2025-12-15 09:52:19.866] [INFO] System is running in Active mode
[2025-12-15 09:52:19.917] [INFO] System is running in Active mode
[2025-12-15 09:53:19.872] [INFO] System is running in Active mode
[2025-12-15 09:53:19.935] [INFO] System is running in Active mode
[2025-12-15 09:54:19.880] [INFO] System is running in Active mode
[2025-12-15 09:54:19.943] [INFO] System is running in Active mode
[2025-12-15 09:55:19.886] [INFO] System is running in Active mode
[2025-12-15 09:55:19.953] [INFO] System is running in Active mode
[2025-12-15 09:56:19.909] [INFO] System is running in Active mode
[2025-12-15 09:56:19.972] [INFO] System is running in Active mode
[2025-12-15 09:57:19.933] [INFO] System is running in Active mode
[2025-12-15 09:57:19.993] [INFO] System is running in Active mode
[2025-12-15 09:58:19.951] [INFO] System is running in Active mode
[2025-12-15 09:58:20.004] [INFO] System is running in Active mode
[2025-12-15 09:59:19.972] [INFO] System is running in Active mode
[2025-12-15 09:59:20.021] [INFO] System is running in Active mode
[2025-12-15 10:00:19.986] [INFO] System is running in Active mode
[2025-12-15 10:00:20.032] [INFO] System is running in Active mode
[2025-12-15 10:01:20.002] [INFO] System is running in Active mode
[2025-12-15 10:01:20.071] [INFO] System is running in Active mode
[2025-12-15 10:02:20.033] [INFO] System is running in Active mode
[2025-12-15 10:02:20.098] [INFO] System is running in Active mode
[2025-12-15 10:03:20.047] [INFO] System is running in Active mode
[2025-12-15 10:03:20.116] [INFO] System is running in Active mode
[2025-12-15 10:04:20.068] [INFO] System is running in Active mode
[2025-12-15 10:04:20.138] [INFO] System is running in Active mode
[2025-12-15 10:05:20.078] [INFO] System is running in Active mode
[2025-12-15 10:05:20.147] [INFO] System is running in Active mode
[2025-12-15 10:06:20.087] [INFO] System is running in Active mode
[2025-12-15 10:06:20.191] [INFO] System is running in Active mode
[2025-12-15 10:07:20.109] [INFO] System is running in Active mode
[2025-12-15 10:07:20.217] [INFO] System is running in Active mode
[2025-12-15 10:08:20.128] [INFO] System is running in Active mode
[2025-12-15 10:08:20.227] [INFO] System is running in Active mode
[2025-12-15 10:09:20.136] [INFO] System is running in Active mode
[2025-12-15 10:09:20.243] [INFO] System is running in Active mode
[2025-12-15 10:10:20.154] [INFO] System is running in Active mode
[2025-12-15 10:10:20.288] [INFO] System is running in Active mode
[2025-12-15 10:11:20.165] [INFO] System is running in Active mode
[2025-12-15 10:11:20.297] [INFO] System is running in Active mode
[2025-12-15 10:12:20.170] [INFO] System is running in Active mode
[2025-12-15 10:12:20.317] [INFO] System is running in Active mode
[2025-12-15 10:13:20.180] [INFO] System is running in Active mode
[2025-12-15 10:13:20.345] [INFO] System is running in Active mode
[2025-12-15 10:14:20.199] [INFO] System is running in Active mode
[2025-12-15 10:14:20.362] [INFO] System is running in Active mode
[2025-12-15 10:15:20.216] [INFO] System is running in Active mode
[2025-12-15 10:15:20.373] [INFO] System is running in Active mode
[2025-12-15 10:16:20.240] [INFO] System is running in Active mode
[2025-12-15 10:16:20.391] [INFO] System is running in Active mode
[2025-12-15 10:17:20.250] [INFO] System is running in Active mode
[2025-12-15 10:17:20.399] [INFO] System is running in Active mode
[2025-12-15 10:18:20.258] [INFO] System is running in Active mode
[2025-12-15 10:18:20.408] [INFO] System is running in Active mode
[2025-12-15 10:19:20.274] [INFO] System is running in Active mode
[2025-12-15 10:19:20.419] [INFO] System is running in Active mode
[2025-12-15 10:20:20.299] [INFO] System is running in Active mode
[2025-12-15 10:20:20.443] [INFO] System is running in Active mode
[2025-12-15 10:21:20.308] [INFO] System is running in Active mode
[2025-12-15 10:21:20.470] [INFO] System is running in Active mode
[2025-12-15 10:22:20.326] [INFO] System is running in Active mode
[2025-12-15 10:22:20.501] [INFO] System is running in Active mode
[2025-12-15 10:23:20.334] [INFO] System is running in Active mode
[2025-12-15 10:23:20.601] [INFO] System is running in Active mode
[2025-12-15 10:24:20.357] [INFO] System is running in Active mode
[2025-12-15 10:24:20.617] [INFO] System is running in Active mode
[2025-12-15 10:25:20.362] [INFO] System is running in Active mode
[2025-12-15 10:25:20.646] [INFO] System is running in Active mode
[2025-12-15 10:26:20.379] [INFO] System is running in Active mode
[2025-12-15 10:26:20.667] [INFO] System is running in Active mode
[2025-12-15 10:27:20.393] [INFO] System is running in Active mode
[2025-12-15 10:27:20.681] [INFO] System is running in Active mode
[2025-12-15 10:28:20.398] [INFO] System is running in Active mode
[2025-12-15 10:28:20.690] [INFO] System is running in Active mode
[2025-12-15 10:29:20.406] [INFO] System is running in Active mode
[2025-12-15 10:29:20.716] [INFO] System is running in Active mode
[2025-12-15 10:30:20.453] [INFO] System is running in Active mode
[2025-12-15 10:30:20.743] [INFO] System is running in Active mode
[2025-12-15 10:31:20.497] [INFO] System is running in Active mode
[2025-12-15 10:31:20.778] [INFO] System is running in Active mode
[2025-12-15 10:32:20.523] [INFO] System is running in Active mode
[2025-12-15 10:32:20.805] [INFO] System is running in Active mode
[2025-12-15 10:33:20.531] [INFO] System is running in Active mode
[2025-12-15 10:33:20.828] [INFO] System is running in Active mode
[2025-12-15 10:34:20.551] [INFO] System is running in Active mode
[2025-12-15 10:34:20.853] [INFO] System is running in Active mode
[2025-12-15 10:35:20.569] [INFO] System is running in Active mode
[2025-12-15 10:35:20.889] [INFO] System is running in Active mode
[2025-12-15 10:36:20.582] [INFO] System is running in Active mode
[2025-12-15 10:36:20.926] [INFO] System is running in Active mode
[2025-12-15 10:37:20.603] [INFO] System is running in Active mode
[2025-12-15 10:37:20.957] [INFO] System is running in Active mode
[2025-12-15 10:38:20.622] [INFO] System is running in Active mode
[2025-12-15 10:38:20.980] [INFO] System is running in Active mode
[2025-12-15 10:39:20.647] [INFO] System is running in Active mode
[2025-12-15 10:39:20.995] [INFO] System is running in Active mode
[2025-12-15 10:40:20.665] [INFO] System is running in Active mode
[2025-12-15 10:40:21.014] [INFO] System is running in Active mode
[2025-12-15 10:41:20.690] [INFO] System is running in Active mode
[2025-12-15 10:41:21.026] [INFO] System is running in Active mode
[2025-12-15 10:42:20.708] [INFO] System is running in Active mode
[2025-12-15 10:42:21.045] [INFO] System is running in Active mode
[2025-12-15 10:43:20.717] [INFO] System is running in Active mode
[2025-12-15 10:43:21.068] [INFO] System is running in Active mode
[2025-12-15 10:44:20.748] [INFO] System is running in Active mode
[2025-12-15 10:44:21.077] [INFO] System is running in Active mode
[2025-12-15 10:45:20.780] [INFO] System is running in Active mode
[2025-12-15 10:45:21.102] [INFO] System is running in Active mode
[2025-12-15 10:46:20.802] [INFO] System is running in Active mode
[2025-12-15 10:46:21.135] [INFO] System is running in Active mode
[2025-12-15 10:47:20.822] [INFO] System is running in Active mode
[2025-12-15 10:47:21.158] [INFO] System is running in Active mode
[2025-12-15 10:48:20.928] [INFO] System is running in Active mode
[2025-12-15 10:48:21.229] [INFO] System is running in Active mode
[2025-12-15 10:49:20.983] [INFO] System is running in Active mode
[2025-12-15 10:49:21.316] [INFO] System is running in Active mode
[2025-12-15 10:50:21.097] [INFO] System is running in Active mode
[2025-12-15 10:50:22.040] [INFO] System is running in Active mode
[2025-12-15 10:51:21.117] [INFO] System is running in Active mode
[2025-12-15 10:51:22.068] [INFO] System is running in Active mode
[2025-12-15 10:52:21.134] [INFO] System is running in Active mode
[2025-12-15 10:52:22.086] [INFO] System is running in Active mode
[2025-12-15 10:53:21.143] [INFO] System is running in Active mode
[2025-12-15 10:53:22.099] [INFO] System is running in Active mode
[2025-12-15 10:54:21.151] [INFO] System is running in Active mode
[2025-12-15 10:54:22.118] [INFO] System is running in Active mode
[2025-12-15 10:55:21.161] [INFO] System is running in Active mode
[2025-12-15 10:55:22.143] [INFO] System is running in Active mode
[2025-12-15 10:56:21.178] [INFO] System is running in Active mode
[2025-12-15 10:56:22.184] [INFO] System is running in Active mode
[2025-12-15 10:57:21.191] [INFO] System is running in Active mode
[2025-12-15 10:57:22.216] [INFO] System is running in Active mode
[2025-12-15 10:58:21.220] [INFO] System is running in Active mode
[2025-12-15 10:58:22.230] [INFO] System is running in Active mode
[2025-12-15 10:59:21.240] [INFO] System is running in Active mode
[2025-12-15 10:59:22.244] [INFO] System is running in Active mode
[2025-12-15 11:00:21.257] [INFO] System is running in Active mode
[2025-12-15 11:00:22.261] [INFO] System is running in Active mode
[2025-12-15 11:01:21.281] [INFO] System is running in Active mode
[2025-12-15 11:01:22.275] [INFO] System is running in Active mode
[2025-12-15 11:02:21.296] [INFO] System is running in Active mode
[2025-12-15 11:02:22.297] [INFO] System is running in Active mode
[2025-12-15 11:03:21.316] [INFO] System is running in Active mode
[2025-12-15 11:03:22.304] [INFO] System is running in Active mode
[2025-12-15 11:04:21.330] [INFO] System is running in Active mode
[2025-12-15 11:04:22.311] [INFO] System is running in Active mode
[2025-12-15 11:05:21.345] [INFO] System is running in Active mode
[2025-12-15 11:05:22.330] [INFO] System is running in Active mode
[2025-12-15 11:06:21.351] [INFO] System is running in Active mode
[2025-12-15 11:06:22.338] [INFO] System is running in Active mode
[2025-12-15 11:07:21.361] [INFO] System is running in Active mode
[2025-12-15 11:07:22.360] [INFO] System is running in Active mode
[2025-12-15 11:08:21.382] [INFO] System is running in Active mode
[2025-12-15 11:08:22.382] [INFO] System is running in Active mode
[2025-12-15 11:09:21.407] [INFO] System is running in Active mode
[2025-12-15 11:09:22.390] [INFO] System is running in Active mode
[2025-12-15 11:10:21.429] [INFO] System is running in Active mode
[2025-12-15 11:10:22.411] [INFO] System is running in Active mode
[2025-12-15 11:11:21.450] [INFO] System is running in Active mode
[2025-12-15 11:11:22.435] [INFO] System is running in Active mode
[2025-12-15 11:12:21.476] [INFO] System is running in Active mode
[2025-12-15 11:12:22.453] [INFO] System is running in Active mode
[2025-12-15 11:13:21.507] [INFO] System is running in Active mode
[2025-12-15 11:13:22.480] [INFO] System is running in Active mode
[2025-12-15 11:14:21.549] [INFO] System is running in Active mode
[2025-12-15 11:14:22.506] [INFO] System is running in Active mode
[2025-12-15 11:15:21.561] [INFO] System is running in Active mode
[2025-12-15 11:15:22.526] [INFO] System is running in Active mode
[2025-12-15 11:16:21.579] [INFO] System is running in Active mode
[2025-12-15 11:16:22.554] [INFO] System is running in Active mode
[2025-12-15 11:17:21.591] [INFO] System is running in Active mode
[2025-12-15 11:17:22.592] [INFO] System is running in Active mode
[2025-12-15 11:18:21.693] [INFO] System is running in Active mode
[2025-12-15 11:18:22.661] [INFO] System is running in Active mode
[2025-12-15 11:19:21.716] [INFO] System is running in Active mode
[2025-12-15 11:19:22.681] [INFO] System is running in Active mode
[2025-12-15 11:20:21.729] [INFO] System is running in Active mode
[2025-12-15 11:20:22.706] [INFO] System is running in Active mode
[2025-12-15 11:21:21.775] [INFO] System is running in Active mode
[2025-12-15 11:21:23.493] [INFO] System is running in Active mode
[2025-12-15 11:22:21.804] [INFO] System is running in Active mode
[2025-12-15 11:22:23.538] [INFO] System is running in Active mode
[2025-12-15 11:23:21.900] [INFO] System is running in Active mode
[2025-12-15 11:23:23.567] [INFO] System is running in Active mode
[2025-12-15 11:24:22.158] [INFO] System is running in Active mode
[2025-12-15 11:24:23.663] [INFO] System is running in Active mode
[2025-12-15 11:25:22.187] [INFO] System is running in Active mode
[2025-12-15 11:25:23.699] [INFO] System is running in Active mode
[2025-12-15 11:26:22.211] [INFO] System is running in Active mode
[2025-12-15 11:26:23.745] [INFO] System is running in Active mode
[2025-12-15 11:27:22.248] [INFO] System is running in Active mode
[2025-12-15 11:27:23.762] [INFO] System is running in Active mode
[2025-12-15 11:28:22.283] [INFO] System is running in Active mode
[2025-12-15 11:28:23.780] [INFO] System is running in Active mode
[2025-12-15 11:29:22.310] [INFO] System is running in Active mode
[2025-12-15 11:29:23.830] [INFO] System is running in Active mode
[2025-12-15 11:30:22.327] [INFO] System is running in Active mode
[2025-12-15 11:30:23.867] [INFO] System is running in Active mode
[2025-12-15 11:31:22.368] [INFO] System is running in Active mode
[2025-12-15 11:31:23.915] [INFO] System is running in Active mode
[2025-12-15 11:32:22.384] [INFO] System is running in Active mode
[2025-12-15 11:32:23.958] [INFO] System is running in Active mode
[2025-12-15 11:33:22.407] [INFO] System is running in Active mode
[2025-12-15 11:33:23.981] [INFO] System is running in Active mode
[2025-12-15 11:34:22.444] [INFO] System is running in Active mode
[2025-12-15 11:34:24.008] [INFO] System is running in Active mode
[2025-12-15 11:35:22.482] [INFO] System is running in Active mode
[2025-12-15 11:35:24.068] [INFO] System is running in Active mode
[2025-12-15 11:36:22.503] [INFO] System is running in Active mode
[2025-12-15 11:36:24.151] [INFO] System is running in Active mode
[2025-12-15 11:37:22.521] [INFO] System is running in Active mode
[2025-12-15 11:37:24.185] [INFO] System is running in Active mode
[2025-12-15 11:38:22.530] [INFO] System is running in Active mode
[2025-12-15 11:38:24.212] [INFO] System is running in Active mode
[2025-12-15 11:39:22.552] [INFO] System is running in Active mode
[2025-12-15 11:39:24.237] [INFO] System is running in Active mode
[2025-12-15 11:40:22.571] [INFO] System is running in Active mode
[2025-12-15 11:40:24.251] [INFO] System is running in Active mode
[2025-12-15 11:41:22.600] [INFO] System is running in Active mode
[2025-12-15 11:41:24.278] [INFO] System is running in Active mode
[2025-12-15 11:42:22.616] [INFO] System is running in Active mode
[2025-12-15 11:42:24.298] [INFO] System is running in Active mode
[2025-12-15 11:43:22.628] [INFO] System is running in Active mode
[2025-12-15 11:43:24.305] [INFO] System is running in Active mode
[2025-12-15 11:44:22.637] [INFO] System is running in Active mode
[2025-12-15 11:44:24.319] [INFO] System is running in Active mode
[2025-12-15 11:45:22.705] [INFO] System is running in Active mode
[2025-12-15 11:45:24.345] [INFO] System is running in Active mode
[2025-12-15 11:46:22.750] [INFO] System is running in Active mode
[2025-12-15 11:46:24.384] [INFO] System is running in Active mode
[2025-12-15 11:47:22.765] [INFO] System is running in Active mode
[2025-12-15 11:47:24.397] [INFO] System is running in Active mode
[2025-12-15 11:48:22.782] [INFO] System is running in Active mode
[2025-12-15 11:48:24.422] [INFO] System is running in Active mode
[2025-12-15 11:49:22.793] [INFO] System is running in Active mode
[2025-12-15 11:49:24.542] [INFO] System is running in Active mode
[2025-12-15 11:50:22.814] [INFO] System is running in Active mode
[2025-12-15 11:50:24.570] [INFO] System is running in Active mode
[2025-12-15 11:51:22.822] [INFO] System is running in Active mode
[2025-12-15 11:51:24.587] [INFO] System is running in Active mode
[2025-12-15 11:52:22.838] [INFO] System is running in Active mode
[2025-12-15 11:52:24.593] [INFO] System is running in Active mode
[2025-12-15 11:53:22.846] [INFO] System is running in Active mode
[2025-12-15 11:53:24.600] [INFO] System is running in Active mode
[2025-12-15 11:54:22.856] [INFO] System is running in Active mode
[2025-12-15 11:54:24.632] [INFO] System is running in Active mode
[2025-12-15 11:55:22.877] [INFO] System is running in Active mode
[2025-12-15 11:55:24.665] [INFO] System is running in Active mode
[2025-12-15 11:56:22.884] [INFO] System is running in Active mode
[2025-12-15 11:56:24.816] [INFO] System is running in Active mode
[2025-12-15 11:57:22.907] [INFO] System is running in Active mode
[2025-12-15 11:57:24.839] [INFO] System is running in Active mode
[2025-12-15 11:58:22.927] [INFO] System is running in Active mode
[2025-12-15 11:58:24.858] [INFO] System is running in Active mode
[2025-12-15 11:59:22.949] [INFO] System is running in Active mode
[2025-12-15 11:59:24.867] [INFO] System is running in Active mode
[2025-12-15 12:00:22.960] [INFO] System is running in Active mode
[2025-12-15 12:00:24.884] [INFO] System is running in Active mode
[2025-12-15 12:01:22.996] [INFO] System is running in Active mode
[2025-12-15 12:01:24.895] [INFO] System is running in Active mode
[2025-12-15 12:02:23.019] [INFO] System is running in Active mode
[2025-12-15 12:02:24.919] [INFO] System is running in Active mode
[2025-12-15 12:03:23.038] [INFO] System is running in Active mode
[2025-12-15 12:03:24.938] [INFO] System is running in Active mode
[2025-12-15 12:04:23.049] [INFO] System is running in Active mode
[2025-12-15 12:04:24.946] [INFO] System is running in Active mode
[2025-12-15 12:05:23.068] [INFO] System is running in Active mode
[2025-12-15 12:05:24.968] [INFO] System is running in Active mode
[2025-12-15 12:06:23.093] [INFO] System is running in Active mode
[2025-12-15 12:06:24.976] [INFO] System is running in Active mode
[2025-12-15 12:07:23.113] [INFO] System is running in Active mode
[2025-12-15 12:07:24.998] [INFO] System is running in Active mode
[2025-12-15 12:08:23.134] [INFO] System is running in Active mode
[2025-12-15 12:08:25.016] [INFO] System is running in Active mode
[2025-12-15 12:09:23.157] [INFO] System is running in Active mode
[2025-12-15 12:09:25.027] [INFO] System is running in Active mode
[2025-12-15 12:10:23.167] [INFO] System is running in Active mode
[2025-12-15 12:10:25.039] [INFO] System is running in Active mode
[2025-12-15 12:11:23.176] [INFO] System is running in Active mode
[2025-12-15 12:11:25.055] [INFO] System is running in Active mode
[2025-12-15 12:12:23.191] [INFO] System is running in Active mode
[2025-12-15 12:12:25.074] [INFO] System is running in Active mode
[2025-12-15 12:13:23.208] [INFO] System is running in Active mode
[2025-12-15 12:13:25.093] [INFO] System is running in Active mode
[2025-12-15 12:14:23.227] [INFO] System is running in Active mode
[2025-12-15 12:14:25.105] [INFO] System is running in Active mode
[2025-12-15 12:15:23.244] [INFO] System is running in Active mode
[2025-12-15 12:15:25.114] [INFO] System is running in Active mode
[2025-12-15 12:16:23.265] [INFO] System is running in Active mode
[2025-12-15 12:16:25.133] [INFO] System is running in Active mode
[2025-12-15 12:17:23.272] [INFO] System is running in Active mode
[2025-12-15 12:17:25.142] [INFO] System is running in Active mode
[2025-12-15 12:18:23.278] [INFO] System is running in Active mode
[2025-12-15 12:18:25.163] [INFO] System is running in Active mode
[2025-12-15 12:19:23.285] [INFO] System is running in Active mode
[2025-12-15 12:19:25.168] [INFO] System is running in Active mode
[2025-12-15 12:20:23.292] [INFO] System is running in Active mode
[2025-12-15 12:20:25.187] [INFO] System is running in Active mode
[2025-12-15 12:21:23.299] [INFO] System is running in Active mode
[2025-12-15 12:21:25.196] [INFO] System is running in Active mode
[2025-12-15 12:22:23.322] [INFO] System is running in Active mode
[2025-12-15 12:22:25.205] [INFO] System is running in Active mode
[2025-12-15 12:23:23.340] [INFO] System is running in Active mode
[2025-12-15 12:23:25.224] [INFO] System is running in Active mode
[2025-12-15 12:24:23.367] [INFO] System is running in Active mode
[2025-12-15 12:24:25.244] [INFO] System is running in Active mode
[2025-12-15 12:25:23.387] [INFO] System is running in Active mode
[2025-12-15 12:25:25.253] [INFO] System is running in Active mode
[2025-12-15 12:26:23.395] [INFO] System is running in Active mode
[2025-12-15 12:26:25.272] [INFO] System is running in Active mode
[2025-12-15 12:27:23.411] [INFO] System is running in Active mode
[2025-12-15 12:27:25.280] [INFO] System is running in Active mode
[2025-12-15 12:28:23.421] [INFO] System is running in Active mode
[2025-12-15 12:28:25.287] [INFO] System is running in Active mode
[2025-12-15 12:29:23.429] [INFO] System is running in Active mode
[2025-12-15 12:29:25.306] [INFO] System is running in Active mode
[2025-12-15 12:30:23.445] [INFO] System is running in Active mode
[2025-12-15 12:30:25.317] [INFO] System is running in Active mode
[2025-12-15 12:31:23.465] [INFO] System is running in Active mode
[2025-12-15 12:31:25.342] [INFO] System is running in Active mode
[2025-12-15 12:32:23.479] [INFO] System is running in Active mode
[2025-12-15 12:32:25.362] [INFO] System is running in Active mode
[2025-12-15 12:33:23.496] [INFO] System is running in Active mode
[2025-12-15 12:33:25.386] [INFO] System is running in Active mode
[2025-12-15 12:34:23.506] [INFO] System is running in Active mode
[2025-12-15 12:34:25.406] [INFO] System is running in Active mode
[2025-12-15 12:35:23.514] [INFO] System is running in Active mode
[2025-12-15 12:35:25.413] [INFO] System is running in Active mode
[2025-12-15 12:36:23.538] [INFO] System is running in Active mode
[2025-12-15 12:36:25.418] [INFO] System is running in Active mode
[2025-12-15 12:37:23.556] [INFO] System is running in Active mode
[2025-12-15 12:37:25.440] [INFO] System is running in Active mode
[2025-12-15 12:38:23.566] [INFO] System is running in Active mode
[2025-12-15 12:38:25.463] [INFO] System is running in Active mode
[2025-12-15 12:39:23.570] [INFO] System is running in Active mode
[2025-12-15 12:39:25.471] [INFO] System is running in Active mode
[2025-12-15 12:40:23.574] [INFO] System is running in Active mode
[2025-12-15 12:40:25.491] [INFO] System is running in Active mode
[2025-12-15 12:41:23.594] [INFO] System is running in Active mode
[2025-12-15 12:41:25.499] [INFO] System is running in Active mode
[2025-12-15 12:42:23.604] [INFO] System is running in Active mode
[2025-12-15 12:42:25.521] [INFO] System is running in Active mode
[2025-12-15 12:43:23.611] [INFO] System is running in Active mode
[2025-12-15 12:43:25.527] [INFO] System is running in Active mode
[2025-12-15 12:44:23.617] [INFO] System is running in Active mode
[2025-12-15 12:44:25.545] [INFO] System is running in Active mode
[2025-12-15 12:45:23.624] [INFO] System is running in Active mode
[2025-12-15 12:45:25.552] [INFO] System is running in Active mode
[2025-12-15 12:46:23.645] [INFO] System is running in Active mode
[2025-12-15 12:46:25.561] [INFO] System is running in Active mode
[2025-12-15 12:47:23.652] [INFO] System is running in Active mode
[2025-12-15 12:47:25.583] [INFO] System is running in Active mode
[2025-12-15 12:48:23.670] [INFO] System is running in Active mode
[2025-12-15 12:48:25.591] [INFO] System is running in Active mode
[2025-12-15 12:49:23.676] [INFO] System is running in Active mode
[2025-12-15 12:49:25.611] [INFO] System is running in Active mode
[2025-12-15 12:50:23.686] [INFO] System is running in Active mode
[2025-12-15 12:50:25.630] [INFO] System is running in Active mode
[2025-12-15 12:51:23.704] [INFO] System is running in Active mode
[2025-12-15 12:51:25.656] [INFO] System is running in Active mode
[2025-12-15 12:52:23.713] [INFO] System is running in Active mode
[2025-12-15 12:52:25.680] [INFO] System is running in Active mode
[2025-12-15 12:53:23.719] [INFO] System is running in Active mode
[2025-12-15 12:53:25.687] [INFO] System is running in Active mode
[2025-12-15 12:54:23.725] [INFO] System is running in Active mode
[2025-12-15 12:54:25.709] [INFO] System is running in Active mode
[2025-12-15 12:55:23.748] [INFO] System is running in Active mode
[2025-12-15 12:55:25.715] [INFO] System is running in Active mode
[2025-12-15 12:56:23.771] [INFO] System is running in Active mode
[2025-12-15 12:56:25.720] [INFO] System is running in Active mode
[2025-12-15 12:57:23.777] [INFO] System is running in Active mode
[2025-12-15 12:57:25.740] [INFO] System is running in Active mode
[2025-12-15 12:58:23.796] [INFO] System is running in Active mode
[2025-12-15 12:58:25.747] [INFO] System is running in Active mode
[2025-12-15 12:59:23.806] [INFO] System is running in Active mode
[2025-12-15 12:59:25.754] [INFO] System is running in Active mode
[2025-12-15 13:00:23.827] [INFO] System is running in Active mode
[2025-12-15 13:00:25.761] [INFO] System is running in Active mode
[2025-12-15 13:01:23.845] [INFO] System is running in Active mode
[2025-12-15 13:01:25.780] [INFO] System is running in Active mode
[2025-12-15 13:02:23.860] [INFO] System is running in Active mode
[2025-12-15 13:02:25.787] [INFO] System is running in Active mode
[2025-12-15 13:03:23.881] [INFO] System is running in Active mode
[2025-12-15 13:03:25.792] [INFO] System is running in Active mode
[2025-12-15 13:04:23.902] [INFO] System is running in Active mode
[2025-12-15 13:04:25.800] [INFO] System is running in Active mode
[2025-12-15 13:05:23.908] [INFO] System is running in Active mode
[2025-12-15 13:05:25.805] [INFO] System is running in Active mode
[2025-12-15 13:06:23.913] [INFO] System is running in Active mode
[2025-12-15 13:06:25.815] [INFO] System is running in Active mode
[2025-12-15 13:07:23.933] [INFO] System is running in Active mode
[2025-12-15 13:07:25.819] [INFO] System is running in Active mode
[2025-12-15 13:08:23.941] [INFO] System is running in Active mode
[2025-12-15 13:08:25.824] [INFO] System is running in Active mode
[2025-12-15 13:09:23.963] [INFO] System is running in Active mode
[2025-12-15 13:09:25.845] [INFO] System is running in Active mode
[2025-12-15 13:10:23.970] [INFO] System is running in Active mode
[2025-12-15 13:10:25.851] [INFO] System is running in Active mode
[2025-12-15 13:11:23.974] [INFO] System is running in Active mode
[2025-12-15 13:11:25.859] [INFO] System is running in Active mode
[2025-12-15 13:12:23.981] [INFO] System is running in Active mode
[2025-12-15 13:12:25.865] [INFO] System is running in Active mode
[2025-12-15 13:13:23.988] [INFO] System is running in Active mode
[2025-12-15 13:13:25.874] [INFO] System is running in Active mode
[2025-12-15 13:14:23.993] [INFO] System is running in Active mode
[2025-12-15 13:14:25.886] [INFO] System is running in Active mode
[2025-12-15 13:15:24.001] [INFO] System is running in Active mode
[2025-12-15 13:15:25.896] [INFO] System is running in Active mode
[2025-12-15 13:16:24.006] [INFO] System is running in Active mode
[2025-12-15 13:16:25.905] [INFO] System is running in Active mode
[2025-12-15 13:17:24.011] [INFO] System is running in Active mode
[2025-12-15 13:17:25.911] [INFO] System is running in Active mode
[2025-12-15 13:18:24.018] [INFO] System is running in Active mode
[2025-12-15 13:18:25.930] [INFO] System is running in Active mode
[2025-12-15 13:19:24.035] [INFO] System is running in Active mode
[2025-12-15 13:19:25.937] [INFO] System is running in Active mode
[2025-12-15 13:20:24.042] [INFO] System is running in Active mode
[2025-12-15 13:20:25.956] [INFO] System is running in Active mode
[2025-12-15 13:21:24.052] [INFO] System is running in Active mode
[2025-12-15 13:21:25.968] [INFO] System is running in Active mode
[2025-12-15 13:22:24.060] [INFO] System is running in Active mode
[2025-12-15 13:22:25.974] [INFO] System is running in Active mode
[2025-12-15 13:23:24.080] [INFO] System is running in Active mode
[2025-12-15 13:23:25.987] [INFO] System is running in Active mode
[2025-12-15 13:24:24.085] [INFO] System is running in Active mode
[2025-12-15 13:24:26.002] [INFO] System is running in Active mode
[2025-12-15 13:25:24.104] [INFO] System is running in Active mode
[2025-12-15 13:25:26.009] [INFO] System is running in Active mode
[2025-12-15 13:26:24.116] [INFO] System is running in Active mode
[2025-12-15 13:26:26.029] [INFO] System is running in Active mode
[2025-12-15 13:27:24.120] [INFO] System is running in Active mode
[2025-12-15 13:27:26.051] [INFO] System is running in Active mode
[2025-12-15 13:28:24.126] [INFO] System is running in Active mode
[2025-12-15 13:28:26.059] [INFO] System is running in Active mode
[2025-12-15 13:29:24.146] [INFO] System is running in Active mode
[2025-12-15 13:29:26.078] [INFO] System is running in Active mode
[2025-12-15 13:30:24.157] [INFO] System is running in Active mode
[2025-12-15 13:30:26.089] [INFO] System is running in Active mode
[2025-12-15 13:31:24.175] [INFO] System is running in Active mode
[2025-12-15 13:31:26.110] [INFO] System is running in Active mode
[2025-12-15 13:32:24.183] [INFO] System is running in Active mode
[2025-12-15 13:32:26.117] [INFO] System is running in Active mode
[2025-12-15 13:33:24.191] [INFO] System is running in Active mode
[2025-12-15 13:33:26.122] [INFO] System is running in Active mode
[2025-12-15 13:34:24.210] [INFO] System is running in Active mode
[2025-12-15 13:34:26.130] [INFO] System is running in Active mode
[2025-12-15 13:35:24.218] [INFO] System is running in Active mode
[2025-12-15 13:35:26.148] [INFO] System is running in Active mode
[2025-12-15 13:36:24.239] [INFO] System is running in Active mode
[2025-12-15 13:36:26.172] [INFO] System is running in Active mode
[2025-12-15 13:37:24.246] [INFO] System is running in Active mode
[2025-12-15 13:37:26.181] [INFO] System is running in Active mode
[2025-12-15 13:38:24.269] [INFO] System is running in Active mode
[2025-12-15 13:38:26.185] [INFO] System is running in Active mode
[2025-12-15 13:39:24.290] [INFO] System is running in Active mode
[2025-12-15 13:39:26.191] [INFO] System is running in Active mode
[2025-12-15 13:40:24.297] [INFO] System is running in Active mode
[2025-12-15 13:40:26.199] [INFO] System is running in Active mode
[2025-12-15 13:41:24.306] [INFO] System is running in Active mode
[2025-12-15 13:41:26.204] [INFO] System is running in Active mode
[2025-12-15 13:42:24.326] [INFO] System is running in Active mode
[2025-12-15 13:42:26.223] [INFO] System is running in Active mode
[2025-12-15 13:43:24.344] [INFO] System is running in Active mode
[2025-12-15 13:43:26.246] [INFO] System is running in Active mode
[2025-12-15 13:44:24.352] [INFO] System is running in Active mode
[2025-12-15 13:44:26.256] [INFO] System is running in Active mode
[2025-12-15 13:45:24.360] [INFO] System is running in Active mode
[2025-12-15 13:45:26.273] [INFO] System is running in Active mode
[2025-12-15 13:46:24.379] [INFO] System is running in Active mode
[2025-12-15 13:46:26.298] [INFO] System is running in Active mode
[2025-12-15 13:47:24.388] [INFO] System is running in Active mode
[2025-12-15 13:47:26.307] [INFO] System is running in Active mode
[2025-12-15 13:48:24.394] [INFO] System is running in Active mode
[2025-12-15 13:48:26.326] [INFO] System is running in Active mode
[2025-12-15 13:49:24.413] [INFO] System is running in Active mode
[2025-12-15 13:49:26.331] [INFO] System is running in Active mode
[2025-12-15 13:50:24.420] [INFO] System is running in Active mode
[2025-12-15 13:50:26.338] [INFO] System is running in Active mode
[2025-12-15 13:51:24.430] [INFO] System is running in Active mode
[2025-12-15 13:51:26.346] [INFO] System is running in Active mode
[2025-12-15 13:52:24.448] [INFO] System is running in Active mode
[2025-12-15 13:52:26.364] [INFO] System is running in Active mode
[2025-12-15 13:53:24.458] [INFO] System is running in Active mode
[2025-12-15 13:53:26.373] [INFO] System is running in Active mode
[2025-12-15 13:54:24.477] [INFO] System is running in Active mode
[2025-12-15 13:54:26.393] [INFO] System is running in Active mode
[2025-12-15 13:55:24.485] [INFO] System is running in Active mode
[2025-12-15 13:55:26.402] [INFO] System is running in Active mode
[2025-12-15 13:56:24.506] [INFO] System is running in Active mode
[2025-12-15 13:56:26.423] [INFO] System is running in Active mode
[2025-12-15 13:57:24.514] [INFO] System is running in Active mode
[2025-12-15 13:57:26.449] [INFO] System is running in Active mode
[2025-12-15 13:58:24.521] [INFO] System is running in Active mode
[2025-12-15 13:58:26.462] [INFO] System is running in Active mode
[2025-12-15 13:59:24.541] [INFO] System is running in Active mode
[2025-12-15 13:59:26.481] [INFO] System is running in Active mode
[2025-12-15 14:00:24.548] [INFO] System is running in Active mode
[2025-12-15 14:00:26.497] [INFO] System is running in Active mode
[2025-12-15 14:01:24.551] [INFO] System is running in Active mode
[2025-12-15 14:01:26.506] [INFO] System is running in Active mode
[2025-12-15 14:02:24.562] [INFO] System is running in Active mode
[2025-12-15 14:02:26.510] [INFO] System is running in Active mode
[2025-12-15 14:03:24.567] [INFO] System is running in Active mode
[2025-12-15 14:03:26.517] [INFO] System is running in Active mode
[2025-12-15 14:04:24.571] [INFO] System is running in Active mode
[2025-12-15 14:04:26.535] [INFO] System is running in Active mode
[2025-12-15 14:05:24.580] [INFO] System is running in Active mode
[2025-12-15 14:05:26.556] [INFO] System is running in Active mode
[2025-12-15 14:06:24.585] [INFO] System is running in Active mode
[2025-12-15 14:06:26.566] [INFO] System is running in Active mode
[2025-12-15 14:07:24.592] [INFO] System is running in Active mode
[2025-12-15 14:07:26.583] [INFO] System is running in Active mode
[2025-12-15 14:08:24.613] [INFO] System is running in Active mode
[2025-12-15 14:08:26.596] [INFO] System is running in Active mode
[2025-12-15 14:09:24.618] [INFO] System is running in Active mode
[2025-12-15 14:09:26.617] [INFO] System is running in Active mode
[2025-12-15 14:10:24.622] [INFO] System is running in Active mode
[2025-12-15 14:10:26.637] [INFO] System is running in Active mode
[2025-12-15 14:11:24.630] [INFO] System is running in Active mode
[2025-12-15 14:11:26.659] [INFO] System is running in Active mode
[2025-12-15 14:12:24.637] [INFO] System is running in Active mode
[2025-12-15 14:12:26.666] [INFO] System is running in Active mode
[2025-12-15 14:13:24.657] [INFO] System is running in Active mode
[2025-12-15 14:13:26.675] [INFO] System is running in Active mode
[2025-12-15 14:14:24.666] [INFO] System is running in Active mode
[2025-12-15 14:14:26.690] [INFO] System is running in Active mode
[2025-12-15 14:15:24.686] [INFO] System is running in Active mode
[2025-12-15 14:15:26.701] [INFO] System is running in Active mode
[2025-12-15 14:16:24.693] [INFO] System is running in Active mode
[2025-12-15 14:16:26.711] [INFO] System is running in Active mode
[2025-12-15 14:17:24.713] [INFO] System is running in Active mode
[2025-12-15 14:17:26.731] [INFO] System is running in Active mode
[2025-12-15 14:18:24.722] [INFO] System is running in Active mode
[2025-12-15 14:18:26.752] [INFO] System is running in Active mode
[2025-12-15 14:19:24.743] [INFO] System is running in Active mode
[2025-12-15 14:19:26.776] [INFO] System is running in Active mode
[2025-12-15 14:20:24.749] [INFO] System is running in Active mode
[2025-12-15 14:20:26.787] [INFO] System is running in Active mode
[2025-12-15 14:21:24.756] [INFO] System is running in Active mode
[2025-12-15 14:21:26.807] [INFO] System is running in Active mode
[2025-12-15 14:22:24.763] [INFO] System is running in Active mode
[2025-12-15 14:22:26.828] [INFO] System is running in Active mode
[2025-12-15 14:23:24.769] [INFO] System is running in Active mode
[2025-12-15 14:23:26.846] [INFO] System is running in Active mode
[2025-12-15 14:24:24.783] [INFO] System is running in Active mode
[2025-12-15 14:24:26.858] [INFO] System is running in Active mode
[2025-12-15 14:25:24.790] [INFO] System is running in Active mode
[2025-12-15 14:25:26.879] [INFO] System is running in Active mode
[2025-12-15 14:26:24.801] [INFO] System is running in Active mode
[2025-12-15 14:26:26.884] [INFO] System is running in Active mode
[2025-12-15 14:27:24.808] [INFO] System is running in Active mode
[2025-12-15 14:27:26.893] [INFO] System is running in Active mode
[2025-12-15 14:28:24.816] [INFO] System is running in Active mode
[2025-12-15 14:28:26.899] [INFO] System is running in Active mode
[2025-12-15 14:29:24.837] [INFO] System is running in Active mode
[2025-12-15 14:29:26.906] [INFO] System is running in Active mode
[2025-12-15 14:30:24.859] [INFO] System is running in Active mode
[2025-12-15 14:30:26.924] [INFO] System is running in Active mode
[2025-12-15 14:31:24.866] [INFO] System is running in Active mode
[2025-12-15 14:31:26.931] [INFO] System is running in Active mode
[2025-12-15 14:32:24.884] [INFO] System is running in Active mode
[2025-12-15 14:32:26.951] [INFO] System is running in Active mode
[2025-12-15 14:33:24.894] [INFO] System is running in Active mode
[2025-12-15 14:33:26.959] [INFO] System is running in Active mode
[2025-12-15 14:34:24.902] [INFO] System is running in Active mode
[2025-12-15 14:34:26.966] [INFO] System is running in Active mode
[2025-12-15 14:35:24.921] [INFO] System is running in Active mode
[2025-12-15 14:35:26.972] [INFO] System is running in Active mode
[2025-12-15 14:36:24.941] [INFO] System is running in Active mode
[2025-12-15 14:36:26.988] [INFO] System is running in Active mode
[2025-12-15 14:37:24.961] [INFO] System is running in Active mode
[2025-12-15 14:37:27.001] [INFO] System is running in Active mode
[2025-12-15 14:38:24.968] [INFO] System is running in Active mode
[2025-12-15 14:38:27.023] [INFO] System is running in Active mode
[2025-12-15 14:39:24.980] [INFO] System is running in Active mode
[2025-12-15 14:39:27.041] [INFO] System is running in Active mode
[2025-12-15 14:40:25.003] [INFO] System is running in Active mode
[2025-12-15 14:40:27.073] [INFO] System is running in Active mode
[2025-12-15 14:41:25.043] [INFO] System is running in Active mode
[2025-12-15 14:41:27.164] [INFO] System is running in Active mode
[2025-12-15 14:42:25.064] [INFO] System is running in Active mode
[2025-12-15 14:42:27.228] [INFO] System is running in Active mode
[2025-12-15 14:43:25.080] [INFO] System is running in Active mode
[2025-12-15 14:43:27.247] [INFO] System is running in Active mode
[2025-12-15 14:44:25.094] [INFO] System is running in Active mode
[2025-12-15 14:44:27.259] [INFO] System is running in Active mode
[2025-12-15 14:45:25.113] [INFO] System is running in Active mode
[2025-12-15 14:45:27.267] [INFO] System is running in Active mode
[2025-12-15 14:46:25.119] [INFO] System is running in Active mode
[2025-12-15 14:46:27.284] [INFO] System is running in Active mode
[2025-12-15 14:47:25.144] [INFO] System is running in Active mode
[2025-12-15 14:47:27.291] [INFO] System is running in Active mode
[2025-12-15 14:48:25.151] [INFO] System is running in Active mode
[2025-12-15 14:48:27.300] [INFO] System is running in Active mode
[2025-12-15 14:49:25.171] [INFO] System is running in Active mode
[2025-12-15 14:49:27.318] [INFO] System is running in Active mode
[2025-12-15 14:50:25.194] [INFO] System is running in Active mode
[2025-12-15 14:50:27.327] [INFO] System is running in Active mode
[2025-12-15 14:51:25.199] [INFO] System is running in Active mode
[2025-12-15 14:51:27.334] [INFO] System is running in Active mode
[2025-12-15 14:52:25.207] [INFO] System is running in Active mode
[2025-12-15 14:52:27.352] [INFO] System is running in Active mode
[2025-12-15 14:53:25.214] [INFO] System is running in Active mode
[2025-12-15 14:53:27.363] [INFO] System is running in Active mode
[2025-12-15 14:54:25.255] [INFO] System is running in Active mode
[2025-12-15 14:54:27.370] [INFO] System is running in Active mode
[2025-12-15 14:55:25.272] [INFO] System is running in Active mode
[2025-12-15 14:55:27.388] [INFO] System is running in Active mode
[2025-12-15 14:56:25.286] [INFO] System is running in Active mode
[2025-12-15 14:56:27.397] [INFO] System is running in Active mode
[2025-12-15 14:57:25.301] [INFO] System is running in Active mode
[2025-12-15 14:57:27.417] [INFO] System is running in Active mode
[2025-12-15 14:58:25.309] [INFO] System is running in Active mode
[2025-12-15 14:58:27.444] [INFO] System is running in Active mode
[2025-12-15 14:59:25.324] [INFO] System is running in Active mode
[2025-12-15 14:59:27.448] [INFO] System is running in Active mode
[2025-12-15 15:00:25.336] [INFO] System is running in Active mode
[2025-12-15 15:00:27.470] [INFO] System is running in Active mode
[2025-12-15 15:01:25.344] [INFO] System is running in Active mode
[2025-12-15 15:01:27.490] [INFO] System is running in Active mode
[2025-12-15 15:02:25.348] [INFO] System is running in Active mode
[2025-12-15 15:02:27.498] [INFO] System is running in Active mode
[2025-12-15 15:03:25.353] [INFO] System is running in Active mode
[2025-12-15 15:03:27.522] [INFO] System is running in Active mode
[2025-12-15 15:04:25.375] [INFO] System is running in Active mode
[2025-12-15 15:04:27.562] [INFO] System is running in Active mode
[2025-12-15 15:05:25.382] [INFO] System is running in Active mode
[2025-12-15 15:05:27.576] [INFO] System is running in Active mode
[2025-12-15 15:06:25.388] [INFO] System is running in Active mode
[2025-12-15 15:06:27.598] [INFO] System is running in Active mode
[2025-12-15 15:07:25.393] [INFO] System is running in Active mode
[2025-12-15 15:07:27.613] [INFO] System is running in Active mode
[2025-12-15 15:08:25.401] [INFO] System is running in Active mode
[2025-12-15 15:08:27.618] [INFO] System is running in Active mode
[2025-12-15 15:09:25.409] [INFO] System is running in Active mode
[2025-12-15 15:09:27.628] [INFO] System is running in Active mode
[2025-12-15 15:10:25.429] [INFO] System is running in Active mode
[2025-12-15 15:10:27.643] [INFO] System is running in Active mode
[2025-12-15 15:11:25.447] [INFO] System is running in Active mode
[2025-12-15 15:11:27.669] [INFO] System is running in Active mode
[2025-12-15 15:12:25.456] [INFO] System is running in Active mode
[2025-12-15 15:12:27.688] [INFO] System is running in Active mode
[2025-12-15 15:13:25.476] [INFO] System is running in Active mode
[2025-12-15 15:13:27.698] [INFO] System is running in Active mode
[2025-12-15 15:14:25.486] [INFO] System is running in Active mode
[2025-12-15 15:14:27.704] [INFO] System is running in Active mode
[2025-12-15 15:15:25.494] [INFO] System is running in Active mode
[2025-12-15 15:15:27.724] [INFO] System is running in Active mode
[2025-12-15 15:16:25.510] [INFO] System is running in Active mode
[2025-12-15 15:16:27.739] [INFO] System is running in Active mode
[2025-12-15 15:17:25.523] [INFO] System is running in Active mode
[2025-12-15 15:17:27.772] [INFO] System is running in Active mode
[2025-12-15 15:18:25.543] [INFO] System is running in Active mode
[2025-12-15 15:18:27.791] [INFO] System is running in Active mode
[2025-12-15 15:19:25.556] [INFO] System is running in Active mode
[2025-12-15 15:19:27.801] [INFO] System is running in Active mode
[2025-12-15 15:20:25.581] [INFO] System is running in Active mode
[2025-12-15 15:20:27.824] [INFO] System is running in Active mode
[2025-12-15 15:21:25.593] [INFO] System is running in Active mode
[2025-12-15 15:21:27.844] [INFO] System is running in Active mode
[2025-12-15 15:22:25.615] [INFO] System is running in Active mode
[2025-12-15 15:22:27.865] [INFO] System is running in Active mode
[2025-12-15 15:23:25.625] [INFO] System is running in Active mode
[2025-12-15 15:23:27.886] [INFO] System is running in Active mode
[2025-12-15 15:24:25.634] [INFO] System is running in Active mode
[2025-12-15 15:24:27.895] [INFO] System is running in Active mode
[2025-12-15 15:25:25.649] [INFO] System is running in Active mode
[2025-12-15 15:25:27.923] [INFO] System is running in Active mode
[2025-12-15 15:26:25.658] [INFO] System is running in Active mode
[2025-12-15 15:26:27.953] [INFO] System is running in Active mode
[2025-12-15 15:27:25.675] [INFO] System is running in Active mode
[2025-12-15 15:27:27.963] [INFO] System is running in Active mode
[2025-12-15 15:28:25.684] [INFO] System is running in Active mode
[2025-12-15 15:28:27.970] [INFO] System is running in Active mode
[2025-12-15 15:29:25.690] [INFO] System is running in Active mode
[2025-12-15 15:29:27.988] [INFO] System is running in Active mode
[2025-12-15 15:30:25.699] [INFO] System is running in Active mode
[2025-12-15 15:30:27.996] [INFO] System is running in Active mode
[2025-12-15 15:31:25.722] [INFO] System is running in Active mode
[2025-12-15 15:31:28.022] [INFO] System is running in Active mode
[2025-12-15 15:32:25.728] [INFO] System is running in Active mode
[2025-12-15 15:32:28.040] [INFO] System is running in Active mode
[2025-12-15 15:33:25.748] [INFO] System is running in Active mode
[2025-12-15 15:33:28.050] [INFO] System is running in Active mode
[2025-12-15 15:34:25.756] [INFO] System is running in Active mode
[2025-12-15 15:34:28.054] [INFO] System is running in Active mode
[2025-12-15 15:35:25.768] [INFO] System is running in Active mode
[2025-12-15 15:35:28.069] [INFO] System is running in Active mode
[2025-12-15 15:36:25.784] [INFO] System is running in Active mode
[2025-12-15 15:36:28.084] [INFO] System is running in Active mode
[2025-12-15 15:37:25.802] [INFO] System is running in Active mode
[2025-12-15 15:37:28.103] [INFO] System is running in Active mode
[2025-12-15 15:38:25.810] [INFO] System is running in Active mode
[2025-12-15 15:38:28.112] [INFO] System is running in Active mode
[2025-12-15 15:39:25.833] [INFO] System is running in Active mode
[2025-12-15 15:39:28.136] [INFO] System is running in Active mode
[2025-12-15 15:40:25.841] [INFO] System is running in Active mode
[2025-12-15 15:40:28.152] [INFO] System is running in Active mode
[2025-12-15 15:41:25.863] [INFO] System is running in Active mode
[2025-12-15 15:41:28.163] [INFO] System is running in Active mode
[2025-12-15 15:42:25.868] [INFO] System is running in Active mode
[2025-12-15 15:42:28.183] [INFO] System is running in Active mode
[2025-12-15 15:43:25.876] [INFO] System is running in Active mode
[2025-12-15 15:43:28.190] [INFO] System is running in Active mode
[2025-12-15 15:44:25.893] [INFO] System is running in Active mode
[2025-12-15 15:44:28.211] [INFO] System is running in Active mode
[2025-12-15 15:45:25.902] [INFO] System is running in Active mode
[2025-12-15 15:45:28.218] [INFO] System is running in Active mode
[2025-12-15 15:46:25.908] [INFO] System is running in Active mode
[2025-12-15 15:46:28.238] [INFO] System is running in Active mode
[2025-12-15 15:47:25.914] [INFO] System is running in Active mode
[2025-12-15 15:47:28.247] [INFO] System is running in Active mode
[2025-12-15 15:48:25.921] [INFO] System is running in Active mode
[2025-12-15 15:48:28.271] [INFO] System is running in Active mode
[2025-12-15 15:49:25.940] [INFO] System is running in Active mode
[2025-12-15 15:49:28.289] [INFO] System is running in Active mode
[2025-12-15 15:50:25.948] [INFO] System is running in Active mode
[2025-12-15 15:50:28.299] [INFO] System is running in Active mode
[2025-12-15 15:51:25.957] [INFO] System is running in Active mode
[2025-12-15 15:51:28.305] [INFO] System is running in Active mode
[2025-12-15 15:52:25.962] [INFO] System is running in Active mode
[2025-12-15 15:52:28.326] [INFO] System is running in Active mode
[2025-12-15 15:53:25.977] [INFO] System is running in Active mode
[2025-12-15 15:53:28.351] [INFO] System is running in Active mode
[2025-12-15 15:54:25.988] [INFO] System is running in Active mode
[2025-12-15 15:54:28.373] [INFO] System is running in Active mode
[2025-12-15 15:55:25.997] [INFO] System is running in Active mode
[2025-12-15 15:55:28.390] [INFO] System is running in Active mode
[2025-12-15 15:56:26.001] [INFO] System is running in Active mode
[2025-12-15 15:56:28.401] [INFO] System is running in Active mode
[2025-12-15 15:57:26.008] [INFO] System is running in Active mode
[2025-12-15 15:57:28.425] [INFO] System is running in Active mode
[2025-12-15 15:58:26.027] [INFO] System is running in Active mode
[2025-12-15 15:58:28.443] [INFO] System is running in Active mode
[2025-12-15 15:59:26.042] [INFO] System is running in Active mode
[2025-12-15 15:59:28.459] [INFO] System is running in Active mode
[2025-12-15 16:00:26.058] [INFO] System is running in Active mode
[2025-12-15 16:00:28.476] [INFO] System is running in Active mode
[2025-12-15 16:01:26.064] [INFO] System is running in Active mode
[2025-12-15 16:01:28.495] [INFO] System is running in Active mode
[2025-12-15 16:02:26.084] [INFO] System is running in Active mode
[2025-12-15 16:02:28.505] [INFO] System is running in Active mode
[2025-12-15 16:03:26.090] [INFO] System is running in Active mode
[2025-12-15 16:03:28.525] [INFO] System is running in Active mode
[2025-12-15 16:04:26.099] [INFO] System is running in Active mode
[2025-12-15 16:04:28.549] [INFO] System is running in Active mode
[2025-12-15 16:05:26.115] [INFO] System is running in Active mode
[2025-12-15 16:05:28.570] [INFO] System is running in Active mode
[2025-12-15 16:06:26.128] [INFO] System is running in Active mode
[2025-12-15 16:06:28.592] [INFO] System is running in Active mode
[2025-12-15 16:07:26.139] [INFO] System is running in Active mode
[2025-12-15 16:07:28.616] [INFO] System is running in Active mode
[2025-12-15 16:08:26.155] [INFO] System is running in Active mode
[2025-12-15 16:08:28.639] [INFO] System is running in Active mode
[2025-12-15 16:09:26.164] [INFO] System is running in Active mode
[2025-12-15 16:09:28.679] [INFO] System is running in Active mode
[2025-12-15 16:10:26.180] [INFO] System is running in Active mode
[2025-12-15 16:10:28.736] [INFO] System is running in Active mode
[2025-12-15 16:11:26.203] [INFO] System is running in Active mode
[2025-12-15 16:11:28.754] [INFO] System is running in Active mode
[2025-12-15 16:12:26.211] [INFO] System is running in Active mode
[2025-12-15 16:12:28.776] [INFO] System is running in Active mode
[2025-12-15 16:13:26.220] [INFO] System is running in Active mode
[2025-12-15 16:13:28.783] [INFO] System is running in Active mode
[2025-12-15 16:14:26.240] [INFO] System is running in Active mode
[2025-12-15 16:14:28.792] [INFO] System is running in Active mode
[2025-12-15 16:15:26.248] [INFO] System is running in Active mode
[2025-12-15 16:15:28.811] [INFO] System is running in Active mode
[2025-12-15 16:16:26.267] [INFO] System is running in Active mode
[2025-12-15 16:16:28.836] [INFO] System is running in Active mode
[2025-12-15 16:17:26.289] [INFO] System is running in Active mode
[2025-12-15 16:17:28.842] [INFO] System is running in Active mode
[2025-12-15 16:18:26.296] [INFO] System is running in Active mode
[2025-12-15 16:18:28.848] [INFO] System is running in Active mode
[2025-12-15 16:19:26.304] [INFO] System is running in Active mode
[2025-12-15 16:19:28.855] [INFO] System is running in Active mode
[2025-12-15 16:20:26.311] [INFO] System is running in Active mode
[2025-12-15 16:20:28.875] [INFO] System is running in Active mode
[2025-12-15 16:21:26.315] [INFO] System is running in Active mode
[2025-12-15 16:21:28.882] [INFO] System is running in Active mode
[2025-12-15 16:22:26.322] [INFO] System is running in Active mode
[2025-12-15 16:22:28.904] [INFO] System is running in Active mode
[2025-12-15 16:23:26.344] [INFO] System is running in Active mode
[2025-12-15 16:23:28.909] [INFO] System is running in Active mode
[2025-12-15 16:24:26.361] [INFO] System is running in Active mode
[2025-12-15 16:24:28.931] [INFO] System is running in Active mode
[2025-12-15 16:25:26.369] [INFO] System is running in Active mode
[2025-12-15 16:25:28.949] [INFO] System is running in Active mode
[2025-12-15 16:26:26.389] [INFO] System is running in Active mode
[2025-12-15 16:26:29.009] [INFO] System is running in Active mode
[2025-12-15 16:27:26.398] [INFO] System is running in Active mode
[2025-12-15 16:27:29.033] [INFO] System is running in Active mode
[2025-12-15 16:28:26.405] [INFO] System is running in Active mode
[2025-12-15 16:28:29.052] [INFO] System is running in Active mode
[2025-12-15 16:29:26.413] [INFO] System is running in Active mode
[2025-12-15 16:29:29.062] [INFO] System is running in Active mode
[2025-12-15 16:30:26.434] [INFO] System is running in Active mode
[2025-12-15 16:30:29.077] [INFO] System is running in Active mode
[2025-12-15 16:31:26.441] [INFO] System is running in Active mode
[2025-12-15 16:31:29.091] [INFO] System is running in Active mode
[2025-12-15 16:32:26.445] [INFO] System is running in Active mode
[2025-12-15 16:32:29.113] [INFO] System is running in Active mode
[2025-12-15 16:33:26.453] [INFO] System is running in Active mode
[2025-12-15 16:33:29.119] [INFO] System is running in Active mode
[2025-12-15 16:34:26.475] [INFO] System is running in Active mode
[2025-12-15 16:34:29.124] [INFO] System is running in Active mode
[2025-12-15 16:35:26.481] [INFO] System is running in Active mode
[2025-12-15 16:35:29.143] [INFO] System is running in Active mode
[2025-12-15 16:36:26.490] [INFO] System is running in Active mode
[2025-12-15 16:36:29.154] [INFO] System is running in Active mode
[2025-12-15 16:37:26.505] [INFO] System is running in Active mode
[2025-12-15 16:37:29.175] [INFO] System is running in Active mode
[2025-12-15 16:38:26.518] [INFO] System is running in Active mode
[2025-12-15 16:38:29.183] [INFO] System is running in Active mode
[2025-12-15 16:39:26.539] [INFO] System is running in Active mode
[2025-12-15 16:39:29.202] [INFO] System is running in Active mode
[2025-12-15 16:40:26.561] [INFO] System is running in Active mode
[2025-12-15 16:40:29.223] [INFO] System is running in Active mode
[2025-12-15 16:41:26.571] [INFO] System is running in Active mode
[2025-12-15 16:41:29.245] [INFO] System is running in Active mode
[2025-12-15 16:42:26.585] [INFO] System is running in Active mode
[2025-12-15 16:42:29.254] [INFO] System is running in Active mode
[2025-12-15 16:43:26.596] [INFO] System is running in Active mode
[2025-12-15 16:43:29.273] [INFO] System is running in Active mode
[2025-12-15 16:44:26.616] [INFO] System is running in Active mode
[2025-12-15 16:44:29.280] [INFO] System is running in Active mode
[2025-12-15 16:45:26.633] [INFO] System is running in Active mode
[2025-12-15 16:45:29.295] [INFO] System is running in Active mode
[2025-12-15 16:46:26.646] [INFO] System is running in Active mode
[2025-12-15 16:46:29.313] [INFO] System is running in Active mode
[2025-12-15 16:47:26.670] [INFO] System is running in Active mode
[2025-12-15 16:47:29.335] [INFO] System is running in Active mode
[2025-12-15 16:48:26.693] [INFO] System is running in Active mode
[2025-12-15 16:48:29.357] [INFO] System is running in Active mode
[2025-12-15 16:49:26.699] [INFO] System is running in Active mode
[2025-12-15 16:49:29.381] [INFO] System is running in Active mode
[2025-12-15 16:50:26.722] [INFO] System is running in Active mode
[2025-12-15 16:50:29.401] [INFO] System is running in Active mode
[2025-12-15 16:51:26.737] [INFO] System is running in Active mode
[2025-12-15 16:51:29.409] [INFO] System is running in Active mode
[2025-12-15 16:52:26.753] [INFO] System is running in Active mode
[2025-12-15 16:52:29.430] [INFO] System is running in Active mode
[2025-12-15 16:53:26.788] [INFO] System is running in Active mode
[2025-12-15 16:53:29.499] [INFO] System is running in Active mode
[2025-12-15 16:54:26.793] [INFO] System is running in Active mode
[2025-12-15 16:54:29.773] [INFO] System is running in Active mode
[2025-12-15 16:55:26.814] [INFO] System is running in Active mode
[2025-12-15 16:55:29.782] [INFO] System is running in Active mode
[2025-12-15 16:56:26.834] [INFO] System is running in Active mode
[2025-12-15 16:56:29.803] [INFO] System is running in Active mode
[2025-12-15 16:57:26.853] [INFO] System is running in Active mode
[2025-12-15 16:57:29.808] [INFO] System is running in Active mode
[2025-12-15 16:58:26.890] [INFO] System is running in Active mode
[2025-12-15 16:58:29.844] [INFO] System is running in Active mode
[2025-12-15 16:59:26.907] [INFO] System is running in Active mode
[2025-12-15 16:59:29.854] [INFO] System is running in Active mode
[2025-12-15 17:00:26.928] [INFO] System is running in Active mode
[2025-12-15 17:00:29.872] [INFO] System is running in Active mode
[2025-12-15 17:01:26.949] [INFO] System is running in Active mode
[2025-12-15 17:01:29.899] [INFO] System is running in Active mode
[2025-12-15 17:02:26.957] [INFO] System is running in Active mode
[2025-12-15 17:02:29.904] [INFO] System is running in Active mode
[2025-12-15 17:03:26.975] [INFO] System is running in Active mode
[2025-12-15 17:03:29.914] [INFO] System is running in Active mode
[2025-12-15 17:04:26.986] [INFO] System is running in Active mode
[2025-12-15 17:04:29.918] [INFO] System is running in Active mode
[2025-12-15 17:05:26.992] [INFO] System is running in Active mode
[2025-12-15 17:05:29.937] [INFO] System is running in Active mode
[2025-12-15 17:06:27.003] [INFO] System is running in Active mode
[2025-12-15 17:06:29.948] [INFO] System is running in Active mode
[2025-12-15 17:07:27.019] [INFO] System is running in Active mode
[2025-12-15 17:07:29.969] [INFO] System is running in Active mode
[2025-12-15 17:08:27.026] [INFO] System is running in Active mode
[2025-12-15 17:08:29.990] [INFO] System is running in Active mode
[2025-12-15 17:09:27.046] [INFO] System is running in Active mode
[2025-12-15 17:09:29.996] [INFO] System is running in Active mode
[2025-12-15 17:10:27.055] [INFO] System is running in Active mode
[2025-12-15 17:10:30.004] [INFO] System is running in Active mode
[2025-12-15 17:11:27.064] [INFO] System is running in Active mode
[2025-12-15 17:11:30.024] [INFO] System is running in Active mode
[2025-12-15 17:12:27.084] [INFO] System is running in Active mode
[2025-12-15 17:12:30.045] [INFO] System is running in Active mode
[2025-12-15 17:13:27.090] [INFO] System is running in Active mode
[2025-12-15 17:13:30.070] [INFO] System is running in Active mode
[2025-12-15 17:14:27.097] [INFO] System is running in Active mode
[2025-12-15 17:14:30.078] [INFO] System is running in Active mode
[2025-12-15 17:15:27.118] [INFO] System is running in Active mode
[2025-12-15 17:15:30.101] [INFO] System is running in Active mode
[2025-12-15 17:16:27.137] [INFO] System is running in Active mode
[2025-12-15 17:16:30.123] [INFO] System is running in Active mode
[2025-12-15 17:17:27.148] [INFO] System is running in Active mode
[2025-12-15 17:17:30.134] [INFO] System is running in Active mode
[2025-12-15 17:18:27.164] [INFO] System is running in Active mode
[2025-12-15 17:18:30.156] [INFO] System is running in Active mode
[2025-12-15 17:19:27.185] [INFO] System is running in Active mode
[2025-12-15 17:19:30.175] [INFO] System is running in Active mode
[2025-12-15 17:20:27.196] [INFO] System is running in Active mode
[2025-12-15 17:20:30.181] [INFO] System is running in Active mode
[2025-12-15 17:21:27.204] [INFO] System is running in Active mode
[2025-12-15 17:21:30.202] [INFO] System is running in Active mode
[2025-12-15 17:22:27.227] [INFO] System is running in Active mode
[2025-12-15 17:22:30.211] [INFO] System is running in Active mode
[2025-12-15 17:23:27.248] [INFO] System is running in Active mode
[2025-12-15 17:23:30.226] [INFO] System is running in Active mode
[2025-12-15 17:24:27.264] [INFO] System is running in Active mode
[2025-12-15 17:24:30.237] [INFO] System is running in Active mode
[2025-12-15 17:25:27.275] [INFO] System is running in Active mode
[2025-12-15 17:25:30.257] [INFO] System is running in Active mode
[2025-12-15 17:26:27.286] [INFO] System is running in Active mode
[2025-12-15 17:26:30.278] [INFO] System is running in Active mode
[2025-12-15 17:27:27.302] [INFO] System is running in Active mode
[2025-12-15 17:27:30.301] [INFO] System is running in Active mode
[2025-12-15 17:28:27.309] [INFO] System is running in Active mode
[2025-12-15 17:28:30.317] [INFO] System is running in Active mode
[2025-12-15 17:29:27.334] [INFO] System is running in Active mode
[2025-12-15 17:29:30.332] [INFO] System is running in Active mode
[2025-12-15 17:30:27.356] [INFO] System is running in Active mode
[2025-12-15 17:30:30.356] [INFO] System is running in Active mode
[2025-12-15 17:31:27.364] [INFO] System is running in Active mode
[2025-12-15 17:31:30.373] [INFO] System is running in Active mode
[2025-12-15 17:32:27.379] [INFO] System is running in Active mode
[2025-12-15 17:32:30.381] [INFO] System is running in Active mode
[2025-12-15 17:33:27.389] [INFO] System is running in Active mode
[2025-12-15 17:33:30.392] [INFO] System is running in Active mode
[2025-12-15 17:34:27.412] [INFO] System is running in Active mode
[2025-12-15 17:34:30.411] [INFO] System is running in Active mode
[2025-12-15 17:35:27.421] [INFO] System is running in Active mode
[2025-12-15 17:35:30.420] [INFO] System is running in Active mode
[2025-12-15 17:36:27.439] [INFO] System is running in Active mode
[2025-12-15 17:36:30.437] [INFO] System is running in Active mode
[2025-12-15 17:37:27.450] [INFO] System is running in Active mode
[2025-12-15 17:37:30.445] [INFO] System is running in Active mode
[2025-12-15 17:38:27.455] [INFO] System is running in Active mode
[2025-12-15 17:38:30.466] [INFO] System is running in Active mode
[2025-12-15 17:39:27.474] [INFO] System is running in Active mode
[2025-12-15 17:39:30.488] [INFO] System is running in Active mode
[2025-12-15 17:40:27.482] [INFO] System is running in Active mode
[2025-12-15 17:40:30.496] [INFO] System is running in Active mode
[2025-12-15 17:41:27.502] [INFO] System is running in Active mode
[2025-12-15 17:41:30.514] [INFO] System is running in Active mode
[2025-12-15 17:42:27.510] [INFO] System is running in Active mode
[2025-12-15 17:42:30.526] [INFO] System is running in Active mode
[2025-12-15 17:43:27.517] [INFO] System is running in Active mode
[2025-12-15 17:43:30.547] [INFO] System is running in Active mode
[2025-12-15 17:44:27.522] [INFO] System is running in Active mode
[2025-12-15 17:44:30.571] [INFO] System is running in Active mode
[2025-12-15 17:45:27.534] [INFO] System is running in Active mode
[2025-12-15 17:45:30.590] [INFO] System is running in Active mode
[2025-12-15 17:46:27.554] [INFO] System is running in Active mode
[2025-12-15 17:46:30.604] [INFO] System is running in Active mode
[2025-12-15 17:47:27.787] [INFO] System is running in Active mode
[2025-12-15 17:47:30.616] [INFO] System is running in Active mode
[2025-12-15 17:48:27.810] [INFO] System is running in Active mode
[2025-12-15 17:48:30.640] [INFO] System is running in Active mode
[2025-12-15 17:49:27.818] [INFO] System is running in Active mode
[2025-12-15 17:49:30.649] [INFO] System is running in Active mode
[2025-12-15 17:50:27.829] [INFO] System is running in Active mode
[2025-12-15 17:50:30.667] [INFO] System is running in Active mode
[2025-12-15 17:51:27.857] [INFO] System is running in Active mode
[2025-12-15 17:51:30.685] [INFO] System is running in Active mode
[2025-12-15 17:52:27.888] [INFO] System is running in Active mode
[2025-12-15 17:52:30.696] [INFO] System is running in Active mode
[2025-12-15 17:53:27.969] [INFO] System is running in Active mode
[2025-12-15 17:53:30.715] [INFO] System is running in Active mode
[2025-12-15 17:54:27.979] [INFO] System is running in Active mode
[2025-12-15 17:54:30.735] [INFO] System is running in Active mode
[2025-12-15 17:55:27.990] [INFO] System is running in Active mode
[2025-12-15 17:55:30.760] [INFO] System is running in Active mode
[2025-12-15 17:56:28.010] [INFO] System is running in Active mode
[2025-12-15 17:56:30.770] [INFO] System is running in Active mode
[2025-12-15 17:57:28.030] [INFO] System is running in Active mode
[2025-12-15 17:57:30.785] [INFO] System is running in Active mode
[2025-12-15 17:58:28.052] [INFO] System is running in Active mode
[2025-12-15 17:58:30.805] [INFO] System is running in Active mode
[2025-12-15 17:59:28.068] [INFO] System is running in Active mode
[2025-12-15 17:59:30.818] [INFO] System is running in Active mode
[2025-12-15 18:00:28.080] [INFO] System is running in Active mode
[2025-12-15 18:00:30.848] [INFO] System is running in Active mode
[2025-12-15 18:01:28.108] [INFO] System is running in Active mode
[2025-12-15 18:01:30.899] [INFO] System is running in Active mode
[2025-12-15 18:02:28.132] [INFO] System is running in Active mode
[2025-12-15 18:02:30.916] [INFO] System is running in Active mode
[2025-12-15 18:03:28.152] [INFO] System is running in Active mode
[2025-12-15 18:03:30.926] [INFO] System is running in Active mode
[2025-12-15 18:04:28.173] [INFO] System is running in Active mode
[2025-12-15 18:04:30.942] [INFO] System is running in Active mode
[2025-12-15 18:05:28.192] [INFO] System is running in Active mode
[2025-12-15 18:05:30.978] [INFO] System is running in Active mode
[2025-12-15 18:06:28.209] [INFO] System is running in Active mode
[2025-12-15 18:06:31.001] [INFO] System is running in Active mode
[2025-12-15 18:07:28.231] [INFO] System is running in Active mode
[2025-12-15 18:07:31.016] [INFO] System is running in Active mode
[2025-12-15 18:08:28.236] [INFO] System is running in Active mode
[2025-12-15 18:08:31.036] [INFO] System is running in Active mode
[2025-12-15 18:09:28.261] [INFO] System is running in Active mode
[2025-12-15 18:09:31.052] [INFO] System is running in Active mode
[2025-12-15 18:10:28.279] [INFO] System is running in Active mode
[2025-12-15 18:10:31.064] [INFO] System is running in Active mode
[2025-12-15 18:11:28.317] [INFO] System is running in Active mode
[2025-12-15 18:11:31.079] [INFO] System is running in Active mode
[2025-12-15 18:12:28.336] [INFO] System is running in Active mode
[2025-12-15 18:12:31.086] [INFO] System is running in Active mode
[2025-12-15 18:13:28.352] [INFO] System is running in Active mode
[2025-12-15 18:13:31.107] [INFO] System is running in Active mode
[2025-12-15 18:14:28.368] [INFO] System is running in Active mode
[2025-12-15 18:14:31.114] [INFO] System is running in Active mode
[2025-12-15 18:15:28.391] [INFO] System is running in Active mode
[2025-12-15 18:15:31.121] [INFO] System is running in Active mode
[2025-12-15 18:16:28.413] [INFO] System is running in Active mode
[2025-12-15 18:16:31.140] [INFO] System is running in Active mode
[2025-12-15 18:17:28.426] [INFO] System is running in Active mode
[2025-12-15 18:17:31.148] [INFO] System is running in Active mode
[2025-12-15 18:18:28.449] [INFO] System is running in Active mode
[2025-12-15 18:18:31.166] [INFO] System is running in Active mode
[2025-12-15 18:19:28.491] [INFO] System is running in Active mode
[2025-12-15 18:19:31.343] [INFO] System is running in Active mode
[2025-12-15 18:20:28.529] [INFO] System is running in Active mode
[2025-12-15 18:20:31.430] [INFO] System is running in Active mode
[2025-12-15 18:21:28.568] [INFO] System is running in Active mode
[2025-12-15 18:21:31.766] [INFO] System is running in Active mode
[2025-12-15 18:22:28.750] [INFO] System is running in Active mode
[2025-12-15 18:22:31.851] [INFO] System is running in Active mode
[2025-12-15 18:23:28.857] [INFO] System is running in Active mode
[2025-12-15 18:23:32.019] [INFO] System is running in Active mode
[2025-12-15 18:24:28.879] [INFO] System is running in Active mode
[2025-12-15 18:24:32.046] [INFO] System is running in Active mode
[2025-12-15 18:25:28.948] [INFO] System is running in Active mode
[2025-12-15 18:25:32.103] [INFO] System is running in Active mode
[2025-12-15 18:26:28.973] [INFO] System is running in Active mode
[2025-12-15 18:26:32.157] [INFO] System is running in Active mode
[2025-12-15 18:27:29.413] [INFO] System is running in Active mode
[2025-12-15 18:27:32.777] [INFO] System is running in Active mode
[2025-12-15 18:28:29.455] [INFO] System is running in Active mode
[2025-12-15 18:28:32.819] [INFO] System is running in Active mode
[2025-12-15 18:29:29.560] [INFO] System is running in Active mode
[2025-12-15 18:29:34.095] [INFO] System is running in Active mode
[2025-12-15 18:30:29.617] [INFO] System is running in Active mode
[2025-12-15 18:30:34.239] [INFO] System is running in Active mode
[2025-12-15 18:31:29.653] [INFO] System is running in Active mode
[2025-12-15 18:31:34.408] [INFO] System is running in Active mode
[2025-12-15 18:32:29.695] [INFO] System is running in Active mode
[2025-12-15 18:32:34.480] [INFO] System is running in Active mode
[2025-12-15 18:33:29.749] [INFO] System is running in Active mode
[2025-12-15 18:33:34.614] [INFO] System is running in Active mode
[2025-12-15 18:34:29.810] [INFO] System is running in Active mode
[2025-12-15 18:34:34.701] [INFO] System is running in Active mode
[2025-12-15 18:35:29.858] [INFO] System is running in Active mode
[2025-12-15 18:35:34.722] [INFO] System is running in Active mode
[2025-12-15 18:36:29.874] [INFO] System is running in Active mode
[2025-12-15 18:36:34.743] [INFO] System is running in Active mode
[2025-12-15 18:37:29.878] [INFO] System is running in Active mode
[2025-12-15 18:37:34.750] [INFO] System is running in Active mode
[2025-12-15 18:38:29.901] [INFO] System is running in Active mode
[2025-12-15 18:38:34.773] [INFO] System is running in Active mode
[2025-12-15 18:39:29.933] [INFO] System is running in Active mode
[2025-12-15 18:39:34.801] [INFO] System is running in Active mode
[2025-12-15 18:40:29.950] [INFO] System is running in Active mode
[2025-12-15 18:40:34.815] [INFO] System is running in Active mode
[2025-12-15 18:41:29.972] [INFO] System is running in Active mode
[2025-12-15 18:41:34.826] [INFO] System is running in Active mode
[2025-12-15 18:42:29.984] [INFO] System is running in Active mode
[2025-12-15 18:42:34.833] [INFO] System is running in Active mode
[2025-12-15 18:43:30.002] [INFO] System is running in Active mode
[2025-12-15 18:43:34.850] [INFO] System is running in Active mode
[2025-12-15 18:44:30.018] [INFO] System is running in Active mode
[2025-12-15 18:44:34.863] [INFO] System is running in Active mode
[2025-12-15 18:45:30.034] [INFO] System is running in Active mode
[2025-12-15 18:45:34.881] [INFO] System is running in Active mode
[2025-12-15 18:46:30.052] [INFO] System is running in Active mode
[2025-12-15 18:46:34.892] [INFO] System is running in Active mode
[2025-12-15 18:47:30.061] [INFO] System is running in Active mode
[2025-12-15 18:47:34.906] [INFO] System is running in Active mode
[2025-12-15 18:48:30.080] [INFO] System is running in Active mode
[2025-12-15 18:48:34.925] [INFO] System is running in Active mode
[2025-12-15 18:49:30.090] [INFO] System is running in Active mode
[2025-12-15 18:49:34.938] [INFO] System is running in Active mode
[2025-12-15 18:50:30.108] [INFO] System is running in Active mode
[2025-12-15 18:50:34.950] [INFO] System is running in Active mode
[2025-12-15 18:51:30.118] [INFO] System is running in Active mode
[2025-12-15 18:51:34.967] [INFO] System is running in Active mode
[2025-12-15 18:52:30.131] [INFO] System is running in Active mode
[2025-12-15 18:52:34.975] [INFO] System is running in Active mode
[2025-12-15 18:53:30.146] [INFO] System is running in Active mode
[2025-12-15 18:53:34.994] [INFO] System is running in Active mode
[2025-12-15 18:54:30.162] [INFO] System is running in Active mode
[2025-12-15 18:54:35.036] [INFO] System is running in Active mode
[2025-12-15 18:55:30.172] [INFO] System is running in Active mode
[2025-12-15 18:55:35.055] [INFO] System is running in Active mode
[2025-12-15 18:56:30.176] [INFO] System is running in Active mode
[2025-12-15 18:56:35.067] [INFO] System is running in Active mode
[2025-12-15 18:57:30.182] [INFO] System is running in Active mode
[2025-12-15 18:57:35.086] [INFO] System is running in Active mode
[2025-12-15 18:58:30.192] [INFO] System is running in Active mode
[2025-12-15 18:58:35.105] [INFO] System is running in Active mode
[2025-12-15 18:59:30.201] [INFO] System is running in Active mode
[2025-12-15 18:59:35.110] [INFO] System is running in Active mode
[2025-12-15 19:00:30.207] [INFO] System is running in Active mode
[2025-12-15 19:00:35.122] [INFO] System is running in Active mode
[2025-12-15 19:01:30.227] [INFO] System is running in Active mode
[2025-12-15 19:01:35.128] [INFO] System is running in Active mode
[2025-12-15 19:02:30.241] [INFO] System is running in Active mode
[2025-12-15 19:02:35.149] [INFO] System is running in Active mode
[2025-12-15 19:03:30.256] [INFO] System is running in Active mode
[2025-12-15 19:03:35.161] [INFO] System is running in Active mode
[2025-12-15 19:04:30.276] [INFO] System is running in Active mode
[2025-12-15 19:04:35.171] [INFO] System is running in Active mode
[2025-12-15 19:05:30.286] [INFO] System is running in Active mode
[2025-12-15 19:05:35.184] [INFO] System is running in Active mode
[2025-12-15 19:06:30.291] [INFO] System is running in Active mode
[2025-12-15 19:06:35.190] [INFO] System is running in Active mode
[2025-12-15 19:07:30.313] [INFO] System is running in Active mode
[2025-12-15 19:07:35.196] [INFO] System is running in Active mode
[2025-12-15 19:08:30.333] [INFO] System is running in Active mode
[2025-12-15 19:08:35.219] [INFO] System is running in Active mode
[2025-12-15 19:09:30.354] [INFO] System is running in Active mode
[2025-12-15 19:09:35.225] [INFO] System is running in Active mode
[2025-12-15 19:10:30.362] [INFO] System is running in Active mode
[2025-12-15 19:10:35.236] [INFO] System is running in Active mode
[2025-12-15 19:11:30.370] [INFO] System is running in Active mode
[2025-12-15 19:11:35.269] [INFO] System is running in Active mode
[2025-12-15 19:12:30.383] [INFO] System is running in Active mode
[2025-12-15 19:12:35.283] [INFO] System is running in Active mode
[2025-12-15 19:13:30.405] [INFO] System is running in Active mode
[2025-12-15 19:13:35.322] [INFO] System is running in Active mode
[2025-12-15 19:14:30.423] [INFO] System is running in Active mode
[2025-12-15 19:14:35.585] [INFO] System is running in Active mode
[2025-12-15 19:15:30.469] [INFO] System is running in Active mode
[2025-12-15 19:15:35.602] [INFO] System is running in Active mode
[2025-12-15 19:16:30.576] [INFO] System is running in Active mode
[2025-12-15 19:16:35.607] [INFO] System is running in Active mode
[2025-12-15 19:17:30.586] [INFO] System is running in Active mode
[2025-12-15 19:17:35.627] [INFO] System is running in Active mode
[2025-12-15 19:18:30.593] [INFO] System is running in Active mode
[2025-12-15 19:18:35.641] [INFO] System is running in Active mode
[2025-12-15 19:19:30.608] [INFO] System is running in Active mode
[2025-12-15 19:19:35.659] [INFO] System is running in Active mode
[2025-12-15 19:20:30.619] [INFO] System is running in Active mode
[2025-12-15 19:20:35.675] [INFO] System is running in Active mode
[2025-12-15 19:21:30.641] [INFO] System is running in Active mode
[2025-12-15 19:21:35.685] [INFO] System is running in Active mode
[2025-12-15 19:22:30.656] [INFO] System is running in Active mode
[2025-12-15 19:22:35.702] [INFO] System is running in Active mode
[2025-12-15 19:23:30.664] [INFO] System is running in Active mode
[2025-12-15 19:23:35.719] [INFO] System is running in Active mode
[2025-12-15 19:24:30.678] [INFO] System is running in Active mode
[2025-12-15 19:24:35.729] [INFO] System is running in Active mode
[2025-12-15 19:25:30.685] [INFO] System is running in Active mode
[2025-12-15 19:25:35.738] [INFO] System is running in Active mode
[2025-12-15 19:26:30.695] [INFO] System is running in Active mode
[2025-12-15 19:26:35.765] [INFO] System is running in Active mode
[2025-12-15 19:27:30.705] [INFO] System is running in Active mode
[2025-12-15 19:27:35.782] [INFO] System is running in Active mode
[2025-12-15 19:28:30.721] [INFO] System is running in Active mode
[2025-12-15 19:28:35.807] [INFO] System is running in Active mode
[2025-12-15 19:29:30.731] [INFO] System is running in Active mode
[2025-12-15 19:29:35.818] [INFO] System is running in Active mode
[2025-12-15 19:30:30.744] [INFO] System is running in Active mode
[2025-12-15 19:30:35.828] [INFO] System is running in Active mode
[2025-12-15 19:31:30.765] [INFO] System is running in Active mode
[2025-12-15 19:31:35.849] [INFO] System is running in Active mode
[2025-12-15 19:32:30.848] [INFO] System is running in Active mode
[2025-12-15 19:32:35.959] [INFO] System is running in Active mode
[2025-12-15 19:33:30.854] [INFO] System is running in Active mode
[2025-12-15 19:33:35.977] [INFO] System is running in Active mode
[2025-12-15 19:34:30.871] [INFO] System is running in Active mode
[2025-12-15 19:34:35.992] [INFO] System is running in Active mode
[2025-12-15 19:35:30.878] [INFO] System is running in Active mode
[2025-12-15 19:35:36.021] [INFO] System is running in Active mode
[2025-12-15 19:36:30.885] [INFO] System is running in Active mode
[2025-12-15 19:36:36.029] [INFO] System is running in Active mode
[2025-12-15 19:37:30.900] [INFO] System is running in Active mode
[2025-12-15 19:37:36.058] [INFO] System is running in Active mode
[2025-12-15 19:38:30.913] [INFO] System is running in Active mode
[2025-12-15 19:38:36.078] [INFO] System is running in Active mode
[2025-12-15 19:39:30.921] [INFO] System is running in Active mode
[2025-12-15 19:39:36.085] [INFO] System is running in Active mode
[2025-12-15 19:40:30.929] [INFO] System is running in Active mode
[2025-12-15 19:40:36.099] [INFO] System is running in Active mode
[2025-12-15 19:41:30.946] [INFO] System is running in Active mode
[2025-12-15 19:41:36.115] [INFO] System is running in Active mode
[2025-12-15 19:42:30.958] [INFO] System is running in Active mode
[2025-12-15 19:42:36.137] [INFO] System is running in Active mode
[2025-12-15 19:43:30.981] [INFO] System is running in Active mode
[2025-12-15 19:43:36.160] [INFO] System is running in Active mode
[2025-12-15 19:44:30.989] [INFO] System is running in Active mode
[2025-12-15 19:44:36.177] [INFO] System is running in Active mode
[2025-12-15 19:45:30.998] [INFO] System is running in Active mode
[2025-12-15 19:45:36.192] [INFO] System is running in Active mode
[2025-12-15 19:46:31.006] [INFO] System is running in Active mode
[2025-12-15 19:46:36.209] [INFO] System is running in Active mode
[2025-12-15 19:47:31.023] [INFO] System is running in Active mode
[2025-12-15 19:47:36.226] [INFO] System is running in Active mode
[2025-12-15 19:48:31.035] [INFO] System is running in Active mode
[2025-12-15 19:48:36.243] [INFO] System is running in Active mode
[2025-12-15 19:49:31.052] [INFO] System is running in Active mode
[2025-12-15 19:49:36.255] [INFO] System is running in Active mode
[2025-12-15 19:50:31.069] [INFO] System is running in Active mode
[2025-12-15 19:50:36.269] [INFO] System is running in Active mode
[2025-12-15 19:51:31.084] [INFO] System is running in Active mode
[2025-12-15 19:51:36.288] [INFO] System is running in Active mode
[2025-12-15 19:52:31.098] [INFO] System is running in Active mode
[2025-12-15 19:52:36.299] [INFO] System is running in Active mode
[2025-12-15 19:53:31.116] [INFO] System is running in Active mode
[2025-12-15 19:53:36.319] [INFO] System is running in Active mode
[2025-12-15 19:54:31.128] [INFO] System is running in Active mode
[2025-12-15 19:54:36.348] [INFO] System is running in Active mode
[2025-12-15 19:55:31.155] [INFO] System is running in Active mode
[2025-12-15 19:55:36.396] [INFO] System is running in Active mode
[2025-12-15 19:56:31.184] [INFO] System is running in Active mode
[2025-12-15 19:56:36.415] [INFO] System is running in Active mode
[2025-12-15 19:57:31.257] [INFO] System is running in Active mode
[2025-12-15 19:57:36.945] [INFO] System is running in Active mode
[2025-12-15 19:58:31.270] [INFO] System is running in Active mode
[2025-12-15 19:58:36.964] [INFO] System is running in Active mode
[2025-12-15 19:59:31.302] [INFO] System is running in Active mode
[2025-12-15 19:59:36.980] [INFO] System is running in Active mode
[2025-12-15 20:00:31.319] [INFO] System is running in Active mode
[2025-12-15 20:00:36.995] [INFO] System is running in Active mode
[2025-12-15 20:01:31.331] [INFO] System is running in Active mode
[2025-12-15 20:01:37.006] [INFO] System is running in Active mode
[2025-12-15 20:02:31.344] [INFO] System is running in Active mode
[2025-12-15 20:02:37.026] [INFO] System is running in Active mode
[2025-12-15 20:03:31.355] [INFO] System is running in Active mode
[2025-12-15 20:03:37.052] [INFO] System is running in Active mode
[2025-12-15 20:04:31.369] [INFO] System is running in Active mode
[2025-12-15 20:04:37.061] [INFO] System is running in Active mode
[2025-12-15 20:05:31.386] [INFO] System is running in Active mode
[2025-12-15 20:05:37.112] [INFO] System is running in Active mode
[2025-12-15 20:06:31.394] [INFO] System is running in Active mode
[2025-12-15 20:06:37.332] [INFO] System is running in Active mode
[2025-12-15 20:07:31.401] [INFO] System is running in Active mode
[2025-12-15 20:07:37.374] [INFO] System is running in Active mode
[2025-12-15 20:08:31.412] [INFO] System is running in Active mode
[2025-12-15 20:08:37.392] [INFO] System is running in Active mode
[2025-12-15 20:09:31.437] [INFO] System is running in Active mode
[2025-12-15 20:09:37.412] [INFO] System is running in Active mode
[2025-12-15 20:10:31.452] [INFO] System is running in Active mode
[2025-12-15 20:10:37.462] [INFO] System is running in Active mode
[2025-12-15 20:11:31.468] [INFO] System is running in Active mode
[2025-12-15 20:11:37.485] [INFO] System is running in Active mode
[2025-12-15 20:12:31.477] [INFO] System is running in Active mode
[2025-12-15 20:12:37.495] [INFO] System is running in Active mode
[2025-12-15 20:13:31.486] [INFO] System is running in Active mode
[2025-12-15 20:13:37.519] [INFO] System is running in Active mode
[2025-12-15 20:14:31.493] [INFO] System is running in Active mode
[2025-12-15 20:14:37.541] [INFO] System is running in Active mode
[2025-12-15 20:15:31.505] [INFO] System is running in Active mode
[2025-12-15 20:15:37.553] [INFO] System is running in Active mode
[2025-12-15 20:16:31.517] [INFO] System is running in Active mode
[2025-12-15 20:16:37.565] [INFO] System is running in Active mode
[2025-12-15 20:17:31.535] [INFO] System is running in Active mode
[2025-12-15 20:17:37.599] [INFO] System is running in Active mode
[2025-12-15 20:18:31.548] [INFO] System is running in Active mode
[2025-12-15 20:18:37.617] [INFO] System is running in Active mode
[2025-12-15 20:19:31.562] [INFO] System is running in Active mode
[2025-12-15 20:19:37.627] [INFO] System is running in Active mode
[2025-12-15 20:20:31.582] [INFO] System is running in Active mode
[2025-12-15 20:20:37.640] [INFO] System is running in Active mode
[2025-12-15 20:21:31.588] [INFO] System is running in Active mode
[2025-12-15 20:21:37.661] [INFO] System is running in Active mode
[2025-12-15 20:22:31.598] [INFO] System is running in Active mode
[2025-12-15 20:22:37.666] [INFO] System is running in Active mode
[2025-12-15 20:23:31.605] [INFO] System is running in Active mode
[2025-12-15 20:23:37.685] [INFO] System is running in Active mode
[2025-12-15 20:24:31.613] [INFO] System is running in Active mode
[2025-12-15 20:24:37.694] [INFO] System is running in Active mode
[2025-12-15 20:25:31.621] [INFO] System is running in Active mode
[2025-12-15 20:25:37.705] [INFO] System is running in Active mode
[2025-12-15 20:26:31.633] [INFO] System is running in Active mode
[2025-12-15 20:26:37.713] [INFO] System is running in Active mode
[2025-12-15 20:27:31.649] [INFO] System is running in Active mode
[2025-12-15 20:27:37.721] [INFO] System is running in Active mode
[2025-12-15 20:28:31.665] [INFO] System is running in Active mode
[2025-12-15 20:28:37.731] [INFO] System is running in Active mode
[2025-12-15 20:29:31.681] [INFO] System is running in Active mode
[2025-12-15 20:29:37.748] [INFO] System is running in Active mode
[2025-12-15 20:30:31.685] [INFO] System is running in Active mode
[2025-12-15 20:30:37.760] [INFO] System is running in Active mode
[2025-12-15 20:31:31.695] [INFO] System is running in Active mode
[2025-12-15 20:31:37.780] [INFO] System is running in Active mode
[2025-12-15 20:32:31.710] [INFO] System is running in Active mode
[2025-12-15 20:32:37.803] [INFO] System is running in Active mode
[2025-12-15 20:33:31.721] [INFO] System is running in Active mode
[2025-12-15 20:33:37.820] [INFO] System is running in Active mode
[2025-12-15 20:34:31.728] [INFO] System is running in Active mode
[2025-12-15 20:34:37.829] [INFO] System is running in Active mode
[2025-12-15 20:35:31.735] [INFO] System is running in Active mode
[2025-12-15 20:35:37.847] [INFO] System is running in Active mode
[2025-12-15 20:36:31.751] [INFO] System is running in Active mode
[2025-12-15 20:36:37.863] [INFO] System is running in Active mode
[2025-12-15 20:37:31.767] [INFO] System is running in Active mode
[2025-12-15 20:37:37.878] [INFO] System is running in Active mode
[2025-12-15 20:38:31.779] [INFO] System is running in Active mode
[2025-12-15 20:38:37.899] [INFO] System is running in Active mode
[2025-12-15 20:39:31.789] [INFO] System is running in Active mode
[2025-12-15 20:39:37.938] [INFO] System is running in Active mode
[2025-12-15 20:40:31.809] [INFO] System is running in Active mode
[2025-12-15 20:40:37.945] [INFO] System is running in Active mode
[2025-12-15 20:41:31.818] [INFO] System is running in Active mode
[2025-12-15 20:41:37.953] [INFO] System is running in Active mode
[2025-12-15 20:42:31.827] [INFO] System is running in Active mode
[2025-12-15 20:42:37.964] [INFO] System is running in Active mode
[2025-12-15 20:43:31.846] [INFO] System is running in Active mode
[2025-12-15 20:43:38.050] [INFO] System is running in Active mode
[2025-12-15 20:44:31.862] [INFO] System is running in Active mode
[2025-12-15 20:44:38.075] [INFO] System is running in Active mode
[2025-12-15 20:45:31.878] [INFO] System is running in Active mode
[2025-12-15 20:45:38.096] [INFO] System is running in Active mode
[2025-12-15 20:46:31.895] [INFO] System is running in Active mode
[2025-12-15 20:46:38.136] [INFO] System is running in Active mode
[2025-12-15 20:47:31.909] [INFO] System is running in Active mode
[2025-12-15 20:47:38.148] [INFO] System is running in Active mode
[2025-12-15 20:48:31.926] [INFO] System is running in Active mode
[2025-12-15 20:48:38.165] [INFO] System is running in Active mode
[2025-12-15 20:49:31.942] [INFO] System is running in Active mode
[2025-12-15 20:49:38.184] [INFO] System is running in Active mode
[2025-12-15 20:50:31.956] [INFO] System is running in Active mode
[2025-12-15 20:50:38.196] [INFO] System is running in Active mode
[2025-12-15 20:51:31.972] [INFO] System is running in Active mode
[2025-12-15 20:51:38.213] [INFO] System is running in Active mode
[2025-12-15 20:52:31.988] [INFO] System is running in Active mode
[2025-12-15 20:52:38.228] [INFO] System is running in Active mode
[2025-12-15 20:53:32.005] [INFO] System is running in Active mode
[2025-12-15 20:53:38.245] [INFO] System is running in Active mode
[2025-12-15 20:54:32.013] [INFO] System is running in Active mode
[2025-12-15 20:54:38.260] [INFO] System is running in Active mode
[2025-12-15 20:55:32.038] [INFO] System is running in Active mode
[2025-12-15 20:55:38.277] [INFO] System is running in Active mode
[2025-12-15 20:56:32.056] [INFO] System is running in Active mode
[2025-12-15 20:56:38.285] [INFO] System is running in Active mode
[2025-12-15 20:57:32.060] [INFO] System is running in Active mode
[2025-12-15 20:57:38.299] [INFO] System is running in Active mode
[2025-12-15 20:58:32.071] [INFO] System is running in Active mode
[2025-12-15 20:58:38.311] [INFO] System is running in Active mode
[2025-12-15 20:59:32.088] [INFO] System is running in Active mode
[2025-12-15 20:59:38.327] [INFO] System is running in Active mode
[2025-12-15 21:00:32.103] [INFO] System is running in Active mode
[2025-12-15 21:00:38.348] [INFO] System is running in Active mode
[2025-12-15 21:01:32.117] [INFO] System is running in Active mode
[2025-12-15 21:01:38.371] [INFO] System is running in Active mode
[2025-12-15 21:02:32.137] [INFO] System is running in Active mode
[2025-12-15 21:02:38.381] [INFO] System is running in Active mode
[2025-12-15 21:03:32.173] [INFO] System is running in Active mode
[2025-12-15 21:03:38.399] [INFO] System is running in Active mode
[2025-12-15 21:04:32.185] [INFO] System is running in Active mode
[2025-12-15 21:04:38.410] [INFO] System is running in Active mode
[2025-12-15 21:05:32.203] [INFO] System is running in Active mode
[2025-12-15 21:05:38.426] [INFO] System is running in Active mode
[2025-12-15 21:06:32.218] [INFO] System is running in Active mode
[2025-12-15 21:06:38.441] [INFO] System is running in Active mode
[2025-12-15 21:07:32.239] [INFO] System is running in Active mode
[2025-12-15 21:07:38.455] [INFO] System is running in Active mode
[2025-12-15 21:08:32.255] [INFO] System is running in Active mode
[2025-12-15 21:08:38.471] [INFO] System is running in Active mode
[2025-12-15 21:09:32.266] [INFO] System is running in Active mode
[2025-12-15 21:09:38.482] [INFO] System is running in Active mode
[2025-12-15 21:10:32.288] [INFO] System is running in Active mode
[2025-12-15 21:10:38.488] [INFO] System is running in Active mode
[2025-12-15 21:11:32.307] [INFO] System is running in Active mode
[2025-12-15 21:11:38.502] [INFO] System is running in Active mode
[2025-12-15 21:12:32.318] [INFO] System is running in Active mode
[2025-12-15 21:12:38.527] [INFO] System is running in Active mode
[2025-12-15 21:13:32.330] [INFO] System is running in Active mode
[2025-12-15 21:13:38.540] [INFO] System is running in Active mode
[2025-12-15 21:14:32.343] [INFO] System is running in Active mode
[2025-12-15 21:14:38.559] [INFO] System is running in Active mode
[2025-12-15 21:15:32.358] [INFO] System is running in Active mode
[2025-12-15 21:15:38.595] [INFO] System is running in Active mode
[2025-12-15 21:16:32.381] [INFO] System is running in Active mode
[2025-12-15 21:16:38.605] [INFO] System is running in Active mode
[2025-12-15 21:17:32.398] [INFO] System is running in Active mode
[2025-12-15 21:17:38.624] [INFO] System is running in Active mode
[2025-12-15 21:18:32.418] [INFO] System is running in Active mode
[2025-12-15 21:18:38.644] [INFO] System is running in Active mode
[2025-12-15 21:19:32.439] [INFO] System is running in Active mode
[2025-12-15 21:19:38.650] [INFO] System is running in Active mode
[2025-12-15 21:20:32.456] [INFO] System is running in Active mode
[2025-12-15 21:20:38.657] [INFO] System is running in Active mode
[2025-12-15 21:21:32.467] [INFO] System is running in Active mode
[2025-12-15 21:21:38.672] [INFO] System is running in Active mode
[2025-12-15 21:22:32.486] [INFO] System is running in Active mode
[2025-12-15 21:22:38.691] [INFO] System is running in Active mode
[2025-12-15 21:23:32.499] [INFO] System is running in Active mode
[2025-12-15 21:23:38.697] [INFO] System is running in Active mode
[2025-12-15 21:24:32.513] [INFO] System is running in Active mode
[2025-12-15 21:24:38.705] [INFO] System is running in Active mode
[2025-12-15 21:25:32.526] [INFO] System is running in Active mode
[2025-12-15 21:25:38.751] [INFO] System is running in Active mode
[2025-12-15 21:26:32.543] [INFO] System is running in Active mode
[2025-12-15 21:26:38.778] [INFO] System is running in Active mode
[2025-12-15 21:27:32.561] [INFO] System is running in Active mode
[2025-12-15 21:27:38.791] [INFO] System is running in Active mode
[2025-12-15 21:28:32.565] [INFO] System is running in Active mode
[2025-12-15 21:28:38.808] [INFO] System is running in Active mode
[2025-12-15 21:29:32.573] [INFO] System is running in Active mode
[2025-12-15 21:29:38.831] [INFO] System is running in Active mode
[2025-12-15 21:30:32.605] [INFO] System is running in Active mode
[2025-12-15 21:30:38.857] [INFO] System is running in Active mode
[2025-12-15 21:31:32.618] [INFO] System is running in Active mode
[2025-12-15 21:31:38.875] [INFO] System is running in Active mode
[2025-12-15 21:32:32.638] [INFO] System is running in Active mode
[2025-12-15 21:32:38.888] [INFO] System is running in Active mode
[2025-12-15 21:33:32.654] [INFO] System is running in Active mode
[2025-12-15 21:33:38.904] [INFO] System is running in Active mode
[2025-12-15 21:34:32.662] [INFO] System is running in Active mode
[2025-12-15 21:34:38.923] [INFO] System is running in Active mode
[2025-12-15 21:35:32.686] [INFO] System is running in Active mode
[2025-12-15 21:35:38.934] [INFO] System is running in Active mode
[2025-12-15 21:36:32.692] [INFO] System is running in Active mode
[2025-12-15 21:36:38.955] [INFO] System is running in Active mode
[2025-12-15 21:37:32.699] [INFO] System is running in Active mode
[2025-12-15 21:37:38.975] [INFO] System is running in Active mode
[2025-12-15 21:38:32.706] [INFO] System is running in Active mode
[2025-12-15 21:38:38.986] [INFO] System is running in Active mode
[2025-12-15 21:39:32.715] [INFO] System is running in Active mode
[2025-12-15 21:39:39.005] [INFO] System is running in Active mode
[2025-12-15 21:40:32.736] [INFO] System is running in Active mode
[2025-12-15 21:40:39.020] [INFO] System is running in Active mode
[2025-12-15 21:41:32.780] [INFO] System is running in Active mode
[2025-12-15 21:41:39.051] [INFO] System is running in Active mode
[2025-12-15 21:42:33.027] [INFO] System is running in Active mode
[2025-12-15 21:42:40.301] [INFO] System is running in Active mode
[2025-12-15 21:43:33.148] [INFO] System is running in Active mode
[2025-12-15 21:43:40.342] [INFO] System is running in Active mode
[2025-12-15 21:44:33.198] [INFO] System is running in Active mode
[2025-12-15 21:44:40.839] [INFO] System is running in Active mode
[2025-12-15 21:45:33.268] [INFO] System is running in Active mode
[2025-12-15 21:45:40.882] [INFO] System is running in Active mode
[2025-12-15 21:46:33.291] [INFO] System is running in Active mode
[2025-12-15 21:46:40.947] [INFO] System is running in Active mode
[2025-12-15 21:47:33.307] [INFO] System is running in Active mode
[2025-12-15 21:47:40.958] [INFO] System is running in Active mode
[2025-12-15 21:48:33.317] [INFO] System is running in Active mode
[2025-12-15 21:48:40.974] [INFO] System is running in Active mode
[2025-12-15 21:49:33.330] [INFO] System is running in Active mode
[2025-12-15 21:49:40.981] [INFO] System is running in Active mode
[2025-12-15 21:50:33.347] [INFO] System is running in Active mode
[2025-12-15 21:50:40.995] [INFO] System is running in Active mode
[2025-12-15 21:51:33.366] [INFO] System is running in Active mode
[2025-12-15 21:51:41.035] [INFO] System is running in Active mode
[2025-12-15 21:52:33.382] [INFO] System is running in Active mode
[2025-12-15 21:52:41.046] [INFO] System is running in Active mode
[2025-12-15 21:53:33.413] [INFO] System is running in Active mode
[2025-12-15 21:53:41.056] [INFO] System is running in Active mode
[2025-12-15 21:54:33.422] [INFO] System is running in Active mode
[2025-12-15 21:54:41.083] [INFO] System is running in Active mode
[2025-12-15 21:55:33.436] [INFO] System is running in Active mode
[2025-12-15 21:55:41.091] [INFO] System is running in Active mode
[2025-12-15 21:56:33.454] [INFO] System is running in Active mode
[2025-12-15 21:56:41.106] [INFO] System is running in Active mode
[2025-12-15 21:57:33.471] [INFO] System is running in Active mode
[2025-12-15 21:57:41.128] [INFO] System is running in Active mode
[2025-12-15 21:58:33.483] [INFO] System is running in Active mode
[2025-12-15 21:58:41.154] [INFO] System is running in Active mode
[2025-12-15 21:59:33.493] [INFO] System is running in Active mode
[2025-12-15 21:59:41.168] [INFO] System is running in Active mode
[2025-12-15 22:00:33.501] [INFO] System is running in Active mode
[2025-12-15 22:00:41.183] [INFO] System is running in Active mode
[2025-12-15 22:01:33.508] [INFO] System is running in Active mode
[2025-12-15 22:01:41.187] [INFO] System is running in Active mode
[2025-12-15 22:02:33.530] [INFO] System is running in Active mode
[2025-12-15 22:02:41.195] [INFO] System is running in Active mode
[2025-12-15 22:03:33.535] [INFO] System is running in Active mode
[2025-12-15 22:03:41.214] [INFO] System is running in Active mode
[2025-12-15 22:04:33.547] [INFO] System is running in Active mode
[2025-12-15 22:04:41.225] [INFO] System is running in Active mode
[2025-12-15 22:05:33.564] [INFO] System is running in Active mode
[2025-12-15 22:05:41.234] [INFO] System is running in Active mode
[2025-12-15 22:06:33.570] [INFO] System is running in Active mode
[2025-12-15 22:06:41.254] [INFO] System is running in Active mode
[2025-12-15 22:07:33.588] [INFO] System is running in Active mode
[2025-12-15 22:07:41.264] [INFO] System is running in Active mode
[2025-12-15 22:08:33.599] [INFO] System is running in Active mode
[2025-12-15 22:08:41.283] [INFO] System is running in Active mode
[2025-12-15 22:09:33.609] [INFO] System is running in Active mode
[2025-12-15 22:09:41.302] [INFO] System is running in Active mode
[2025-12-15 22:10:33.640] [INFO] System is running in Active mode
[2025-12-15 22:10:41.321] [INFO] System is running in Active mode
[2025-12-15 22:11:33.716] [INFO] System is running in Active mode
[2025-12-15 22:11:41.334] [INFO] System is running in Active mode
[2025-12-15 22:12:33.728] [INFO] System is running in Active mode
[2025-12-15 22:12:41.350] [INFO] System is running in Active mode
[2025-12-15 22:13:33.743] [INFO] System is running in Active mode
[2025-12-15 22:13:41.359] [INFO] System is running in Active mode
[2025-12-15 22:14:33.750] [INFO] System is running in Active mode
[2025-12-15 22:14:41.366] [INFO] System is running in Active mode
[2025-12-15 22:15:33.771] [INFO] System is running in Active mode
[2025-12-15 22:15:41.385] [INFO] System is running in Active mode
[2025-12-15 22:16:33.778] [INFO] System is running in Active mode
[2025-12-15 22:16:41.394] [INFO] System is running in Active mode
[2025-12-15 22:17:33.791] [INFO] System is running in Active mode
[2025-12-15 22:17:41.412] [INFO] System is running in Active mode
[2025-12-15 22:18:33.806] [INFO] System is running in Active mode
[2025-12-15 22:18:41.438] [INFO] System is running in Active mode
[2025-12-15 22:19:33.814] [INFO] System is running in Active mode
[2025-12-15 22:19:41.444] [INFO] System is running in Active mode
[2025-12-15 22:20:33.819] [INFO] System is running in Active mode
[2025-12-15 22:20:41.465] [INFO] System is running in Active mode
[2025-12-15 22:21:33.826] [INFO] System is running in Active mode
[2025-12-15 22:21:41.475] [INFO] System is running in Active mode
[2025-12-15 22:22:33.834] [INFO] System is running in Active mode
[2025-12-15 22:22:41.494] [INFO] System is running in Active mode
[2025-12-15 22:23:33.853] [INFO] System is running in Active mode
[2025-12-15 22:23:41.516] [INFO] System is running in Active mode
[2025-12-15 22:24:33.867] [INFO] System is running in Active mode
[2025-12-15 22:24:41.527] [INFO] System is running in Active mode
[2025-12-15 22:25:33.883] [INFO] System is running in Active mode
[2025-12-15 22:25:41.551] [INFO] System is running in Active mode
[2025-12-15 22:26:33.894] [INFO] System is running in Active mode
[2025-12-15 22:26:41.569] [INFO] System is running in Active mode
[2025-12-15 22:27:33.922] [INFO] System is running in Active mode
[2025-12-15 22:27:41.650] [INFO] System is running in Active mode
[2025-12-15 22:28:33.948] [INFO] System is running in Active mode
[2025-12-15 22:28:41.711] [INFO] System is running in Active mode
[2025-12-15 22:29:33.964] [INFO] System is running in Active mode
[2025-12-15 22:29:41.725] [INFO] System is running in Active mode
[2025-12-15 22:30:33.977] [INFO] System is running in Active mode
[2025-12-15 22:30:41.739] [INFO] System is running in Active mode
[2025-12-15 22:31:33.996] [INFO] System is running in Active mode
[2025-12-15 22:31:41.753] [INFO] System is running in Active mode
[2025-12-15 22:32:34.007] [INFO] System is running in Active mode
[2025-12-15 22:32:41.771] [INFO] System is running in Active mode
[2025-12-15 22:33:34.023] [INFO] System is running in Active mode
[2025-12-15 22:33:41.783] [INFO] System is running in Active mode
[2025-12-15 22:34:34.038] [INFO] System is running in Active mode
[2025-12-15 22:34:41.800] [INFO] System is running in Active mode
[2025-12-15 22:35:34.053] [INFO] System is running in Active mode
[2025-12-15 22:35:41.814] [INFO] System is running in Active mode
[2025-12-15 22:36:34.065] [INFO] System is running in Active mode
[2025-12-15 22:36:41.826] [INFO] System is running in Active mode
[2025-12-15 22:37:34.069] [INFO] System is running in Active mode
[2025-12-15 22:37:41.845] [INFO] System is running in Active mode
[2025-12-15 22:38:34.080] [INFO] System is running in Active mode
[2025-12-15 22:38:41.858] [INFO] System is running in Active mode
[2025-12-15 22:39:34.097] [INFO] System is running in Active mode
[2025-12-15 22:39:41.868] [INFO] System is running in Active mode
[2025-12-15 22:40:34.111] [INFO] System is running in Active mode
[2025-12-15 22:40:41.885] [INFO] System is running in Active mode
[2025-12-15 22:41:34.130] [INFO] System is running in Active mode
[2025-12-15 22:41:41.901] [INFO] System is running in Active mode
[2025-12-15 22:42:34.154] [INFO] System is running in Active mode
[2025-12-15 22:42:41.931] [INFO] System is running in Active mode
[2025-12-15 22:43:34.171] [INFO] System is running in Active mode
[2025-12-15 22:43:41.955] [INFO] System is running in Active mode
[2025-12-15 22:44:34.201] [INFO] System is running in Active mode
[2025-12-15 22:44:41.977] [INFO] System is running in Active mode
[2025-12-15 22:45:34.223] [INFO] System is running in Active mode
[2025-12-15 22:45:41.998] [INFO] System is running in Active mode
[2025-12-15 22:46:34.233] [INFO] System is running in Active mode
[2025-12-15 22:46:42.014] [INFO] System is running in Active mode
[2025-12-15 22:47:34.251] [INFO] System is running in Active mode
[2025-12-15 22:47:42.025] [INFO] System is running in Active mode
[2025-12-15 22:48:34.259] [INFO] System is running in Active mode
[2025-12-15 22:48:42.041] [INFO] System is running in Active mode
[2025-12-15 22:49:34.277] [INFO] System is running in Active mode
[2025-12-15 22:49:42.059] [INFO] System is running in Active mode
[2025-12-15 22:50:34.291] [INFO] System is running in Active mode
[2025-12-15 22:50:42.088] [INFO] System is running in Active mode
[2025-12-15 22:51:34.303] [INFO] System is running in Active mode
[2025-12-15 22:51:42.106] [INFO] System is running in Active mode
[2025-12-15 22:52:34.316] [INFO] System is running in Active mode
[2025-12-15 22:52:42.120] [INFO] System is running in Active mode
[2025-12-15 22:53:34.321] [INFO] System is running in Active mode
[2025-12-15 22:53:42.137] [INFO] System is running in Active mode
[2025-12-15 22:54:34.336] [INFO] System is running in Active mode
[2025-12-15 22:54:42.151] [INFO] System is running in Active mode
[2025-12-15 22:55:34.359] [INFO] System is running in Active mode
[2025-12-15 22:55:42.168] [INFO] System is running in Active mode
[2025-12-15 22:56:34.376] [INFO] System is running in Active mode
[2025-12-15 22:56:42.185] [INFO] System is running in Active mode
[2025-12-15 22:57:34.395] [INFO] System is running in Active mode
[2025-12-15 22:57:42.241] [INFO] System is running in Active mode
[2025-12-15 22:58:34.406] [INFO] System is running in Active mode
[2025-12-15 22:58:42.253] [INFO] System is running in Active mode
[2025-12-15 22:59:34.426] [INFO] System is running in Active mode
[2025-12-15 22:59:42.280] [INFO] System is running in Active mode
[2025-12-15 23:00:34.437] [INFO] System is running in Active mode
[2025-12-15 23:00:42.296] [INFO] System is running in Active mode
[2025-12-15 23:01:34.444] [INFO] System is running in Active mode
[2025-12-15 23:01:42.309] [INFO] System is running in Active mode
[2025-12-15 23:02:34.466] [INFO] System is running in Active mode
[2025-12-15 23:02:42.318] [INFO] System is running in Active mode
[2025-12-15 23:03:34.489] [INFO] System is running in Active mode
[2025-12-15 23:03:42.346] [INFO] System is running in Active mode
[2025-12-15 23:04:34.510] [INFO] System is running in Active mode
[2025-12-15 23:04:42.372] [INFO] System is running in Active mode
[2025-12-15 23:05:34.521] [INFO] System is running in Active mode
[2025-12-15 23:05:42.946] [INFO] System is running in Active mode
[2025-12-15 23:06:34.528] [INFO] System is running in Active mode
[2025-12-15 23:06:42.956] [INFO] System is running in Active mode
[2025-12-15 23:07:34.545] [INFO] System is running in Active mode
[2025-12-15 23:07:42.969] [INFO] System is running in Active mode
[2025-12-15 23:08:34.556] [INFO] System is running in Active mode
[2025-12-15 23:08:43.008] [INFO] System is running in Active mode
[2025-12-15 23:09:34.572] [INFO] System is running in Active mode
[2025-12-15 23:09:43.069] [INFO] System is running in Active mode
[2025-12-15 23:10:34.600] [INFO] System is running in Active mode
[2025-12-15 23:10:43.078] [INFO] System is running in Active mode
[2025-12-15 23:11:34.637] [INFO] System is running in Active mode
[2025-12-15 23:11:43.086] [INFO] System is running in Active mode
[2025-12-15 23:12:34.645] [INFO] System is running in Active mode
[2025-12-15 23:12:43.102] [INFO] System is running in Active mode
[2025-12-15 23:13:34.651] [INFO] System is running in Active mode
[2025-12-15 23:13:43.114] [INFO] System is running in Active mode
[2025-12-15 23:14:34.671] [INFO] System is running in Active mode
[2025-12-15 23:14:43.125] [INFO] System is running in Active mode
[2025-12-15 23:15:34.681] [INFO] System is running in Active mode
[2025-12-15 23:15:43.144] [INFO] System is running in Active mode
[2025-12-15 23:16:34.687] [INFO] System is running in Active mode
[2025-12-15 23:16:43.166] [INFO] System is running in Active mode
[2025-12-15 23:17:34.708] [INFO] System is running in Active mode
[2025-12-15 23:17:43.190] [INFO] System is running in Active mode
[2025-12-15 23:18:34.755] [INFO] System is running in Active mode
[2025-12-15 23:18:43.216] [INFO] System is running in Active mode
[2025-12-15 23:19:34.822] [INFO] System is running in Active mode
[2025-12-15 23:19:43.234] [INFO] System is running in Active mode
[2025-12-15 23:20:34.844] [INFO] System is running in Active mode
[2025-12-15 23:20:43.299] [INFO] System is running in Active mode
[2025-12-15 23:21:34.869] [INFO] System is running in Active mode
[2025-12-15 23:21:44.067] [INFO] System is running in Active mode
[2025-12-15 23:22:34.925] [INFO] System is running in Active mode
[2025-12-15 23:22:44.171] [INFO] System is running in Active mode
[2025-12-15 23:23:34.942] [INFO] System is running in Active mode
[2025-12-15 23:23:44.189] [INFO] System is running in Active mode
[2025-12-15 23:24:34.950] [INFO] System is running in Active mode
[2025-12-15 23:24:44.199] [INFO] System is running in Active mode
[2025-12-15 23:25:34.957] [INFO] System is running in Active mode
[2025-12-15 23:25:44.217] [INFO] System is running in Active mode
[2025-12-15 23:26:34.969] [INFO] System is running in Active mode
[2025-12-15 23:26:44.227] [INFO] System is running in Active mode
[2025-12-15 23:27:34.986] [INFO] System is running in Active mode
[2025-12-15 23:27:44.237] [INFO] System is running in Active mode
[2025-12-15 23:28:34.997] [INFO] System is running in Active mode
[2025-12-15 23:28:44.245] [INFO] System is running in Active mode
[2025-12-15 23:29:35.016] [INFO] System is running in Active mode
[2025-12-15 23:29:44.253] [INFO] System is running in Active mode
[2025-12-15 23:30:35.054] [INFO] System is running in Active mode
[2025-12-15 23:30:44.284] [INFO] System is running in Active mode
[2025-12-15 23:31:35.070] [INFO] System is running in Active mode
[2025-12-15 23:31:44.299] [INFO] System is running in Active mode
[2025-12-15 23:32:35.091] [INFO] System is running in Active mode
[2025-12-15 23:32:44.309] [INFO] System is running in Active mode
[2025-12-15 23:33:35.118] [INFO] System is running in Active mode
[2025-12-15 23:33:44.338] [INFO] System is running in Active mode
[2025-12-15 23:34:35.132] [INFO] System is running in Active mode
[2025-12-15 23:34:44.357] [INFO] System is running in Active mode
[2025-12-15 23:35:35.146] [INFO] System is running in Active mode
[2025-12-15 23:35:44.370] [INFO] System is running in Active mode
[2025-12-15 23:36:35.157] [INFO] System is running in Active mode
[2025-12-15 23:36:44.391] [INFO] System is running in Active mode
[2025-12-15 23:37:35.189] [INFO] System is running in Active mode
[2025-12-15 23:37:44.521] [INFO] System is running in Active mode
[2025-12-15 23:38:35.209] [INFO] System is running in Active mode
[2025-12-15 23:38:44.527] [INFO] System is running in Active mode
[2025-12-15 23:39:35.222] [INFO] System is running in Active mode
[2025-12-15 23:39:44.538] [INFO] System is running in Active mode
[2025-12-15 23:40:35.241] [INFO] System is running in Active mode
[2025-12-15 23:40:44.552] [INFO] System is running in Active mode
[2025-12-15 23:41:35.274] [INFO] System is running in Active mode
[2025-12-15 23:41:44.571] [INFO] System is running in Active mode
[2025-12-15 23:42:35.311] [INFO] System is running in Active mode
[2025-12-15 23:42:44.586] [INFO] System is running in Active mode
[2025-12-15 23:43:35.332] [INFO] System is running in Active mode
[2025-12-15 23:43:44.600] [INFO] System is running in Active mode
[2025-12-15 23:44:35.344] [INFO] System is running in Active mode
[2025-12-15 23:44:44.613] [INFO] System is running in Active mode
[2025-12-15 23:45:35.365] [INFO] System is running in Active mode
[2025-12-15 23:45:44.632] [INFO] System is running in Active mode
[2025-12-15 23:46:35.385] [INFO] System is running in Active mode
[2025-12-15 23:46:44.639] [INFO] System is running in Active mode
[2025-12-15 23:47:35.396] [INFO] System is running in Active mode
[2025-12-15 23:47:44.645] [INFO] System is running in Active mode
[2025-12-15 23:48:35.409] [INFO] System is running in Active mode
[2025-12-15 23:48:44.666] [INFO] System is running in Active mode
[2025-12-15 23:49:35.421] [INFO] System is running in Active mode
[2025-12-15 23:49:44.684] [INFO] System is running in Active mode
[2025-12-15 23:50:35.445] [INFO] System is running in Active mode
[2025-12-15 23:50:44.695] [INFO] System is running in Active mode
[2025-12-15 23:51:35.459] [INFO] System is running in Active mode
[2025-12-15 23:51:44.709] [INFO] System is running in Active mode
[2025-12-15 23:52:35.488] [INFO] System is running in Active mode
[2025-12-15 23:52:44.876] [INFO] System is running in Active mode
[2025-12-15 23:53:35.505] [INFO] System is running in Active mode
[2025-12-15 23:53:44.886] [INFO] System is running in Active mode
[2025-12-15 23:54:35.531] [INFO] System is running in Active mode
[2025-12-15 23:54:44.906] [INFO] System is running in Active mode
[2025-12-15 23:55:35.555] [INFO] System is running in Active mode
[2025-12-15 23:55:44.917] [INFO] System is running in Active mode
[2025-12-15 23:56:35.585] [INFO] System is running in Active mode
[2025-12-15 23:56:44.925] [INFO] System is running in Active mode
[2025-12-15 23:57:35.611] [INFO] System is running in Active mode
[2025-12-15 23:57:44.942] [INFO] System is running in Active mode
[2025-12-15 23:58:35.635] [INFO] System is running in Active mode
[2025-12-15 23:58:44.965] [INFO] System is running in Active mode
[2025-12-15 23:59:35.657] [INFO] System is running in Active mode
[2025-12-15 23:59:44.984] [INFO] System is running in Active mode
[2025-12-16 00:00:35.678] [INFO] System is running in Active mode
[2025-12-16 00:00:44.993] [INFO] System is running in Active mode
[2025-12-16 00:01:35.698] [INFO] System is running in Active mode
[2025-12-16 00:01:45.015] [INFO] System is running in Active mode
[2025-12-16 00:02:35.724] [INFO] System is running in Active mode
[2025-12-16 00:02:45.023] [INFO] System is running in Active mode
[2025-12-16 00:03:35.747] [INFO] System is running in Active mode
[2025-12-16 00:03:45.045] [INFO] System is running in Active mode
[2025-12-16 00:04:35.768] [INFO] System is running in Active mode
[2025-12-16 00:04:45.067] [INFO] System is running in Active mode
[2025-12-16 00:05:35.789] [INFO] System is running in Active mode
[2025-12-16 00:05:45.075] [INFO] System is running in Active mode
[2025-12-16 00:06:35.812] [INFO] System is running in Active mode
[2025-12-16 00:06:45.097] [INFO] System is running in Active mode
[2025-12-16 00:07:35.834] [INFO] System is running in Active mode
[2025-12-16 00:07:45.157] [INFO] System is running in Active mode
[2025-12-16 00:08:35.861] [INFO] System is running in Active mode
[2025-12-16 00:08:45.176] [INFO] System is running in Active mode
[2025-12-16 00:09:35.884] [INFO] System is running in Active mode
[2025-12-16 00:09:45.218] [INFO] System is running in Active mode
[2025-12-16 00:10:35.914] [INFO] System is running in Active mode
[2025-12-16 00:10:45.246] [INFO] System is running in Active mode
[2025-12-16 00:11:35.934] [INFO] System is running in Active mode
[2025-12-16 00:11:45.258] [INFO] System is running in Active mode
[2025-12-16 00:12:35.966] [INFO] System is running in Active mode
[2025-12-16 00:12:45.279] [INFO] System is running in Active mode
[2025-12-16 00:13:35.992] [INFO] System is running in Active mode
[2025-12-16 00:13:45.352] [INFO] System is running in Active mode
[2025-12-16 00:14:36.030] [INFO] System is running in Active mode
[2025-12-16 00:14:45.385] [INFO] System is running in Active mode
[2025-12-16 00:15:36.054] [INFO] System is running in Active mode
[2025-12-16 00:15:45.468] [INFO] System is running in Active mode
[2025-12-16 00:16:36.064] [INFO] System is running in Active mode
[2025-12-16 00:16:45.501] [INFO] System is running in Active mode
[2025-12-16 00:17:36.075] [INFO] System is running in Active mode
[2025-12-16 00:17:45.528] [INFO] System is running in Active mode
[2025-12-16 00:18:36.098] [INFO] System is running in Active mode
[2025-12-16 00:18:45.538] [INFO] System is running in Active mode
[2025-12-16 00:19:36.123] [INFO] System is running in Active mode
[2025-12-16 00:19:45.555] [INFO] System is running in Active mode
[2025-12-16 00:20:36.148] [INFO] System is running in Active mode
[2025-12-16 00:20:45.572] [INFO] System is running in Active mode
[2025-12-16 00:21:36.188] [INFO] System is running in Active mode
[2025-12-16 00:21:45.582] [INFO] System is running in Active mode
[2025-12-16 00:22:36.211] [INFO] System is running in Active mode
[2025-12-16 00:22:45.607] [INFO] System is running in Active mode
[2025-12-16 00:23:36.239] [INFO] System is running in Active mode
[2025-12-16 00:23:45.615] [INFO] System is running in Active mode
[2025-12-16 00:24:36.261] [INFO] System is running in Active mode
[2025-12-16 00:24:45.621] [INFO] System is running in Active mode
[2025-12-16 00:25:36.277] [INFO] System is running in Active mode
[2025-12-16 00:25:45.642] [INFO] System is running in Active mode
[2025-12-16 00:26:36.302] [INFO] System is running in Active mode
[2025-12-16 00:26:45.663] [INFO] System is running in Active mode
[2025-12-16 00:27:36.323] [INFO] System is running in Active mode
[2025-12-16 00:27:45.676] [INFO] System is running in Active mode
[2025-12-16 00:28:36.350] [INFO] System is running in Active mode
[2025-12-16 00:28:45.693] [INFO] System is running in Active mode
[2025-12-16 00:29:36.363] [INFO] System is running in Active mode
[2025-12-16 00:29:45.708] [INFO] System is running in Active mode
[2025-12-16 00:30:36.381] [INFO] System is running in Active mode
[2025-12-16 00:30:45.717] [INFO] System is running in Active mode
[2025-12-16 00:31:36.395] [INFO] System is running in Active mode
[2025-12-16 00:31:45.731] [INFO] System is running in Active mode
[2025-12-16 00:32:36.427] [INFO] System is running in Active mode
[2025-12-16 00:32:45.763] [INFO] System is running in Active mode
[2025-12-16 00:33:36.465] [INFO] System is running in Active mode
[2025-12-16 00:33:45.786] [INFO] System is running in Active mode
[2025-12-16 00:34:36.519] [INFO] System is running in Active mode
[2025-12-16 00:34:45.810] [INFO] System is running in Active mode
[2025-12-16 00:35:36.549] [INFO] System is running in Active mode
[2025-12-16 00:35:45.819] [INFO] System is running in Active mode
[2025-12-16 00:36:36.584] [INFO] System is running in Active mode
[2025-12-16 00:36:45.835] [INFO] System is running in Active mode
[2025-12-16 00:37:36.700] [INFO] System is running in Active mode
[2025-12-16 00:37:45.861] [INFO] System is running in Active mode
[2025-12-16 00:38:36.766] [INFO] System is running in Active mode
[2025-12-16 00:38:45.870] [INFO] System is running in Active mode
[2025-12-16 00:39:36.809] [INFO] System is running in Active mode
[2025-12-16 00:39:45.879] [INFO] System is running in Active mode
[2025-12-16 00:40:36.838] [INFO] System is running in Active mode
[2025-12-16 00:40:45.883] [INFO] System is running in Active mode
[2025-12-16 00:41:36.856] [INFO] System is running in Active mode
[2025-12-16 00:41:45.902] [INFO] System is running in Active mode
[2025-12-16 00:42:36.882] [INFO] System is running in Active mode
[2025-12-16 00:42:45.917] [INFO] System is running in Active mode
[2025-12-16 00:43:36.906] [INFO] System is running in Active mode
[2025-12-16 00:43:45.926] [INFO] System is running in Active mode
[2025-12-16 00:44:36.977] [INFO] System is running in Active mode
[2025-12-16 00:44:45.935] [INFO] System is running in Active mode
[2025-12-16 00:45:37.089] [INFO] System is running in Active mode
[2025-12-16 00:45:45.951] [INFO] System is running in Active mode
[2025-12-16 00:46:37.256] [INFO] System is running in Active mode
[2025-12-16 00:46:45.965] [INFO] System is running in Active mode
[2025-12-16 00:47:37.493] [INFO] System is running in Active mode
[2025-12-16 00:47:45.972] [INFO] System is running in Active mode
[2025-12-16 00:48:37.532] [INFO] System is running in Active mode
[2025-12-16 00:48:45.994] [INFO] System is running in Active mode
[2025-12-16 00:49:37.574] [INFO] System is running in Active mode
[2025-12-16 00:49:46.014] [INFO] System is running in Active mode
[2025-12-16 00:50:37.601] [INFO] System is running in Active mode
[2025-12-16 00:50:46.049] [INFO] System is running in Active mode
[2025-12-16 00:51:37.839] [INFO] System is running in Active mode
[2025-12-16 00:51:46.098] [INFO] System is running in Active mode
[2025-12-16 00:52:38.075] [INFO] System is running in Active mode
[2025-12-16 00:52:46.147] [INFO] System is running in Active mode
[2025-12-16 00:53:38.091] [INFO] System is running in Active mode
[2025-12-16 00:53:46.159] [INFO] System is running in Active mode
[2025-12-16 00:54:38.110] [INFO] System is running in Active mode
[2025-12-16 00:54:46.179] [INFO] System is running in Active mode
[2025-12-16 00:55:38.131] [INFO] System is running in Active mode
[2025-12-16 00:55:46.188] [INFO] System is running in Active mode
[2025-12-16 00:56:38.209] [INFO] System is running in Active mode
[2025-12-16 00:56:46.204] [INFO] System is running in Active mode
[2025-12-16 00:57:38.218] [INFO] System is running in Active mode
[2025-12-16 00:57:46.213] [INFO] System is running in Active mode
[2025-12-16 00:58:38.286] [INFO] System is running in Active mode
[2025-12-16 00:58:46.238] [INFO] System is running in Active mode
[2025-12-16 00:59:38.306] [INFO] System is running in Active mode
[2025-12-16 00:59:46.255] [INFO] System is running in Active mode
[2025-12-16 01:00:38.380] [INFO] System is running in Active mode
[2025-12-16 01:00:46.264] [INFO] System is running in Active mode
[2025-12-16 01:01:38.406] [INFO] System is running in Active mode
[2025-12-16 01:01:46.289] [INFO] System is running in Active mode
[2025-12-16 01:02:38.471] [INFO] System is running in Active mode
[2025-12-16 01:02:46.311] [INFO] System is running in Active mode
[2025-12-16 01:03:38.580] [INFO] System is running in Active mode
[2025-12-16 01:03:46.331] [INFO] System is running in Active mode
[2025-12-16 01:04:38.609] [INFO] System is running in Active mode
[2025-12-16 01:04:46.352] [INFO] System is running in Active mode
[2025-12-16 01:05:38.638] [INFO] System is running in Active mode
[2025-12-16 01:05:46.374] [INFO] System is running in Active mode
[2025-12-16 01:06:38.652] [INFO] System is running in Active mode
[2025-12-16 01:06:46.386] [INFO] System is running in Active mode
[2025-12-16 01:07:38.674] [INFO] System is running in Active mode
[2025-12-16 01:07:46.398] [INFO] System is running in Active mode
[2025-12-16 01:08:38.689] [INFO] System is running in Active mode
[2025-12-16 01:08:46.405] [INFO] System is running in Active mode
[2025-12-16 01:09:38.714] [INFO] System is running in Active mode
[2025-12-16 01:09:46.420] [INFO] System is running in Active mode
[2025-12-16 01:10:38.744] [INFO] System is running in Active mode
[2025-12-16 01:10:46.442] [INFO] System is running in Active mode
[2025-12-16 01:11:38.775] [INFO] System is running in Active mode
[2025-12-16 01:11:46.452] [INFO] System is running in Active mode
[2025-12-16 01:12:38.807] [INFO] System is running in Active mode
[2025-12-16 01:12:46.477] [INFO] System is running in Active mode
[2025-12-16 01:13:38.819] [INFO] System is running in Active mode
[2025-12-16 01:13:46.500] [INFO] System is running in Active mode
[2025-12-16 01:14:38.835] [INFO] System is running in Active mode
[2025-12-16 01:14:46.523] [INFO] System is running in Active mode
[2025-12-16 01:15:38.875] [INFO] System is running in Active mode
[2025-12-16 01:15:46.552] [INFO] System is running in Active mode
[2025-12-16 01:16:38.912] [INFO] System is running in Active mode
[2025-12-16 01:16:46.568] [INFO] System is running in Active mode
[2025-12-16 01:17:38.929] [INFO] System is running in Active mode
[2025-12-16 01:17:46.592] [INFO] System is running in Active mode
[2025-12-16 01:18:38.949] [INFO] System is running in Active mode
[2025-12-16 01:18:46.599] [INFO] System is running in Active mode
[2025-12-16 01:19:38.970] [INFO] System is running in Active mode
[2025-12-16 01:19:46.627] [INFO] System is running in Active mode
[2025-12-16 01:20:38.988] [INFO] System is running in Active mode
[2025-12-16 01:20:46.655] [INFO] System is running in Active mode
[2025-12-16 01:21:38.999] [INFO] System is running in Active mode
[2025-12-16 01:21:46.674] [INFO] System is running in Active mode
[2025-12-16 01:22:39.063] [INFO] System is running in Active mode
[2025-12-16 01:22:46.723] [INFO] System is running in Active mode
[2025-12-16 01:23:39.177] [INFO] System is running in Active mode
[2025-12-16 01:23:46.871] [INFO] System is running in Active mode
[2025-12-16 01:24:39.221] [INFO] System is running in Active mode
[2025-12-16 01:24:46.893] [INFO] System is running in Active mode
[2025-12-16 01:25:39.247] [INFO] System is running in Active mode
[2025-12-16 01:25:46.930] [INFO] System is running in Active mode
[2025-12-16 01:26:39.285] [INFO] System is running in Active mode
[2025-12-16 01:26:46.948] [INFO] System is running in Active mode
[2025-12-16 01:27:39.378] [INFO] System is running in Active mode
[2025-12-16 01:27:47.063] [INFO] System is running in Active mode
[2025-12-16 01:28:39.399] [INFO] System is running in Active mode
[2025-12-16 01:28:47.213] [INFO] System is running in Active mode
[2025-12-16 01:29:39.447] [INFO] System is running in Active mode
[2025-12-16 01:29:47.241] [INFO] System is running in Active mode
[2025-12-16 01:30:39.501] [INFO] System is running in Active mode
[2025-12-16 01:30:47.366] [INFO] System is running in Active mode
[2025-12-16 01:31:39.528] [INFO] System is running in Active mode
[2025-12-16 01:31:48.130] [INFO] System is running in Active mode
[2025-12-16 01:32:39.543] [INFO] System is running in Active mode
[2025-12-16 01:32:48.157] [INFO] System is running in Active mode
[2025-12-16 01:33:39.580] [INFO] System is running in Active mode
[2025-12-16 01:33:48.209] [INFO] System is running in Active mode
[2025-12-16 01:34:39.595] [INFO] System is running in Active mode
[2025-12-16 01:34:48.230] [INFO] System is running in Active mode
[2025-12-16 01:35:39.604] [INFO] System is running in Active mode
[2025-12-16 01:35:48.253] [INFO] System is running in Active mode
[2025-12-16 01:36:39.628] [INFO] System is running in Active mode
[2025-12-16 01:36:48.264] [INFO] System is running in Active mode
[2025-12-16 01:37:39.643] [INFO] System is running in Active mode
[2025-12-16 01:37:48.286] [INFO] System is running in Active mode
[2025-12-16 01:38:39.673] [INFO] System is running in Active mode
[2025-12-16 01:38:48.309] [INFO] System is running in Active mode
[2025-12-16 01:39:39.698] [INFO] System is running in Active mode
[2025-12-16 01:39:48.339] [INFO] System is running in Active mode
[2025-12-16 01:40:39.758] [INFO] System is running in Active mode
[2025-12-16 01:40:48.353] [INFO] System is running in Active mode
[2025-12-16 01:41:39.795] [INFO] System is running in Active mode
[2025-12-16 01:41:48.370] [INFO] System is running in Active mode
[2025-12-16 01:42:39.830] [INFO] System is running in Active mode
[2025-12-16 01:42:48.381] [INFO] System is running in Active mode
[2025-12-16 01:43:39.860] [INFO] System is running in Active mode
[2025-12-16 01:43:48.388] [INFO] System is running in Active mode
[2025-12-16 01:44:39.903] [INFO] System is running in Active mode
[2025-12-16 01:44:48.409] [INFO] System is running in Active mode
[2025-12-16 01:45:39.961] [INFO] System is running in Active mode
[2025-12-16 01:45:48.422] [INFO] System is running in Active mode
[2025-12-16 01:46:39.989] [INFO] System is running in Active mode
[2025-12-16 01:46:48.440] [INFO] System is running in Active mode
[2025-12-16 01:47:40.014] [INFO] System is running in Active mode
[2025-12-16 01:47:48.460] [INFO] System is running in Active mode
[2025-12-16 01:48:40.054] [INFO] System is running in Active mode
[2025-12-16 01:48:48.468] [INFO] System is running in Active mode
[2025-12-16 01:49:40.081] [INFO] System is running in Active mode
[2025-12-16 01:49:48.488] [INFO] System is running in Active mode
[2025-12-16 01:50:40.109] [INFO] System is running in Active mode
[2025-12-16 01:50:48.508] [INFO] System is running in Active mode
[2025-12-16 01:51:40.137] [INFO] System is running in Active mode
[2025-12-16 01:51:48.525] [INFO] System is running in Active mode
[2025-12-16 01:52:40.165] [INFO] System is running in Active mode
[2025-12-16 01:52:48.542] [INFO] System is running in Active mode
[2025-12-16 01:53:40.199] [INFO] System is running in Active mode
[2025-12-16 01:53:48.549] [INFO] System is running in Active mode
[2025-12-16 01:54:40.222] [INFO] System is running in Active mode
[2025-12-16 01:54:48.571] [INFO] System is running in Active mode
[2025-12-16 01:55:40.289] [INFO] System is running in Active mode
[2025-12-16 01:55:48.581] [INFO] System is running in Active mode
[2025-12-16 01:56:40.306] [INFO] System is running in Active mode
[2025-12-16 01:56:48.598] [INFO] System is running in Active mode
[2025-12-16 01:57:40.330] [INFO] System is running in Active mode
[2025-12-16 01:57:48.607] [INFO] System is running in Active mode
[2025-12-16 01:58:40.352] [INFO] System is running in Active mode
[2025-12-16 01:58:48.624] [INFO] System is running in Active mode
[2025-12-16 01:59:40.369] [INFO] System is running in Active mode
[2025-12-16 01:59:48.645] [INFO] System is running in Active mode
[2025-12-16 02:00:40.401] [INFO] System is running in Active mode
[2025-12-16 02:00:48.661] [INFO] System is running in Active mode
[2025-12-16 02:01:40.429] [INFO] System is running in Active mode
[2025-12-16 02:01:48.680] [INFO] System is running in Active mode
[2025-12-16 02:02:40.451] [INFO] System is running in Active mode
[2025-12-16 02:02:48.691] [INFO] System is running in Active mode
[2025-12-16 02:03:40.474] [INFO] System is running in Active mode
[2025-12-16 02:03:48.715] [INFO] System is running in Active mode
[2025-12-16 02:04:40.494] [INFO] System is running in Active mode
[2025-12-16 02:04:48.733] [INFO] System is running in Active mode
[2025-12-16 02:05:40.515] [INFO] System is running in Active mode
[2025-12-16 02:05:48.769] [INFO] System is running in Active mode
[2025-12-16 02:06:40.535] [INFO] System is running in Active mode
[2025-12-16 02:06:48.778] [INFO] System is running in Active mode
[2025-12-16 02:07:40.559] [INFO] System is running in Active mode
[2025-12-16 02:07:48.787] [INFO] System is running in Active mode
[2025-12-16 02:08:40.581] [INFO] System is running in Active mode
[2025-12-16 02:08:48.815] [INFO] System is running in Active mode
[2025-12-16 02:09:40.601] [INFO] System is running in Active mode
[2025-12-16 02:09:48.834] [INFO] System is running in Active mode
[2025-12-16 02:10:40.619] [INFO] System is running in Active mode
[2025-12-16 02:10:48.852] [INFO] System is running in Active mode
[2025-12-16 02:11:40.687] [INFO] System is running in Active mode
[2025-12-16 02:11:48.881] [INFO] System is running in Active mode
[2025-12-16 02:12:40.724] [INFO] System is running in Active mode
[2025-12-16 02:12:48.971] [INFO] System is running in Active mode
[2025-12-16 02:13:40.744] [INFO] System is running in Active mode
[2025-12-16 02:13:48.990] [INFO] System is running in Active mode
[2025-12-16 02:14:40.753] [INFO] System is running in Active mode
[2025-12-16 02:14:49.081] [INFO] System is running in Active mode
[2025-12-16 02:15:40.770] [INFO] System is running in Active mode
[2025-12-16 02:15:49.096] [INFO] System is running in Active mode
[2025-12-16 02:16:40.778] [INFO] System is running in Active mode
[2025-12-16 02:16:49.115] [INFO] System is running in Active mode
[2025-12-16 02:17:40.798] [INFO] System is running in Active mode
[2025-12-16 02:17:49.132] [INFO] System is running in Active mode
[2025-12-16 02:18:40.809] [INFO] System is running in Active mode
[2025-12-16 02:18:49.149] [INFO] System is running in Active mode
[2025-12-16 02:19:40.817] [INFO] System is running in Active mode
[2025-12-16 02:19:49.179] [INFO] System is running in Active mode
[2025-12-16 02:20:40.838] [INFO] System is running in Active mode
[2025-12-16 02:20:49.191] [INFO] System is running in Active mode
[2025-12-16 02:21:40.864] [INFO] System is running in Active mode
[2025-12-16 02:21:49.198] [INFO] System is running in Active mode
[2025-12-16 02:22:40.889] [INFO] System is running in Active mode
[2025-12-16 02:22:49.211] [INFO] System is running in Active mode
[2025-12-16 02:23:40.921] [INFO] System is running in Active mode
[2025-12-16 02:23:49.231] [INFO] System is running in Active mode
[2025-12-16 02:24:40.938] [INFO] System is running in Active mode
[2025-12-16 02:24:49.242] [INFO] System is running in Active mode
[2025-12-16 02:25:40.964] [INFO] System is running in Active mode
[2025-12-16 02:25:49.263] [INFO] System is running in Active mode
[2025-12-16 02:26:40.983] [INFO] System is running in Active mode
[2025-12-16 02:26:49.270] [INFO] System is running in Active mode
[2025-12-16 02:27:41.004] [INFO] System is running in Active mode
[2025-12-16 02:27:49.282] [INFO] System is running in Active mode
[2025-12-16 02:28:41.023] [INFO] System is running in Active mode
[2025-12-16 02:28:49.299] [INFO] System is running in Active mode
[2025-12-16 02:29:41.041] [INFO] System is running in Active mode
[2025-12-16 02:29:49.310] [INFO] System is running in Active mode
[2025-12-16 02:30:41.061] [INFO] System is running in Active mode
[2025-12-16 02:30:49.318] [INFO] System is running in Active mode
[2025-12-16 02:31:41.067] [INFO] System is running in Active mode
[2025-12-16 02:31:49.333] [INFO] System is running in Active mode
[2025-12-16 02:32:41.090] [INFO] System is running in Active mode
[2025-12-16 02:32:49.356] [INFO] System is running in Active mode
[2025-12-16 02:33:41.111] [INFO] System is running in Active mode
[2025-12-16 02:33:49.375] [INFO] System is running in Active mode
[2025-12-16 02:34:41.135] [INFO] System is running in Active mode
[2025-12-16 02:34:49.399] [INFO] System is running in Active mode
[2025-12-16 02:35:41.155] [INFO] System is running in Active mode
[2025-12-16 02:35:49.423] [INFO] System is running in Active mode
[2025-12-16 02:36:41.181] [INFO] System is running in Active mode
[2025-12-16 02:36:49.450] [INFO] System is running in Active mode
[2025-12-16 02:37:41.204] [INFO] System is running in Active mode
[2025-12-16 02:37:49.472] [INFO] System is running in Active mode
[2025-12-16 02:38:41.225] [INFO] System is running in Active mode
[2025-12-16 02:38:49.485] [INFO] System is running in Active mode
[2025-12-16 02:39:41.244] [INFO] System is running in Active mode
[2025-12-16 02:39:49.495] [INFO] System is running in Active mode
[2025-12-16 02:40:41.268] [INFO] System is running in Active mode
[2025-12-16 02:40:49.502] [INFO] System is running in Active mode
[2025-12-16 02:41:41.294] [INFO] System is running in Active mode
[2025-12-16 02:41:49.506] [INFO] System is running in Active mode
[2025-12-16 02:42:41.309] [INFO] System is running in Active mode
[2025-12-16 02:42:49.517] [INFO] System is running in Active mode
[2025-12-16 02:43:41.322] [INFO] System is running in Active mode
[2025-12-16 02:43:49.537] [INFO] System is running in Active mode
[2025-12-16 02:44:41.344] [INFO] System is running in Active mode
[2025-12-16 02:44:49.544] [INFO] System is running in Active mode
[2025-12-16 02:45:41.366] [INFO] System is running in Active mode
[2025-12-16 02:45:49.549] [INFO] System is running in Active mode
[2025-12-16 02:46:41.388] [INFO] System is running in Active mode
[2025-12-16 02:46:49.569] [INFO] System is running in Active mode
[2025-12-16 02:47:41.413] [INFO] System is running in Active mode
[2025-12-16 02:47:49.593] [INFO] System is running in Active mode
[2025-12-16 02:48:41.433] [INFO] System is running in Active mode
[2025-12-16 02:48:49.599] [INFO] System is running in Active mode
[2025-12-16 02:49:41.452] [INFO] System is running in Active mode
[2025-12-16 02:49:49.618] [INFO] System is running in Active mode
[2025-12-16 02:50:41.482] [INFO] System is running in Active mode
[2025-12-16 02:50:49.651] [INFO] System is running in Active mode
[2025-12-16 02:51:41.514] [INFO] System is running in Active mode
[2025-12-16 02:51:49.667] [INFO] System is running in Active mode
[2025-12-16 02:52:41.542] [INFO] System is running in Active mode
[2025-12-16 02:52:49.676] [INFO] System is running in Active mode
[2025-12-16 02:53:41.568] [INFO] System is running in Active mode
[2025-12-16 02:53:49.699] [INFO] System is running in Active mode
[2025-12-16 02:54:41.586] [INFO] System is running in Active mode
[2025-12-16 02:54:49.709] [INFO] System is running in Active mode
[2025-12-16 02:55:41.606] [INFO] System is running in Active mode
[2025-12-16 02:55:49.731] [INFO] System is running in Active mode
[2025-12-16 02:56:41.631] [INFO] System is running in Active mode
[2025-12-16 02:56:49.751] [INFO] System is running in Active mode
[2025-12-16 02:57:41.648] [INFO] System is running in Active mode
[2025-12-16 02:57:49.761] [INFO] System is running in Active mode
[2025-12-16 02:58:41.662] [INFO] System is running in Active mode
[2025-12-16 02:58:49.772] [INFO] System is running in Active mode
[2025-12-16 02:59:41.685] [INFO] System is running in Active mode
[2025-12-16 02:59:49.779] [INFO] System is running in Active mode
[2025-12-16 03:00:41.700] [INFO] System is running in Active mode
[2025-12-16 03:00:49.787] [INFO] System is running in Active mode
[2025-12-16 03:01:41.743] [INFO] System is running in Active mode
[2025-12-16 03:01:49.795] [INFO] System is running in Active mode
[2025-12-16 03:02:41.872] [INFO] System is running in Active mode
[2025-12-16 03:02:49.821] [INFO] System is running in Active mode
[2025-12-16 03:03:41.900] [INFO] System is running in Active mode
[2025-12-16 03:03:49.836] [INFO] System is running in Active mode
[2025-12-16 03:04:41.927] [INFO] System is running in Active mode
[2025-12-16 03:04:49.846] [INFO] System is running in Active mode
[2025-12-16 03:05:41.946] [INFO] System is running in Active mode
[2025-12-16 03:05:49.863] [INFO] System is running in Active mode
[2025-12-16 03:06:41.964] [INFO] System is running in Active mode
[2025-12-16 03:06:49.875] [INFO] System is running in Active mode
[2025-12-16 03:07:41.994] [INFO] System is running in Active mode
[2025-12-16 03:07:49.891] [INFO] System is running in Active mode
[2025-12-16 03:08:42.019] [INFO] System is running in Active mode
[2025-12-16 03:08:49.906] [INFO] System is running in Active mode
[2025-12-16 03:09:42.064] [INFO] System is running in Active mode
[2025-12-16 03:09:49.922] [INFO] System is running in Active mode
[2025-12-16 03:10:42.088] [INFO] System is running in Active mode
[2025-12-16 03:10:49.948] [INFO] System is running in Active mode
[2025-12-16 03:11:42.106] [INFO] System is running in Active mode
[2025-12-16 03:11:49.970] [INFO] System is running in Active mode
[2025-12-16 03:12:42.122] [INFO] System is running in Active mode
[2025-12-16 03:12:49.989] [INFO] System is running in Active mode
[2025-12-16 03:13:42.150] [INFO] System is running in Active mode
[2025-12-16 03:13:49.996] [INFO] System is running in Active mode
[2025-12-16 03:14:42.186] [INFO] System is running in Active mode
[2025-12-16 03:14:50.014] [INFO] System is running in Active mode
[2025-12-16 03:15:42.219] [INFO] System is running in Active mode
[2025-12-16 03:15:50.029] [INFO] System is running in Active mode
[2025-12-16 03:16:42.249] [INFO] System is running in Active mode
[2025-12-16 03:16:50.047] [INFO] System is running in Active mode
[2025-12-16 03:17:42.276] [INFO] System is running in Active mode
[2025-12-16 03:17:50.068] [INFO] System is running in Active mode
[2025-12-16 03:18:42.319] [INFO] System is running in Active mode
[2025-12-16 03:18:50.088] [INFO] System is running in Active mode
[2025-12-16 03:19:42.362] [INFO] System is running in Active mode
[2025-12-16 03:19:50.104] [INFO] System is running in Active mode
[2025-12-16 03:20:42.483] [INFO] System is running in Active mode
[2025-12-16 03:20:50.129] [INFO] System is running in Active mode
[2025-12-16 03:21:42.516] [INFO] System is running in Active mode
[2025-12-16 03:21:50.165] [INFO] System is running in Active mode
[2025-12-16 03:22:42.546] [INFO] System is running in Active mode
[2025-12-16 03:22:50.208] [INFO] System is running in Active mode
[2025-12-16 03:23:42.636] [INFO] System is running in Active mode
[2025-12-16 03:23:50.340] [INFO] System is running in Active mode
[2025-12-16 03:24:42.700] [INFO] System is running in Active mode
[2025-12-16 03:24:50.360] [INFO] System is running in Active mode
[2025-12-16 03:25:42.720] [INFO] System is running in Active mode
[2025-12-16 03:25:50.368] [INFO] System is running in Active mode
[2025-12-16 03:26:42.784] [INFO] System is running in Active mode
[2025-12-16 03:26:50.390] [INFO] System is running in Active mode
[2025-12-16 03:27:42.934] [INFO] System is running in Active mode
[2025-12-16 03:27:50.413] [INFO] System is running in Active mode
[2025-12-16 03:28:42.985] [INFO] System is running in Active mode
[2025-12-16 03:28:50.429] [INFO] System is running in Active mode
[2025-12-16 03:29:43.079] [INFO] System is running in Active mode
[2025-12-16 03:29:50.439] [INFO] System is running in Active mode
[2025-12-16 03:30:43.104] [INFO] System is running in Active mode
[2025-12-16 03:30:50.445] [INFO] System is running in Active mode
[2025-12-16 03:31:43.132] [INFO] System is running in Active mode
[2025-12-16 03:31:50.457] [INFO] System is running in Active mode
[2025-12-16 03:32:43.159] [INFO] System is running in Active mode
[2025-12-16 03:32:50.464] [INFO] System is running in Active mode
[2025-12-16 03:33:43.169] [INFO] System is running in Active mode
[2025-12-16 03:33:50.481] [INFO] System is running in Active mode
[2025-12-16 03:34:43.194] [INFO] System is running in Active mode
[2025-12-16 03:34:50.493] [INFO] System is running in Active mode
[2025-12-16 03:35:43.211] [INFO] System is running in Active mode
[2025-12-16 03:35:50.510] [INFO] System is running in Active mode
[2025-12-16 03:36:43.231] [INFO] System is running in Active mode
[2025-12-16 03:36:50.532] [INFO] System is running in Active mode
[2025-12-16 03:37:43.241] [INFO] System is running in Active mode
[2025-12-16 03:37:50.546] [INFO] System is running in Active mode
[2025-12-16 03:38:43.257] [INFO] System is running in Active mode
[2025-12-16 03:38:50.564] [INFO] System is running in Active mode
[2025-12-16 03:39:43.273] [INFO] System is running in Active mode
[2025-12-16 03:39:50.574] [INFO] System is running in Active mode
[2025-12-16 03:40:43.344] [INFO] System is running in Active mode
[2025-12-16 03:40:50.595] [INFO] System is running in Active mode
[2025-12-16 03:41:43.354] [INFO] System is running in Active mode
[2025-12-16 03:41:50.719] [INFO] System is running in Active mode
[2025-12-16 03:42:43.388] [INFO] System is running in Active mode
[2025-12-16 03:42:50.743] [INFO] System is running in Active mode
[2025-12-16 03:43:43.410] [INFO] System is running in Active mode
[2025-12-16 03:43:50.756] [INFO] System is running in Active mode
[2025-12-16 03:44:43.437] [INFO] System is running in Active mode
[2025-12-16 03:44:50.781] [INFO] System is running in Active mode
[2025-12-16 03:45:43.468] [INFO] System is running in Active mode
[2025-12-16 03:45:50.804] [INFO] System is running in Active mode
[2025-12-16 03:46:43.478] [INFO] System is running in Active mode
[2025-12-16 03:46:50.830] [INFO] System is running in Active mode
[2025-12-16 03:47:43.498] [INFO] System is running in Active mode
[2025-12-16 03:47:50.841] [INFO] System is running in Active mode
[2025-12-16 03:48:43.518] [INFO] System is running in Active mode
[2025-12-16 03:48:50.874] [INFO] System is running in Active mode
[2025-12-16 03:49:43.537] [INFO] System is running in Active mode
[2025-12-16 03:49:51.053] [INFO] System is running in Active mode
[2025-12-16 03:50:43.551] [INFO] System is running in Active mode
[2025-12-16 03:50:51.077] [INFO] System is running in Active mode
[2025-12-16 03:51:43.571] [INFO] System is running in Active mode
[2025-12-16 03:51:51.091] [INFO] System is running in Active mode
[2025-12-16 03:52:43.594] [INFO] System is running in Active mode
[2025-12-16 03:52:51.111] [INFO] System is running in Active mode
[2025-12-16 03:53:43.607] [INFO] System is running in Active mode
[2025-12-16 03:53:51.118] [INFO] System is running in Active mode
[2025-12-16 03:54:43.623] [INFO] System is running in Active mode
[2025-12-16 03:54:51.130] [INFO] System is running in Active mode
[2025-12-16 03:55:43.666] [INFO] System is running in Active mode
[2025-12-16 03:55:51.148] [INFO] System is running in Active mode
[2025-12-16 03:56:43.687] [INFO] System is running in Active mode
[2025-12-16 03:56:51.161] [INFO] System is running in Active mode
[2025-12-16 03:57:43.706] [INFO] System is running in Active mode
[2025-12-16 03:57:51.169] [INFO] System is running in Active mode
[2025-12-16 03:58:43.721] [INFO] System is running in Active mode
[2025-12-16 03:58:51.198] [INFO] System is running in Active mode
[2025-12-16 03:59:43.740] [INFO] System is running in Active mode
[2025-12-16 03:59:51.220] [INFO] System is running in Active mode
[2025-12-16 04:00:43.753] [INFO] System is running in Active mode
[2025-12-16 04:00:51.238] [INFO] System is running in Active mode
[2025-12-16 04:01:43.772] [INFO] System is running in Active mode
[2025-12-16 04:01:51.250] [INFO] System is running in Active mode
[2025-12-16 04:02:43.789] [INFO] System is running in Active mode
[2025-12-16 04:02:51.268] [INFO] System is running in Active mode
[2025-12-16 04:03:43.798] [INFO] System is running in Active mode
[2025-12-16 04:03:51.286] [INFO] System is running in Active mode
[2025-12-16 04:04:43.814] [INFO] System is running in Active mode
[2025-12-16 04:04:51.316] [INFO] System is running in Active mode
[2025-12-16 04:05:43.853] [INFO] System is running in Active mode
[2025-12-16 04:05:51.383] [INFO] System is running in Active mode
[2025-12-16 04:06:43.896] [INFO] System is running in Active mode
[2025-12-16 04:06:51.399] [INFO] System is running in Active mode
[2025-12-16 04:07:43.933] [INFO] System is running in Active mode
[2025-12-16 04:07:51.410] [INFO] System is running in Active mode
[2025-12-16 04:08:43.947] [INFO] System is running in Active mode
[2025-12-16 04:08:51.422] [INFO] System is running in Active mode
[2025-12-16 04:09:43.999] [INFO] System is running in Active mode
[2025-12-16 04:09:51.431] [INFO] System is running in Active mode
[2025-12-16 04:10:44.117] [INFO] System is running in Active mode
[2025-12-16 04:10:51.449] [INFO] System is running in Active mode
[2025-12-16 04:11:44.145] [INFO] System is running in Active mode
[2025-12-16 04:11:51.461] [INFO] System is running in Active mode
[2025-12-16 04:12:44.168] [INFO] System is running in Active mode
[2025-12-16 04:12:51.482] [INFO] System is running in Active mode
[2025-12-16 04:13:44.195] [INFO] System is running in Active mode
[2025-12-16 04:13:51.500] [INFO] System is running in Active mode
[2025-12-16 04:14:44.206] [INFO] System is running in Active mode
[2025-12-16 04:14:51.513] [INFO] System is running in Active mode
[2025-12-16 04:15:44.221] [INFO] System is running in Active mode
[2025-12-16 04:15:51.526] [INFO] System is running in Active mode
[2025-12-16 04:16:44.261] [INFO] System is running in Active mode
[2025-12-16 04:16:51.532] [INFO] System is running in Active mode
[2025-12-16 04:17:44.343] [INFO] System is running in Active mode
[2025-12-16 04:17:51.552] [INFO] System is running in Active mode
[2025-12-16 04:18:44.360] [INFO] System is running in Active mode
[2025-12-16 04:18:51.557] [INFO] System is running in Active mode
[2025-12-16 04:19:44.381] [INFO] System is running in Active mode
[2025-12-16 04:19:51.576] [INFO] System is running in Active mode
[2025-12-16 04:20:44.403] [INFO] System is running in Active mode
[2025-12-16 04:20:51.586] [INFO] System is running in Active mode
[2025-12-16 04:21:44.421] [INFO] System is running in Active mode
[2025-12-16 04:21:51.601] [INFO] System is running in Active mode
[2025-12-16 04:22:44.439] [INFO] System is running in Active mode
[2025-12-16 04:22:51.615] [INFO] System is running in Active mode
[2025-12-16 04:23:44.467] [INFO] System is running in Active mode
[2025-12-16 04:23:51.627] [INFO] System is running in Active mode
[2025-12-16 04:24:44.485] [INFO] System is running in Active mode
[2025-12-16 04:24:51.635] [INFO] System is running in Active mode
[2025-12-16 04:25:44.499] [INFO] System is running in Active mode
[2025-12-16 04:25:51.643] [INFO] System is running in Active mode
[2025-12-16 04:26:44.521] [INFO] System is running in Active mode
[2025-12-16 04:26:51.653] [INFO] System is running in Active mode
[2025-12-16 04:27:44.541] [INFO] System is running in Active mode
[2025-12-16 04:27:51.658] [INFO] System is running in Active mode
[2025-12-16 04:28:44.567] [INFO] System is running in Active mode
[2025-12-16 04:28:51.679] [INFO] System is running in Active mode
[2025-12-16 04:29:44.584] [INFO] System is running in Active mode
[2025-12-16 04:29:51.699] [INFO] System is running in Active mode
[2025-12-16 04:30:44.600] [INFO] System is running in Active mode
[2025-12-16 04:30:51.705] [INFO] System is running in Active mode
[2025-12-16 04:31:44.617] [INFO] System is running in Active mode
[2025-12-16 04:31:51.721] [INFO] System is running in Active mode
[2025-12-16 04:32:44.633] [INFO] System is running in Active mode
[2025-12-16 04:32:51.742] [INFO] System is running in Active mode
[2025-12-16 04:33:44.658] [INFO] System is running in Active mode
[2025-12-16 04:33:51.756] [INFO] System is running in Active mode
[2025-12-16 04:34:44.682] [INFO] System is running in Active mode
[2025-12-16 04:34:51.771] [INFO] System is running in Active mode
[2025-12-16 04:35:44.708] [INFO] System is running in Active mode
[2025-12-16 04:35:51.781] [INFO] System is running in Active mode
[2025-12-16 04:36:44.721] [INFO] System is running in Active mode
[2025-12-16 04:36:51.797] [INFO] System is running in Active mode
[2025-12-16 04:37:44.737] [INFO] System is running in Active mode
[2025-12-16 04:37:51.811] [INFO] System is running in Active mode
[2025-12-16 04:38:44.750] [INFO] System is running in Active mode
[2025-12-16 04:38:51.826] [INFO] System is running in Active mode
[2025-12-16 04:39:44.764] [INFO] System is running in Active mode
[2025-12-16 04:39:51.844] [INFO] System is running in Active mode
[2025-12-16 04:40:44.783] [INFO] System is running in Active mode
[2025-12-16 04:40:51.848] [INFO] System is running in Active mode
[2025-12-16 04:41:44.800] [INFO] System is running in Active mode
[2025-12-16 04:41:51.857] [INFO] System is running in Active mode
[2025-12-16 04:42:44.812] [INFO] System is running in Active mode
[2025-12-16 04:42:51.866] [INFO] System is running in Active mode
[2025-12-16 04:43:44.835] [INFO] System is running in Active mode
[2025-12-16 04:43:51.886] [INFO] System is running in Active mode
[2025-12-16 04:44:44.849] [INFO] System is running in Active mode
[2025-12-16 04:44:51.902] [INFO] System is running in Active mode
[2025-12-16 04:45:44.873] [INFO] System is running in Active mode
[2025-12-16 04:45:51.918] [INFO] System is running in Active mode
[2025-12-16 04:46:44.885] [INFO] System is running in Active mode
[2025-12-16 04:46:51.927] [INFO] System is running in Active mode
[2025-12-16 04:47:44.895] [INFO] System is running in Active mode
[2025-12-16 04:47:51.935] [INFO] System is running in Active mode
[2025-12-16 04:48:44.914] [INFO] System is running in Active mode
[2025-12-16 04:48:51.949] [INFO] System is running in Active mode
[2025-12-16 04:49:44.940] [INFO] System is running in Active mode
[2025-12-16 04:49:51.961] [INFO] System is running in Active mode
[2025-12-16 04:50:44.963] [INFO] System is running in Active mode
[2025-12-16 04:50:51.976] [INFO] System is running in Active mode
[2025-12-16 04:51:44.976] [INFO] System is running in Active mode
[2025-12-16 04:51:51.988] [INFO] System is running in Active mode
[2025-12-16 04:52:44.998] [INFO] System is running in Active mode
[2025-12-16 04:52:52.007] [INFO] System is running in Active mode
[2025-12-16 04:53:45.015] [INFO] System is running in Active mode
[2025-12-16 04:53:52.020] [INFO] System is running in Active mode
[2025-12-16 04:54:45.038] [INFO] System is running in Active mode
[2025-12-16 04:54:52.027] [INFO] System is running in Active mode
[2025-12-16 04:55:45.061] [INFO] System is running in Active mode
[2025-12-16 04:55:52.040] [INFO] System is running in Active mode
[2025-12-16 04:56:45.074] [INFO] System is running in Active mode
[2025-12-16 04:56:52.046] [INFO] System is running in Active mode
[2025-12-16 04:57:45.088] [INFO] System is running in Active mode
[2025-12-16 04:57:52.054] [INFO] System is running in Active mode
[2025-12-16 04:58:45.101] [INFO] System is running in Active mode
[2025-12-16 04:58:52.061] [INFO] System is running in Active mode
[2025-12-16 04:59:45.127] [INFO] System is running in Active mode
[2025-12-16 04:59:52.075] [INFO] System is running in Active mode
[2025-12-16 05:00:45.145] [INFO] System is running in Active mode
[2025-12-16 05:00:52.088] [INFO] System is running in Active mode
[2025-12-16 05:01:45.169] [INFO] System is running in Active mode
[2025-12-16 05:01:52.101] [INFO] System is running in Active mode
[2025-12-16 05:02:45.181] [INFO] System is running in Active mode
[2025-12-16 05:02:52.115] [INFO] System is running in Active mode
[2025-12-16 05:03:45.203] [INFO] System is running in Active mode
[2025-12-16 05:03:52.130] [INFO] System is running in Active mode
[2025-12-16 05:04:45.221] [INFO] System is running in Active mode
[2025-12-16 05:04:52.135] [INFO] System is running in Active mode
[2025-12-16 05:05:45.245] [INFO] System is running in Active mode
[2025-12-16 05:05:52.156] [INFO] System is running in Active mode
[2025-12-16 05:06:45.264] [INFO] System is running in Active mode
[2025-12-16 05:06:52.176] [INFO] System is running in Active mode
[2025-12-16 05:07:45.283] [INFO] System is running in Active mode
[2025-12-16 05:07:52.191] [INFO] System is running in Active mode
[2025-12-16 05:08:45.307] [INFO] System is running in Active mode
[2025-12-16 05:08:52.211] [INFO] System is running in Active mode
[2025-12-16 05:09:45.329] [INFO] System is running in Active mode
[2025-12-16 05:09:52.222] [INFO] System is running in Active mode
[2025-12-16 05:10:45.349] [INFO] System is running in Active mode
[2025-12-16 05:10:52.242] [INFO] System is running in Active mode
[2025-12-16 05:11:45.372] [INFO] System is running in Active mode
[2025-12-16 05:11:52.249] [INFO] System is running in Active mode
[2025-12-16 05:12:45.388] [INFO] System is running in Active mode
[2025-12-16 05:12:52.253] [INFO] System is running in Active mode
[2025-12-16 05:13:45.410] [INFO] System is running in Active mode
[2025-12-16 05:13:52.260] [INFO] System is running in Active mode
[2025-12-16 05:14:45.421] [INFO] System is running in Active mode
[2025-12-16 05:14:52.267] [INFO] System is running in Active mode
[2025-12-16 05:15:45.445] [INFO] System is running in Active mode
[2025-12-16 05:15:52.275] [INFO] System is running in Active mode
[2025-12-16 05:16:45.468] [INFO] System is running in Active mode
[2025-12-16 05:16:52.291] [INFO] System is running in Active mode
[2025-12-16 05:17:45.487] [INFO] System is running in Active mode
[2025-12-16 05:17:52.304] [INFO] System is running in Active mode
[2025-12-16 05:18:45.502] [INFO] System is running in Active mode
[2025-12-16 05:18:52.320] [INFO] System is running in Active mode
[2025-12-16 05:19:45.517] [INFO] System is running in Active mode
[2025-12-16 05:19:52.337] [INFO] System is running in Active mode
[2025-12-16 05:20:45.528] [INFO] System is running in Active mode
[2025-12-16 05:20:52.348] [INFO] System is running in Active mode
[2025-12-16 05:21:45.542] [INFO] System is running in Active mode
[2025-12-16 05:21:52.364] [INFO] System is running in Active mode
[2025-12-16 05:22:45.561] [INFO] System is running in Active mode
[2025-12-16 05:22:52.386] [INFO] System is running in Active mode
[2025-12-16 05:23:45.585] [INFO] System is running in Active mode
[2025-12-16 05:23:52.391] [INFO] System is running in Active mode
[2025-12-16 05:24:45.608] [INFO] System is running in Active mode
[2025-12-16 05:24:52.395] [INFO] System is running in Active mode
[2025-12-16 05:25:45.630] [INFO] System is running in Active mode
[2025-12-16 05:25:52.417] [INFO] System is running in Active mode
[2025-12-16 05:26:45.645] [INFO] System is running in Active mode
[2025-12-16 05:26:52.433] [INFO] System is running in Active mode
[2025-12-16 05:27:45.666] [INFO] System is running in Active mode
[2025-12-16 05:27:52.450] [INFO] System is running in Active mode
[2025-12-16 05:28:45.684] [INFO] System is running in Active mode
[2025-12-16 05:28:52.464] [INFO] System is running in Active mode
[2025-12-16 05:29:45.706] [INFO] System is running in Active mode
[2025-12-16 05:29:52.473] [INFO] System is running in Active mode
[2025-12-16 05:30:45.721] [INFO] System is running in Active mode
[2025-12-16 05:30:52.484] [INFO] System is running in Active mode
[2025-12-16 05:31:45.745] [INFO] System is running in Active mode
[2025-12-16 05:31:52.501] [INFO] System is running in Active mode
[2025-12-16 05:32:45.759] [INFO] System is running in Active mode
[2025-12-16 05:32:52.521] [INFO] System is running in Active mode
[2025-12-16 05:33:45.784] [INFO] System is running in Active mode
[2025-12-16 05:33:52.534] [INFO] System is running in Active mode
[2025-12-16 05:34:45.808] [INFO] System is running in Active mode
[2025-12-16 05:34:52.552] [INFO] System is running in Active mode
[2025-12-16 05:35:45.826] [INFO] System is running in Active mode
[2025-12-16 05:35:52.560] [INFO] System is running in Active mode
[2025-12-16 05:36:45.843] [INFO] System is running in Active mode
[2025-12-16 05:36:52.632] [INFO] System is running in Active mode
[2025-12-16 05:37:45.861] [INFO] System is running in Active mode
[2025-12-16 05:37:52.654] [INFO] System is running in Active mode
[2025-12-16 05:38:45.874] [INFO] System is running in Active mode
[2025-12-16 05:38:52.676] [INFO] System is running in Active mode
[2025-12-16 05:39:45.902] [INFO] System is running in Active mode
[2025-12-16 05:39:52.691] [INFO] System is running in Active mode
[2025-12-16 05:40:45.914] [INFO] System is running in Active mode
[2025-12-16 05:40:52.713] [INFO] System is running in Active mode
[2025-12-16 05:41:45.926] [INFO] System is running in Active mode
[2025-12-16 05:41:52.727] [INFO] System is running in Active mode
[2025-12-16 05:42:45.937] [INFO] System is running in Active mode
[2025-12-16 05:42:52.741] [INFO] System is running in Active mode
[2025-12-16 05:43:45.955] [INFO] System is running in Active mode
[2025-12-16 05:43:52.756] [INFO] System is running in Active mode
[2025-12-16 05:44:45.971] [INFO] System is running in Active mode
[2025-12-16 05:44:52.769] [INFO] System is running in Active mode
[2025-12-16 05:45:45.989] [INFO] System is running in Active mode
[2025-12-16 05:45:52.780] [INFO] System is running in Active mode
[2025-12-16 05:46:46.015] [INFO] System is running in Active mode
[2025-12-16 05:46:52.791] [INFO] System is running in Active mode
[2025-12-16 05:47:46.038] [INFO] System is running in Active mode
[2025-12-16 05:47:52.807] [INFO] System is running in Active mode
[2025-12-16 05:48:46.054] [INFO] System is running in Active mode
[2025-12-16 05:48:52.822] [INFO] System is running in Active mode
[2025-12-16 05:49:46.088] [INFO] System is running in Active mode
[2025-12-16 05:49:52.829] [INFO] System is running in Active mode
[2025-12-16 05:50:46.115] [INFO] System is running in Active mode
[2025-12-16 05:50:52.839] [INFO] System is running in Active mode
[2025-12-16 05:51:46.141] [INFO] System is running in Active mode
[2025-12-16 05:51:52.855] [INFO] System is running in Active mode
[2025-12-16 05:52:46.164] [INFO] System is running in Active mode
[2025-12-16 05:52:52.861] [INFO] System is running in Active mode
[2025-12-16 05:53:46.185] [INFO] System is running in Active mode
[2025-12-16 05:53:52.869] [INFO] System is running in Active mode
[2025-12-16 05:54:46.212] [INFO] System is running in Active mode
[2025-12-16 05:54:52.878] [INFO] System is running in Active mode
[2025-12-16 05:55:46.238] [INFO] System is running in Active mode
[2025-12-16 05:55:52.891] [INFO] System is running in Active mode
[2025-12-16 05:56:46.257] [INFO] System is running in Active mode
[2025-12-16 05:56:52.911] [INFO] System is running in Active mode
[2025-12-16 05:57:46.271] [INFO] System is running in Active mode
[2025-12-16 05:57:52.926] [INFO] System is running in Active mode
[2025-12-16 05:58:46.285] [INFO] System is running in Active mode
[2025-12-16 05:58:52.932] [INFO] System is running in Active mode
[2025-12-16 05:59:46.311] [INFO] System is running in Active mode
[2025-12-16 05:59:52.946] [INFO] System is running in Active mode
[2025-12-16 06:00:46.331] [INFO] System is running in Active mode
[2025-12-16 06:00:52.961] [INFO] System is running in Active mode
[2025-12-16 06:01:46.357] [INFO] System is running in Active mode
[2025-12-16 06:01:52.967] [INFO] System is running in Active mode
[2025-12-16 06:02:46.373] [INFO] System is running in Active mode
[2025-12-16 06:02:52.978] [INFO] System is running in Active mode
[2025-12-16 06:03:46.399] [INFO] System is running in Active mode
[2025-12-16 06:03:52.991] [INFO] System is running in Active mode
[2025-12-16 06:04:46.420] [INFO] System is running in Active mode
[2025-12-16 06:04:52.999] [INFO] System is running in Active mode
[2025-12-16 06:05:46.441] [INFO] System is running in Active mode
[2025-12-16 06:05:53.011] [INFO] System is running in Active mode
[2025-12-16 06:06:46.454] [INFO] System is running in Active mode
[2025-12-16 06:06:53.030] [INFO] System is running in Active mode
[2025-12-16 06:07:46.474] [INFO] System is running in Active mode
[2025-12-16 06:07:53.043] [INFO] System is running in Active mode
[2025-12-16 06:08:46.495] [INFO] System is running in Active mode
[2025-12-16 06:08:53.057] [INFO] System is running in Active mode
[2025-12-16 06:09:46.511] [INFO] System is running in Active mode
[2025-12-16 06:09:53.067] [INFO] System is running in Active mode
[2025-12-16 06:10:46.525] [INFO] System is running in Active mode
[2025-12-16 06:10:53.087] [INFO] System is running in Active mode
[2025-12-16 06:11:46.547] [INFO] System is running in Active mode
[2025-12-16 06:11:53.099] [INFO] System is running in Active mode
[2025-12-16 06:12:46.571] [INFO] System is running in Active mode
[2025-12-16 06:12:53.118] [INFO] System is running in Active mode
[2025-12-16 06:13:46.587] [INFO] System is running in Active mode
[2025-12-16 06:13:53.137] [INFO] System is running in Active mode
[2025-12-16 06:14:46.608] [INFO] System is running in Active mode
[2025-12-16 06:14:53.147] [INFO] System is running in Active mode
[2025-12-16 06:15:46.627] [INFO] System is running in Active mode
[2025-12-16 06:15:53.155] [INFO] System is running in Active mode
[2025-12-16 06:16:46.655] [INFO] System is running in Active mode
[2025-12-16 06:16:53.167] [INFO] System is running in Active mode
[2025-12-16 06:17:46.682] [INFO] System is running in Active mode
[2025-12-16 06:17:53.185] [INFO] System is running in Active mode
[2025-12-16 06:18:46.699] [INFO] System is running in Active mode
[2025-12-16 06:18:53.205] [INFO] System is running in Active mode
[2025-12-16 06:19:46.715] [INFO] System is running in Active mode
[2025-12-16 06:19:53.219] [INFO] System is running in Active mode
[2025-12-16 06:20:46.730] [INFO] System is running in Active mode
[2025-12-16 06:20:53.239] [INFO] System is running in Active mode
[2025-12-16 06:21:46.750] [INFO] System is running in Active mode
[2025-12-16 06:21:53.251] [INFO] System is running in Active mode
[2025-12-16 06:22:46.771] [INFO] System is running in Active mode
[2025-12-16 06:22:53.265] [INFO] System is running in Active mode
[2025-12-16 06:23:46.793] [INFO] System is running in Active mode
[2025-12-16 06:23:53.283] [INFO] System is running in Active mode
[2025-12-16 06:24:46.813] [INFO] System is running in Active mode
[2025-12-16 06:24:53.288] [INFO] System is running in Active mode
[2025-12-16 06:25:46.842] [INFO] System is running in Active mode
[2025-12-16 06:25:53.307] [INFO] System is running in Active mode
[2025-12-16 06:26:46.866] [INFO] System is running in Active mode
[2025-12-16 06:26:53.326] [INFO] System is running in Active mode
[2025-12-16 06:27:46.882] [INFO] System is running in Active mode
[2025-12-16 06:27:53.336] [INFO] System is running in Active mode
[2025-12-16 06:28:46.897] [INFO] System is running in Active mode
[2025-12-16 06:28:53.343] [INFO] System is running in Active mode
[2025-12-16 06:29:46.911] [INFO] System is running in Active mode
[2025-12-16 06:29:53.349] [INFO] System is running in Active mode
[2025-12-16 06:30:46.931] [INFO] System is running in Active mode
[2025-12-16 06:30:53.358] [INFO] System is running in Active mode
[2025-12-16 06:31:46.949] [INFO] System is running in Active mode
[2025-12-16 06:31:53.372] [INFO] System is running in Active mode
[2025-12-16 06:32:46.965] [INFO] System is running in Active mode
[2025-12-16 06:32:53.386] [INFO] System is running in Active mode
[2025-12-16 06:33:46.980] [INFO] System is running in Active mode
[2025-12-16 06:33:53.399] [INFO] System is running in Active mode
[2025-12-16 06:34:46.999] [INFO] System is running in Active mode
[2025-12-16 06:34:53.417] [INFO] System is running in Active mode
[2025-12-16 06:35:47.014] [INFO] System is running in Active mode
[2025-12-16 06:35:53.431] [INFO] System is running in Active mode
[2025-12-16 06:36:47.030] [INFO] System is running in Active mode
[2025-12-16 06:36:53.445] [INFO] System is running in Active mode
[2025-12-16 06:37:47.045] [INFO] System is running in Active mode
[2025-12-16 06:37:53.461] [INFO] System is running in Active mode
[2025-12-16 06:38:47.069] [INFO] System is running in Active mode
[2025-12-16 06:38:53.480] [INFO] System is running in Active mode
[2025-12-16 06:39:47.092] [INFO] System is running in Active mode
[2025-12-16 06:39:53.497] [INFO] System is running in Active mode
[2025-12-16 06:40:47.100] [INFO] System is running in Active mode
[2025-12-16 06:40:53.507] [INFO] System is running in Active mode
[2025-12-16 06:41:47.115] [INFO] System is running in Active mode
[2025-12-16 06:41:53.518] [INFO] System is running in Active mode
[2025-12-16 06:42:47.130] [INFO] System is running in Active mode
[2025-12-16 06:42:53.526] [INFO] System is running in Active mode
[2025-12-16 06:43:47.148] [INFO] System is running in Active mode
[2025-12-16 06:43:53.545] [INFO] System is running in Active mode
[2025-12-16 06:44:47.171] [INFO] System is running in Active mode
[2025-12-16 06:44:53.564] [INFO] System is running in Active mode
[2025-12-16 06:45:47.189] [INFO] System is running in Active mode
[2025-12-16 06:45:53.578] [INFO] System is running in Active mode
[2025-12-16 06:46:47.210] [INFO] System is running in Active mode
[2025-12-16 06:46:53.591] [INFO] System is running in Active mode
[2025-12-16 06:47:47.229] [INFO] System is running in Active mode
[2025-12-16 06:47:53.599] [INFO] System is running in Active mode
[2025-12-16 06:48:47.258] [INFO] System is running in Active mode
[2025-12-16 06:48:53.615] [INFO] System is running in Active mode
[2025-12-16 06:49:47.273] [INFO] System is running in Active mode
[2025-12-16 06:49:53.620] [INFO] System is running in Active mode
[2025-12-16 06:50:47.300] [INFO] System is running in Active mode
[2025-12-16 06:50:53.633] [INFO] System is running in Active mode
[2025-12-16 06:51:47.323] [INFO] System is running in Active mode
[2025-12-16 06:51:53.645] [INFO] System is running in Active mode
[2025-12-16 06:52:47.341] [INFO] System is running in Active mode
[2025-12-16 06:52:53.665] [INFO] System is running in Active mode
[2025-12-16 06:53:47.361] [INFO] System is running in Active mode
[2025-12-16 06:53:53.676] [INFO] System is running in Active mode
[2025-12-16 06:54:47.376] [INFO] System is running in Active mode
[2025-12-16 06:54:53.683] [INFO] System is running in Active mode
[2025-12-16 06:55:47.398] [INFO] System is running in Active mode
[2025-12-16 06:55:53.701] [INFO] System is running in Active mode
[2025-12-16 06:56:47.410] [INFO] System is running in Active mode
[2025-12-16 06:56:53.717] [INFO] System is running in Active mode
[2025-12-16 06:57:47.425] [INFO] System is running in Active mode
[2025-12-16 06:57:53.723] [INFO] System is running in Active mode
[2025-12-16 06:58:47.442] [INFO] System is running in Active mode
[2025-12-16 06:58:53.728] [INFO] System is running in Active mode
[2025-12-16 06:59:47.456] [INFO] System is running in Active mode
[2025-12-16 06:59:53.749] [INFO] System is running in Active mode
[2025-12-16 07:00:47.469] [INFO] System is running in Active mode
[2025-12-16 07:00:53.763] [INFO] System is running in Active mode
[2025-12-16 07:01:47.493] [INFO] System is running in Active mode
[2025-12-16 07:01:53.769] [INFO] System is running in Active mode
[2025-12-16 07:02:47.515] [INFO] System is running in Active mode
[2025-12-16 07:02:53.781] [INFO] System is running in Active mode
[2025-12-16 07:03:47.538] [INFO] System is running in Active mode
[2025-12-16 07:03:53.799] [INFO] System is running in Active mode
[2025-12-16 07:04:47.549] [INFO] System is running in Active mode
[2025-12-16 07:04:53.804] [INFO] System is running in Active mode
[2025-12-16 07:05:47.567] [INFO] System is running in Active mode
[2025-12-16 07:05:53.814] [INFO] System is running in Active mode
[2025-12-16 07:06:47.589] [INFO] System is running in Active mode
[2025-12-16 07:06:53.821] [INFO] System is running in Active mode
[2025-12-16 07:07:47.612] [INFO] System is running in Active mode
[2025-12-16 07:07:53.836] [INFO] System is running in Active mode
[2025-12-16 07:08:47.622] [INFO] System is running in Active mode
[2025-12-16 07:08:53.851] [INFO] System is running in Active mode
[2025-12-16 07:09:47.643] [INFO] System is running in Active mode
[2025-12-16 07:09:53.869] [INFO] System is running in Active mode
[2025-12-16 07:10:47.655] [INFO] System is running in Active mode
[2025-12-16 07:10:53.878] [INFO] System is running in Active mode
[2025-12-16 07:11:47.671] [INFO] System is running in Active mode
[2025-12-16 07:11:53.891] [INFO] System is running in Active mode
[2025-12-16 07:12:47.691] [INFO] System is running in Active mode
[2025-12-16 07:12:53.907] [INFO] System is running in Active mode
[2025-12-16 07:13:47.717] [INFO] System is running in Active mode
[2025-12-16 07:13:53.912] [INFO] System is running in Active mode
[2025-12-16 07:14:47.731] [INFO] System is running in Active mode
[2025-12-16 07:14:53.935] [INFO] System is running in Active mode
[2025-12-16 07:15:47.742] [INFO] System is running in Active mode
[2025-12-16 07:15:53.945] [INFO] System is running in Active mode
[2025-12-16 07:16:47.767] [INFO] System is running in Active mode
[2025-12-16 07:16:53.951] [INFO] System is running in Active mode
[2025-12-16 07:17:47.788] [INFO] System is running in Active mode
[2025-12-16 07:17:53.960] [INFO] System is running in Active mode
[2025-12-16 07:18:47.807] [INFO] System is running in Active mode
[2025-12-16 07:18:53.974] [INFO] System is running in Active mode
[2025-12-16 07:19:47.825] [INFO] System is running in Active mode
[2025-12-16 07:19:53.987] [INFO] System is running in Active mode
[2025-12-16 07:20:47.854] [INFO] System is running in Active mode
[2025-12-16 07:20:54.007] [INFO] System is running in Active mode
[2025-12-16 07:21:47.874] [INFO] System is running in Active mode
[2025-12-16 07:21:54.301] [INFO] System is running in Active mode
[2025-12-16 07:22:47.886] [INFO] System is running in Active mode
[2025-12-16 07:22:54.311] [INFO] System is running in Active mode
[2025-12-16 07:23:47.899] [INFO] System is running in Active mode
[2025-12-16 07:23:54.326] [INFO] System is running in Active mode
[2025-12-16 07:24:47.910] [INFO] System is running in Active mode
[2025-12-16 07:24:54.340] [INFO] System is running in Active mode
[2025-12-16 07:25:47.932] [INFO] System is running in Active mode
[2025-12-16 07:25:54.345] [INFO] System is running in Active mode
[2025-12-16 07:26:47.950] [INFO] System is running in Active mode
[2025-12-16 07:26:54.358] [INFO] System is running in Active mode
[2025-12-16 07:27:47.977] [INFO] System is running in Active mode
[2025-12-16 07:27:54.371] [INFO] System is running in Active mode
[2025-12-16 07:28:47.997] [INFO] System is running in Active mode
[2025-12-16 07:28:54.383] [INFO] System is running in Active mode
[2025-12-16 07:29:48.021] [INFO] System is running in Active mode
[2025-12-16 07:29:54.398] [INFO] System is running in Active mode
[2025-12-16 07:30:48.031] [INFO] System is running in Active mode
[2025-12-16 07:30:54.415] [INFO] System is running in Active mode
[2025-12-16 07:31:48.055] [INFO] System is running in Active mode
[2025-12-16 07:31:54.421] [INFO] System is running in Active mode
[2025-12-16 07:32:48.068] [INFO] System is running in Active mode
[2025-12-16 07:32:54.435] [INFO] System is running in Active mode
[2025-12-16 07:33:48.085] [INFO] System is running in Active mode
[2025-12-16 07:33:54.455] [INFO] System is running in Active mode
[2025-12-16 07:34:48.107] [INFO] System is running in Active mode
[2025-12-16 07:34:54.463] [INFO] System is running in Active mode
[2025-12-16 07:35:48.127] [INFO] System is running in Active mode
[2025-12-16 07:35:54.480] [INFO] System is running in Active mode
[2025-12-16 07:36:48.152] [INFO] System is running in Active mode
[2025-12-16 07:36:54.486] [INFO] System is running in Active mode
[2025-12-16 07:37:48.169] [INFO] System is running in Active mode
[2025-12-16 07:37:54.495] [INFO] System is running in Active mode
[2025-12-16 07:38:48.191] [INFO] System is running in Active mode
[2025-12-16 07:38:54.507] [INFO] System is running in Active mode
[2025-12-16 07:39:48.215] [INFO] System is running in Active mode
[2025-12-16 07:39:54.520] [INFO] System is running in Active mode
[2025-12-16 07:40:48.218] [INFO] System is running in Active mode
[2025-12-16 07:40:54.535] [INFO] System is running in Active mode
[2025-12-16 07:41:48.226] [INFO] System is running in Active mode
[2025-12-16 07:41:54.553] [INFO] System is running in Active mode
[2025-12-16 07:42:48.238] [INFO] System is running in Active mode
[2025-12-16 07:42:54.571] [INFO] System is running in Active mode
[2025-12-16 07:43:48.254] [INFO] System is running in Active mode
[2025-12-16 07:43:54.578] [INFO] System is running in Active mode
[2025-12-16 07:44:48.270] [INFO] System is running in Active mode
[2025-12-16 07:44:54.592] [INFO] System is running in Active mode
[2025-12-16 07:45:48.285] [INFO] System is running in Active mode
[2025-12-16 07:45:54.608] [INFO] System is running in Active mode
[2025-12-16 07:46:48.305] [INFO] System is running in Active mode
[2025-12-16 07:46:54.619] [INFO] System is running in Active mode
[2025-12-16 07:47:48.322] [INFO] System is running in Active mode
[2025-12-16 07:47:54.627] [INFO] System is running in Active mode
[2025-12-16 07:48:48.342] [INFO] System is running in Active mode
[2025-12-16 07:48:54.648] [INFO] System is running in Active mode
[2025-12-16 07:49:48.367] [INFO] System is running in Active mode
[2025-12-16 07:49:54.657] [INFO] System is running in Active mode
[2025-12-16 07:50:48.403] [INFO] System is running in Active mode
[2025-12-16 07:50:54.674] [INFO] System is running in Active mode
[2025-12-16 07:51:48.435] [INFO] System is running in Active mode
[2025-12-16 07:51:54.686] [INFO] System is running in Active mode
[2025-12-16 07:52:48.453] [INFO] System is running in Active mode
[2025-12-16 07:52:54.700] [INFO] System is running in Active mode
[2025-12-16 07:53:48.472] [INFO] System is running in Active mode
[2025-12-16 07:53:54.714] [INFO] System is running in Active mode
[2025-12-16 07:54:48.488] [INFO] System is running in Active mode
[2025-12-16 07:54:54.726] [INFO] System is running in Active mode
[2025-12-16 07:55:48.500] [INFO] System is running in Active mode
[2025-12-16 07:55:54.745] [INFO] System is running in Active mode
[2025-12-16 07:56:48.512] [INFO] System is running in Active mode
[2025-12-16 07:56:54.774] [INFO] System is running in Active mode
[2025-12-16 07:57:48.534] [INFO] System is running in Active mode
[2025-12-16 07:57:54.790] [INFO] System is running in Active mode
[2025-12-16 07:58:48.558] [INFO] System is running in Active mode
[2025-12-16 07:58:54.797] [INFO] System is running in Active mode
[2025-12-16 07:59:48.581] [INFO] System is running in Active mode
[2025-12-16 07:59:54.814] [INFO] System is running in Active mode
[2025-12-16 08:00:48.594] [INFO] System is running in Active mode
[2025-12-16 08:00:54.821] [INFO] System is running in Active mode
[2025-12-16 08:01:48.614] [INFO] System is running in Active mode
[2025-12-16 08:01:54.841] [INFO] System is running in Active mode
[2025-12-16 08:02:48.624] [INFO] System is running in Active mode
[2025-12-16 08:02:54.851] [INFO] System is running in Active mode
[2025-12-16 08:03:48.646] [INFO] System is running in Active mode
[2025-12-16 08:03:54.856] [INFO] System is running in Active mode
[2025-12-16 08:04:48.667] [INFO] System is running in Active mode
[2025-12-16 08:04:54.875] [INFO] System is running in Active mode
[2025-12-16 08:05:48.682] [INFO] System is running in Active mode
[2025-12-16 08:05:54.880] [INFO] System is running in Active mode
[2025-12-16 08:06:48.703] [INFO] System is running in Active mode
[2025-12-16 08:06:54.885] [INFO] System is running in Active mode
[2025-12-16 08:07:48.713] [INFO] System is running in Active mode
[2025-12-16 08:07:54.898] [INFO] System is running in Active mode
[2025-12-16 08:08:48.730] [INFO] System is running in Active mode
[2025-12-16 08:08:54.901] [INFO] System is running in Active mode
[2025-12-16 08:09:48.752] [INFO] System is running in Active mode
[2025-12-16 08:09:54.911] [INFO] System is running in Active mode
[2025-12-16 08:10:48.767] [INFO] System is running in Active mode
[2025-12-16 08:10:54.922] [INFO] System is running in Active mode
[2025-12-16 08:11:48.781] [INFO] System is running in Active mode
[2025-12-16 08:11:54.939] [INFO] System is running in Active mode
[2025-12-16 08:12:48.797] [INFO] System is running in Active mode
[2025-12-16 08:12:54.948] [INFO] System is running in Active mode
[2025-12-16 08:13:48.821] [INFO] System is running in Active mode
[2025-12-16 08:13:54.965] [INFO] System is running in Active mode
[2025-12-16 08:14:48.833] [INFO] System is running in Active mode
[2025-12-16 08:14:54.980] [INFO] System is running in Active mode
[2025-12-16 08:15:48.856] [INFO] System is running in Active mode
[2025-12-16 08:15:54.990] [INFO] System is running in Active mode
[2025-12-16 08:16:48.876] [INFO] System is running in Active mode
[2025-12-16 08:16:55.004] [INFO] System is running in Active mode
[2025-12-16 08:17:48.901] [INFO] System is running in Active mode
[2025-12-16 08:17:55.020] [INFO] System is running in Active mode
[2025-12-16 08:18:48.922] [INFO] System is running in Active mode
[2025-12-16 08:18:55.045] [INFO] System is running in Active mode
[2025-12-16 08:19:48.948] [INFO] System is running in Active mode
[2025-12-16 08:19:55.063] [INFO] System is running in Active mode
[2025-12-16 08:20:48.965] [INFO] System is running in Active mode
[2025-12-16 08:20:55.071] [INFO] System is running in Active mode
[2025-12-16 08:21:48.986] [INFO] System is running in Active mode
[2025-12-16 08:21:55.089] [INFO] System is running in Active mode
[2025-12-16 08:22:49.000] [INFO] System is running in Active mode
[2025-12-16 08:22:55.101] [INFO] System is running in Active mode
[2025-12-16 08:23:49.017] [INFO] System is running in Active mode
[2025-12-16 08:23:55.114] [INFO] System is running in Active mode
[2025-12-16 08:24:49.032] [INFO] System is running in Active mode
[2025-12-16 08:24:55.132] [INFO] System is running in Active mode
[2025-12-16 08:25:49.046] [INFO] System is running in Active mode
[2025-12-16 08:25:55.137] [INFO] System is running in Active mode
[2025-12-16 08:26:49.070] [INFO] System is running in Active mode
[2025-12-16 08:26:55.151] [INFO] System is running in Active mode
[2025-12-16 08:27:49.091] [INFO] System is running in Active mode
[2025-12-16 08:27:55.167] [INFO] System is running in Active mode
[2025-12-16 08:28:49.111] [INFO] System is running in Active mode
[2025-12-16 08:28:55.177] [INFO] System is running in Active mode
[2025-12-16 08:29:49.133] [INFO] System is running in Active mode
[2025-12-16 08:29:55.195] [INFO] System is running in Active mode
[2025-12-16 08:30:49.149] [INFO] System is running in Active mode
[2025-12-16 08:30:55.213] [INFO] System is running in Active mode
[2025-12-16 08:31:49.161] [INFO] System is running in Active mode
[2025-12-16 08:31:55.231] [INFO] System is running in Active mode
[2025-12-16 08:32:49.185] [INFO] System is running in Active mode
[2025-12-16 08:32:55.241] [INFO] System is running in Active mode
[2025-12-16 08:33:49.196] [INFO] System is running in Active mode
[2025-12-16 08:33:55.260] [INFO] System is running in Active mode
[2025-12-16 08:34:49.239] [INFO] System is running in Active mode
[2025-12-16 08:34:55.270] [INFO] System is running in Active mode
[2025-12-16 08:35:49.260] [INFO] System is running in Active mode
[2025-12-16 08:35:55.286] [INFO] System is running in Active mode
[2025-12-16 08:36:49.274] [INFO] System is running in Active mode
[2025-12-16 08:36:55.300] [INFO] System is running in Active mode
[2025-12-16 08:37:49.297] [INFO] System is running in Active mode
[2025-12-16 08:37:55.312] [INFO] System is running in Active mode
[2025-12-16 08:38:49.318] [INFO] System is running in Active mode
[2025-12-16 08:38:55.356] [INFO] System is running in Active mode
[2025-12-16 08:39:49.337] [INFO] System is running in Active mode
[2025-12-16 08:39:55.362] [INFO] System is running in Active mode
[2025-12-16 08:40:49.369] [INFO] System is running in Active mode
[2025-12-16 08:40:55.376] [INFO] System is running in Active mode
[2025-12-16 08:41:49.481] [INFO] System is running in Active mode
[2025-12-16 08:41:55.387] [INFO] System is running in Active mode
[2025-12-16 08:42:49.495] [INFO] System is running in Active mode
[2025-12-16 08:42:55.405] [INFO] System is running in Active mode
[2025-12-16 08:43:49.539] [INFO] System is running in Active mode
[2025-12-16 08:43:55.427] [INFO] System is running in Active mode
[2025-12-16 08:44:49.565] [INFO] System is running in Active mode
[2025-12-16 08:44:55.446] [INFO] System is running in Active mode
[2025-12-16 08:45:49.593] [INFO] System is running in Active mode
[2025-12-16 08:45:55.460] [INFO] System is running in Active mode
[2025-12-16 08:46:49.631] [INFO] System is running in Active mode
[2025-12-16 08:46:55.477] [INFO] System is running in Active mode
[2025-12-16 08:47:49.649] [INFO] System is running in Active mode
[2025-12-16 08:47:55.483] [INFO] System is running in Active mode
[2025-12-16 08:48:49.673] [INFO] System is running in Active mode
[2025-12-16 08:48:55.498] [INFO] System is running in Active mode
[2025-12-16 08:49:49.701] [INFO] System is running in Active mode
[2025-12-16 08:49:55.510] [INFO] System is running in Active mode
[2025-12-16 08:50:49.720] [INFO] System is running in Active mode
[2025-12-16 08:50:55.522] [INFO] System is running in Active mode
[2025-12-16 08:51:49.744] [INFO] System is running in Active mode
[2025-12-16 08:51:55.539] [INFO] System is running in Active mode
[2025-12-16 08:52:49.763] [INFO] System is running in Active mode
[2025-12-16 08:52:55.557] [INFO] System is running in Active mode
[2025-12-16 08:53:49.779] [INFO] System is running in Active mode
[2025-12-16 08:53:55.571] [INFO] System is running in Active mode
[2025-12-16 08:54:49.791] [INFO] System is running in Active mode
[2025-12-16 08:54:55.592] [INFO] System is running in Active mode
[2025-12-16 08:55:49.818] [INFO] System is running in Active mode
[2025-12-16 08:55:55.601] [INFO] System is running in Active mode
[2025-12-16 08:56:49.845] [INFO] System is running in Active mode
[2025-12-16 08:56:55.610] [INFO] System is running in Active mode
[2025-12-16 08:57:49.893] [INFO] System is running in Active mode
[2025-12-16 08:57:55.632] [INFO] System is running in Active mode
[2025-12-16 08:58:49.956] [INFO] System is running in Active mode
[2025-12-16 08:58:55.661] [INFO] System is running in Active mode
[2025-12-16 08:59:49.995] [INFO] System is running in Active mode
[2025-12-16 08:59:55.800] [INFO] System is running in Active mode
[2025-12-16 09:00:50.013] [INFO] System is running in Active mode
[2025-12-16 09:00:55.817] [INFO] System is running in Active mode
[2025-12-16 09:01:50.037] [INFO] System is running in Active mode
[2025-12-16 09:01:55.838] [INFO] System is running in Active mode
[2025-12-16 09:02:50.072] [INFO] System is running in Active mode
[2025-12-16 09:02:55.858] [INFO] System is running in Active mode
[2025-12-16 09:03:50.096] [INFO] System is running in Active mode
[2025-12-16 09:03:55.875] [INFO] System is running in Active mode
[2025-12-16 09:04:50.126] [INFO] System is running in Active mode
[2025-12-16 09:04:55.906] [INFO] System is running in Active mode
[2025-12-16 09:05:50.145] [INFO] System is running in Active mode
[2025-12-16 09:05:55.924] [INFO] System is running in Active mode
[2025-12-16 09:06:50.168] [INFO] System is running in Active mode
[2025-12-16 09:06:55.964] [INFO] System is running in Active mode
[2025-12-16 09:07:50.196] [INFO] System is running in Active mode
[2025-12-16 09:07:55.993] [INFO] System is running in Active mode
[2025-12-16 09:08:50.210] [INFO] System is running in Active mode
[2025-12-16 09:08:56.035] [INFO] System is running in Active mode
[2025-12-16 09:09:50.231] [INFO] System is running in Active mode
[2025-12-16 09:09:56.076] [INFO] System is running in Active mode
[2025-12-16 09:10:50.257] [INFO] System is running in Active mode
[2025-12-16 09:10:56.099] [INFO] System is running in Active mode
[2025-12-16 09:11:50.271] [INFO] System is running in Active mode
[2025-12-16 09:11:56.136] [INFO] System is running in Active mode
[2025-12-16 09:12:50.278] [INFO] System is running in Active mode
[2025-12-16 09:12:56.168] [INFO] System is running in Active mode
[2025-12-16 09:13:50.291] [INFO] System is running in Active mode
[2025-12-16 09:13:56.219] [INFO] System is running in Active mode
[2025-12-16 09:14:50.307] [INFO] System is running in Active mode
[2025-12-16 09:14:56.493] [INFO] System is running in Active mode
[2025-12-16 09:15:50.334] [INFO] System is running in Active mode
[2025-12-16 09:15:56.507] [INFO] System is running in Active mode
[2025-12-16 09:16:50.360] [INFO] System is running in Active mode
[2025-12-16 09:16:56.516] [INFO] System is running in Active mode
[2025-12-16 09:17:50.391] [INFO] System is running in Active mode
[2025-12-16 09:17:56.538] [INFO] System is running in Active mode
[2025-12-16 09:18:50.452] [INFO] System is running in Active mode
[2025-12-16 09:18:56.549] [INFO] System is running in Active mode
[2025-12-16 09:19:50.469] [INFO] System is running in Active mode
[2025-12-16 09:19:56.562] [INFO] System is running in Active mode
[2025-12-16 09:45:56.251] [INFO] System is running in Active mode
[2025-12-16 09:46:02.330] [INFO] System is running in Active mode
[2025-12-16 09:46:56.271] [INFO] System is running in Active mode
[2025-12-16 09:47:02.347] [INFO] System is running in Active mode
[2025-12-16 09:47:56.291] [INFO] System is running in Active mode
[2025-12-16 09:48:02.358] [INFO] System is running in Active mode
[2025-12-16 09:48:56.304] [INFO] System is running in Active mode
[2025-12-16 09:49:02.372] [INFO] System is running in Active mode
[2025-12-16 09:49:56.317] [INFO] System is running in Active mode
[2025-12-16 09:50:02.387] [INFO] System is running in Active mode
[2025-12-16 09:50:56.333] [INFO] System is running in Active mode
[2025-12-16 09:51:02.402] [INFO] System is running in Active mode
[2025-12-16 09:51:56.337] [INFO] System is running in Active mode
[2025-12-16 09:52:02.417] [INFO] System is running in Active mode
[2025-12-16 09:52:56.347] [INFO] System is running in Active mode
[2025-12-16 09:53:02.432] [INFO] System is running in Active mode
[2025-12-16 09:53:56.358] [INFO] System is running in Active mode
[2025-12-16 09:54:02.445] [INFO] System is running in Active mode
[2025-12-16 09:54:56.376] [INFO] System is running in Active mode
[2025-12-16 09:55:02.459] [INFO] System is running in Active mode
[2025-12-16 09:55:56.380] [INFO] System is running in Active mode
[2025-12-16 09:56:02.533] [INFO] System is running in Active mode
[2025-12-16 09:56:56.395] [INFO] System is running in Active mode
[2025-12-16 09:57:02.568] [INFO] System is running in Active mode
[2025-12-16 09:57:56.407] [INFO] System is running in Active mode
[2025-12-16 09:58:02.588] [INFO] System is running in Active mode
[2025-12-16 09:58:56.431] [INFO] System is running in Active mode
[2025-12-16 09:59:02.607] [INFO] System is running in Active mode
[2025-12-16 09:59:56.445] [INFO] System is running in Active mode
[2025-12-16 10:00:02.619] [INFO] System is running in Active mode
[2025-12-16 10:00:56.458] [INFO] System is running in Active mode
[2025-12-16 10:01:02.667] [INFO] System is running in Active mode
[2025-12-16 10:01:56.472] [INFO] System is running in Active mode
[2025-12-16 10:02:02.681] [INFO] System is running in Active mode
[2025-12-16 10:02:56.496] [INFO] System is running in Active mode
[2025-12-16 10:03:02.699] [INFO] System is running in Active mode
[2025-12-16 10:03:56.500] [INFO] System is running in Active mode
[2025-12-16 10:04:02.707] [INFO] System is running in Active mode
[2025-12-16 10:04:56.510] [INFO] System is running in Active mode
[2025-12-16 10:05:02.726] [INFO] System is running in Active mode
[2025-12-16 10:05:56.524] [INFO] System is running in Active mode
[2025-12-16 10:06:02.734] [INFO] System is running in Active mode
[2025-12-16 10:06:56.541] [INFO] System is running in Active mode
[2025-12-16 10:07:02.777] [INFO] System is running in Active mode
[2025-12-16 10:07:56.559] [INFO] System is running in Active mode
[2025-12-16 10:08:02.838] [INFO] System is running in Active mode
[2025-12-16 10:08:56.589] [INFO] System is running in Active mode
[2025-12-16 10:09:02.877] [INFO] System is running in Active mode
[2025-12-16 10:09:56.597] [INFO] System is running in Active mode
[2025-12-16 10:10:02.968] [INFO] System is running in Active mode
[2025-12-16 10:10:56.607] [INFO] System is running in Active mode
[2025-12-16 10:11:02.994] [INFO] System is running in Active mode
[2025-12-16 10:11:56.622] [INFO] System is running in Active mode
[2025-12-16 10:12:03.007] [INFO] System is running in Active mode
[2025-12-16 10:12:56.634] [INFO] System is running in Active mode
[2025-12-16 10:13:03.018] [INFO] System is running in Active mode
[2025-12-16 10:13:56.651] [INFO] System is running in Active mode
[2025-12-16 10:14:03.031] [INFO] System is running in Active mode
[2025-12-16 10:14:56.655] [INFO] System is running in Active mode
[2025-12-16 10:15:03.045] [INFO] System is running in Active mode
[2025-12-16 10:15:56.688] [INFO] System is running in Active mode
[2025-12-16 10:16:03.065] [INFO] System is running in Active mode
[2025-12-16 10:16:56.741] [INFO] System is running in Active mode
[2025-12-16 10:17:03.165] [INFO] System is running in Active mode
[2025-12-16 10:17:56.774] [INFO] System is running in Active mode
[2025-12-16 10:18:03.239] [INFO] System is running in Active mode
[2025-12-16 10:18:56.801] [INFO] System is running in Active mode
[2025-12-16 10:19:03.291] [INFO] System is running in Active mode
[2025-12-16 10:19:56.813] [INFO] System is running in Active mode
[2025-12-16 10:20:03.304] [INFO] System is running in Active mode
[2025-12-16 10:20:56.889] [INFO] System is running in Active mode
[2025-12-16 10:21:03.325] [INFO] System is running in Active mode
[2025-12-16 10:21:56.902] [INFO] System is running in Active mode
[2025-12-16 10:22:03.338] [INFO] System is running in Active mode
[2025-12-16 10:22:56.916] [INFO] System is running in Active mode
[2025-12-16 10:23:03.384] [INFO] System is running in Active mode
[2025-12-16 10:23:56.927] [INFO] System is running in Active mode
[2025-12-16 10:24:03.443] [INFO] System is running in Active mode
[2025-12-16 10:24:56.945] [INFO] System is running in Active mode
[2025-12-16 10:25:03.465] [INFO] System is running in Active mode
[2025-12-16 10:25:56.960] [INFO] System is running in Active mode
[2025-12-16 10:26:03.492] [INFO] System is running in Active mode
[2025-12-16 10:26:56.968] [INFO] System is running in Active mode
[2025-12-16 10:27:03.504] [INFO] System is running in Active mode
[2025-12-16 10:27:56.978] [INFO] System is running in Active mode
[2025-12-16 10:28:03.527] [INFO] System is running in Active mode
[2025-12-16 10:28:56.981] [INFO] System is running in Active mode
[2025-12-16 10:29:03.538] [INFO] System is running in Active mode
[2025-12-16 10:29:57.007] [INFO] System is running in Active mode
[2025-12-16 10:30:03.555] [INFO] System is running in Active mode
[2025-12-16 10:30:57.025] [INFO] System is running in Active mode
[2025-12-16 10:31:03.564] [INFO] System is running in Active mode
[2025-12-16 10:31:57.034] [INFO] System is running in Active mode
[2025-12-16 10:32:03.619] [INFO] System is running in Active mode
[2025-12-16 10:32:57.058] [INFO] System is running in Active mode
[2025-12-16 10:33:03.631] [INFO] System is running in Active mode
[2025-12-16 10:33:57.072] [INFO] System is running in Active mode
[2025-12-16 10:34:03.660] [INFO] System is running in Active mode
[2025-12-16 10:34:57.090] [INFO] System is running in Active mode
[2025-12-16 10:35:03.680] [INFO] System is running in Active mode
[2025-12-16 10:35:57.117] [INFO] System is running in Active mode
[2025-12-16 10:36:03.690] [INFO] System is running in Active mode
[2025-12-16 10:36:57.197] [INFO] System is running in Active mode
[2025-12-16 10:37:03.710] [INFO] System is running in Active mode
[2025-12-16 10:37:57.221] [INFO] System is running in Active mode
[2025-12-16 10:38:03.726] [INFO] System is running in Active mode
[2025-12-16 10:38:57.251] [INFO] System is running in Active mode
[2025-12-16 10:39:03.748] [INFO] System is running in Active mode
[2025-12-16 10:39:57.268] [INFO] System is running in Active mode
[2025-12-16 10:40:03.765] [INFO] System is running in Active mode
[2025-12-16 10:40:57.287] [INFO] System is running in Active mode
[2025-12-16 10:41:03.781] [INFO] System is running in Active mode
[2025-12-16 10:41:57.303] [INFO] System is running in Active mode
[2025-12-16 10:42:03.795] [INFO] System is running in Active mode
[2025-12-16 10:42:57.343] [INFO] System is running in Active mode
[2025-12-16 10:43:03.878] [INFO] System is running in Active mode
[2025-12-16 10:43:57.405] [INFO] System is running in Active mode
[2025-12-16 10:44:03.895] [INFO] System is running in Active mode
[2025-12-16 10:44:57.414] [INFO] System is running in Active mode
[2025-12-16 10:45:03.913] [INFO] System is running in Active mode
[2025-12-16 10:45:57.420] [INFO] System is running in Active mode
[2025-12-16 10:46:03.933] [INFO] System is running in Active mode
[2025-12-16 10:46:57.430] [INFO] System is running in Active mode
[2025-12-16 10:47:03.954] [INFO] System is running in Active mode
[2025-12-16 10:47:57.449] [INFO] System is running in Active mode
[2025-12-16 10:48:03.969] [INFO] System is running in Active mode
[2025-12-16 10:48:57.457] [INFO] System is running in Active mode
[2025-12-16 10:49:04.014] [INFO] System is running in Active mode
[2025-12-16 10:49:57.474] [INFO] System is running in Active mode
[2025-12-16 10:50:04.051] [INFO] System is running in Active mode
[2025-12-16 10:50:57.482] [INFO] System is running in Active mode
[2025-12-16 10:51:04.099] [INFO] System is running in Active mode
[2025-12-16 10:51:57.517] [INFO] System is running in Active mode
[2025-12-16 10:52:06.473] [INFO] System is running in Active mode
[2025-12-16 10:52:57.661] [INFO] System is running in Active mode
[2025-12-16 10:53:06.491] [INFO] System is running in Active mode
[2025-12-16 10:53:57.678] [INFO] System is running in Active mode
[2025-12-16 10:54:06.510] [INFO] System is running in Active mode
[2025-12-16 10:54:57.695] [INFO] System is running in Active mode
[2025-12-16 10:55:06.528] [INFO] System is running in Active mode
[2025-12-16 10:55:57.711] [INFO] System is running in Active mode
[2025-12-16 10:56:06.545] [INFO] System is running in Active mode
[2025-12-16 10:56:57.719] [INFO] System is running in Active mode
[2025-12-16 10:57:06.567] [INFO] System is running in Active mode
[2025-12-16 10:57:57.730] [INFO] System is running in Active mode
[2025-12-16 10:58:06.588] [INFO] System is running in Active mode
[2025-12-16 10:58:57.739] [INFO] System is running in Active mode
[2025-12-16 10:59:06.617] [INFO] System is running in Active mode
[2025-12-16 10:59:57.749] [INFO] System is running in Active mode
[2025-12-16 11:00:06.632] [INFO] System is running in Active mode
[2025-12-16 11:00:57.762] [INFO] System is running in Active mode
[2025-12-16 11:01:06.658] [INFO] System is running in Active mode
[2025-12-16 11:01:57.787] [INFO] System is running in Active mode
[2025-12-16 11:02:06.671] [INFO] System is running in Active mode
[2025-12-16 11:02:57.818] [INFO] System is running in Active mode
[2025-12-16 11:03:06.691] [INFO] System is running in Active mode
[2025-12-16 11:03:57.842] [INFO] System is running in Active mode
[2025-12-16 11:04:06.723] [INFO] System is running in Active mode
[2025-12-16 11:04:57.864] [INFO] System is running in Active mode
[2025-12-16 11:05:06.745] [INFO] System is running in Active mode
[2025-12-16 11:05:57.870] [INFO] System is running in Active mode
[2025-12-16 11:06:06.751] [INFO] System is running in Active mode
[2025-12-16 11:06:57.886] [INFO] System is running in Active mode
[2025-12-16 11:07:06.761] [INFO] System is running in Active mode
[2025-12-16 11:07:57.895] [INFO] System is running in Active mode
[2025-12-16 11:08:06.777] [INFO] System is running in Active mode
[2025-12-16 11:08:57.910] [INFO] System is running in Active mode
[2025-12-16 11:09:06.789] [INFO] System is running in Active mode
[2025-12-16 11:09:57.928] [INFO] System is running in Active mode
[2025-12-16 11:10:06.804] [INFO] System is running in Active mode
[2025-12-16 11:10:57.938] [INFO] System is running in Active mode
[2025-12-16 11:11:06.817] [INFO] System is running in Active mode
[2025-12-16 11:11:57.965] [INFO] System is running in Active mode
[2025-12-16 11:12:06.833] [INFO] System is running in Active mode
[2025-12-16 11:12:57.988] [INFO] System is running in Active mode
[2025-12-16 11:13:06.846] [INFO] System is running in Active mode
[2025-12-16 11:13:58.001] [INFO] System is running in Active mode
[2025-12-16 11:14:06.861] [INFO] System is running in Active mode
[2025-12-16 11:14:58.014] [INFO] System is running in Active mode
[2025-12-16 11:15:06.877] [INFO] System is running in Active mode
[2025-12-16 11:15:58.019] [INFO] System is running in Active mode
[2025-12-16 11:16:06.894] [INFO] System is running in Active mode
[2025-12-16 11:16:58.034] [INFO] System is running in Active mode
[2025-12-16 11:17:06.909] [INFO] System is running in Active mode
[2025-12-16 11:17:58.050] [INFO] System is running in Active mode
[2025-12-16 11:18:06.924] [INFO] System is running in Active mode
[2025-12-16 11:18:58.065] [INFO] System is running in Active mode
[2025-12-16 11:19:06.940] [INFO] System is running in Active mode
[2025-12-16 11:19:58.081] [INFO] System is running in Active mode
[2025-12-16 11:20:06.955] [INFO] System is running in Active mode
[2025-12-16 11:20:58.100] [INFO] System is running in Active mode
[2025-12-16 11:21:06.983] [INFO] System is running in Active mode
[2025-12-16 11:21:58.147] [INFO] System is running in Active mode
[2025-12-16 11:22:07.055] [INFO] System is running in Active mode
[2025-12-16 11:22:58.165] [INFO] System is running in Active mode
[2025-12-16 11:23:07.076] [INFO] System is running in Active mode
[2025-12-16 11:23:58.250] [INFO] System is running in Active mode
[2025-12-16 11:24:07.111] [INFO] System is running in Active mode
[2025-12-16 11:24:58.287] [INFO] System is running in Active mode
[2025-12-16 11:25:07.194] [INFO] System is running in Active mode
[2025-12-16 11:25:58.330] [INFO] System is running in Active mode
[2025-12-16 11:26:07.351] [INFO] System is running in Active mode
[2025-12-16 11:26:58.374] [INFO] System is running in Active mode
[2025-12-16 11:27:07.396] [INFO] System is running in Active mode
[2025-12-16 11:27:58.418] [INFO] System is running in Active mode
[2025-12-16 11:28:07.562] [INFO] System is running in Active mode
[2025-12-16 11:28:58.542] [INFO] System is running in Active mode
[2025-12-16 11:29:09.375] [INFO] System is running in Active mode
[2025-12-16 11:29:58.591] [INFO] System is running in Active mode
[2025-12-16 11:30:09.400] [INFO] System is running in Active mode
[2025-12-16 11:30:58.610] [INFO] System is running in Active mode
[2025-12-16 11:31:09.410] [INFO] System is running in Active mode
[2025-12-16 11:31:58.625] [INFO] System is running in Active mode
[2025-12-16 11:32:09.438] [INFO] System is running in Active mode
[2025-12-16 11:32:58.643] [INFO] System is running in Active mode
[2025-12-16 11:33:09.453] [INFO] System is running in Active mode
[2025-12-16 11:33:58.655] [INFO] System is running in Active mode
[2025-12-16 11:34:09.466] [INFO] System is running in Active mode
[2025-12-16 11:34:58.689] [INFO] System is running in Active mode
[2025-12-16 11:35:09.480] [INFO] System is running in Active mode
[2025-12-16 11:35:58.701] [INFO] System is running in Active mode
[2025-12-16 11:36:09.502] [INFO] System is running in Active mode
[2025-12-16 11:36:58.716] [INFO] System is running in Active mode
[2025-12-16 11:37:09.528] [INFO] System is running in Active mode
[2025-12-16 11:37:58.734] [INFO] System is running in Active mode
[2025-12-16 11:38:09.557] [INFO] System is running in Active mode
[2025-12-16 11:38:58.752] [INFO] System is running in Active mode
[2025-12-16 11:39:09.576] [INFO] System is running in Active mode
[2025-12-16 11:39:58.767] [INFO] System is running in Active mode
[2025-12-16 11:40:09.587] [INFO] System is running in Active mode
[2025-12-16 11:40:58.787] [INFO] System is running in Active mode
[2025-12-16 11:41:09.605] [INFO] System is running in Active mode
[2025-12-16 11:41:58.806] [INFO] System is running in Active mode
[2025-12-16 11:42:09.626] [INFO] System is running in Active mode
[2025-12-16 11:42:58.818] [INFO] System is running in Active mode
[2025-12-16 11:43:09.633] [INFO] System is running in Active mode
[2025-12-16 11:43:58.826] [INFO] System is running in Active mode
[2025-12-16 11:44:09.650] [INFO] System is running in Active mode
[2025-12-16 11:44:58.842] [INFO] System is running in Active mode
[2025-12-16 11:45:09.664] [INFO] System is running in Active mode
[2025-12-16 11:45:58.864] [INFO] System is running in Active mode
[2025-12-16 11:46:09.675] [INFO] System is running in Active mode
[2025-12-16 11:46:58.948] [INFO] System is running in Active mode
[2025-12-16 11:47:09.695] [INFO] System is running in Active mode
[2025-12-16 11:47:58.978] [INFO] System is running in Active mode
[2025-12-16 11:48:09.717] [INFO] System is running in Active mode
[2025-12-16 11:48:58.996] [INFO] System is running in Active mode
[2025-12-16 11:49:09.731] [INFO] System is running in Active mode
[2025-12-16 11:49:59.010] [INFO] System is running in Active mode
[2025-12-16 11:50:09.744] [INFO] System is running in Active mode
[2025-12-16 11:50:59.028] [INFO] System is running in Active mode
[2025-12-16 11:51:09.770] [INFO] System is running in Active mode
[2025-12-16 11:51:59.037] [INFO] System is running in Active mode
[2025-12-16 11:52:09.841] [INFO] System is running in Active mode
[2025-12-16 11:52:59.059] [INFO] System is running in Active mode
[2025-12-16 11:53:09.871] [INFO] System is running in Active mode
[2025-12-16 11:53:59.070] [INFO] System is running in Active mode
[2025-12-16 11:54:09.880] [INFO] System is running in Active mode
[2025-12-16 11:54:59.080] [INFO] System is running in Active mode
[2025-12-16 11:55:09.885] [INFO] System is running in Active mode
[2025-12-16 11:55:59.101] [INFO] System is running in Active mode
[2025-12-16 11:56:09.899] [INFO] System is running in Active mode
[2025-12-16 11:56:59.121] [INFO] System is running in Active mode
[2025-12-16 11:57:09.933] [INFO] System is running in Active mode
[2025-12-16 11:57:59.147] [INFO] System is running in Active mode
[2025-12-16 11:58:09.952] [INFO] System is running in Active mode
[2025-12-16 11:58:59.168] [INFO] System is running in Active mode
[2025-12-16 11:59:09.961] [INFO] System is running in Active mode
[2025-12-16 11:59:59.181] [INFO] System is running in Active mode
[2025-12-16 12:00:09.982] [INFO] System is running in Active mode
[2025-12-16 12:00:59.191] [INFO] System is running in Active mode
[2025-12-16 12:01:10.033] [INFO] System is running in Active mode
[2025-12-16 12:01:59.201] [INFO] System is running in Active mode
[2025-12-16 12:02:10.067] [INFO] System is running in Active mode
[2025-12-16 12:02:59.223] [INFO] System is running in Active mode
[2025-12-16 12:03:10.086] [INFO] System is running in Active mode
[2025-12-16 12:03:59.241] [INFO] System is running in Active mode
[2025-12-16 12:04:10.100] [INFO] System is running in Active mode
[2025-12-16 12:04:59.250] [INFO] System is running in Active mode
[2025-12-16 12:05:10.120] [INFO] System is running in Active mode
[2025-12-16 12:05:59.269] [INFO] System is running in Active mode
[2025-12-16 12:06:10.185] [INFO] System is running in Active mode
[2025-12-16 12:06:59.282] [INFO] System is running in Active mode
[2025-12-16 12:07:10.257] [INFO] System is running in Active mode
[2025-12-16 12:07:59.295] [INFO] System is running in Active mode
[2025-12-16 12:08:10.278] [INFO] System is running in Active mode
[2025-12-16 12:08:59.314] [INFO] System is running in Active mode
[2025-12-16 12:09:10.294] [INFO] System is running in Active mode
[2025-12-16 12:09:59.319] [INFO] System is running in Active mode
[2025-12-16 12:10:10.304] [INFO] System is running in Active mode
[2025-12-16 12:10:59.336] [INFO] System is running in Active mode
[2025-12-16 12:11:10.330] [INFO] System is running in Active mode
[2025-12-16 12:11:59.350] [INFO] System is running in Active mode
[2025-12-16 12:12:10.344] [INFO] System is running in Active mode
[2025-12-16 12:12:59.363] [INFO] System is running in Active mode
[2025-12-16 12:13:10.349] [INFO] System is running in Active mode
[2025-12-16 12:13:59.369] [INFO] System is running in Active mode
[2025-12-16 12:14:10.362] [INFO] System is running in Active mode
